<?xml version="1.0" encoding="UTF-8"?>
<odoo>

    <record id="aeat_mod303_activity_code_4t_0" model="l10n.es.aeat.mod303.report.activity.code">
        <field name="name">0 - Sin epígrafe</field>
        <field name="period_type">4T</field>
        <field name="code" eval="0"/>
    </record>
    <record id="aeat_mod303_activity_code_4t_1a" model="l10n.es.aeat.mod303.report.activity.code">
        <field name="name">1 - Epígrafes correspondientes a: Actividades en régimen simplificado excepto las agrícolas, ganaderas y pesqueras (AGP)</field>
        <field name="period_type">4T</field>
        <field name="code" eval="1"/>
    </record>
    <record id="aeat_mod303_activity_code_4t_1b" model="l10n.es.aeat.mod303.report.activity.code">
        <field name="name">1 - Epígrafes correspondientes a: Actividades AGP con IAE</field>
        <field name="period_type">4T</field>
        <field name="code" eval="1"/>
    </record>
    <record id="aeat_mod303_activity_code_4t_3a" model="l10n.es.aeat.mod303.report.activity.code">
        <field name="name">3 - Epígrafe 861.1 correspondiente a: Alquiler de viviendas</field>
        <field name="period_type">4T</field>
        <field name="code" eval="3"/>
    </record>
    <record id="aeat_mod303_activity_code_4t_3b" model="l10n.es.aeat.mod303.report.activity.code">
        <field name="name">3 - Epígrafe 861.2 correspondiente a: Alquiler de locales industriales</field>
        <field name="period_type">4T</field>
        <field name="code" eval="3"/>
    </record>
    <record id="aeat_mod303_activity_code_4t_4" model="l10n.es.aeat.mod303.report.activity.code">
        <field name="name">4 - Sin epígrafe, correspondiente a: Actividades AGP, no sujetas al IAE</field>
        <field name="period_type">4T</field>
        <field name="code" eval="4"/>
    </record>

    <record id="aeat_mod303_activity_code_12_0" model="l10n.es.aeat.mod303.report.activity.code">
        <field name="name">0 - Sin Epígrafe</field>
        <field name="period_type">12</field>
        <field name="code" eval="0"/>
    </record>
    <record id="aeat_mod303_activity_code_12_1" model="l10n.es.aeat.mod303.report.activity.code">
        <field name="name">1 - Epígrafes correspondientes a: Actividades empresariales sujetas al IAE</field>
        <field name="period_type">12</field>
        <field name="code" eval="1"/>
    </record>
    <record id="aeat_mod303_activity_code_12_2a" model="l10n.es.aeat.mod303.report.activity.code">
        <field name="name">2 - Epígrafes correspondientes a: Actividades profesionales sujetas al IAE</field>
        <field name="period_type">12</field>
        <field name="code" eval="2"/>
    </record>
    <record id="aeat_mod303_activity_code_12_2b" model="l10n.es.aeat.mod303.report.activity.code">
        <field name="name">2 - Epígrafes correspondientes a: Actividades artísticas sujetas al IAE</field>
        <field name="period_type">12</field>
        <field name="code" eval="2"/>
    </record>
    <record id="aeat_mod303_activity_code_12_3a" model="l10n.es.aeat.mod303.report.activity.code">
        <field name="name">3 - Epígrafe 861.1 correspondiente a: Alquiler de viviendas</field>
        <field name="period_type">12</field>
        <field name="code" eval="3"/>
    </record>
    <record id="aeat_mod303_activity_code_12_3b" model="l10n.es.aeat.mod303.report.activity.code">
        <field name="name">3 - Epígrafe 861.2 correspondiente a: Alquiler de locales industriales</field>
        <field name="period_type">12</field>
        <field name="code" eval="3"/>
    </record>
    <record id="aeat_mod303_activity_code_12_3c" model="l10n.es.aeat.mod303.report.activity.code">
        <field name="name">3 - Epígrafe 862 correspondiente a: Alquiler de inmuebles rústicos</field>
        <field name="period_type">12</field>
        <field name="code" eval="3"/>
    </record>
    <record id="aeat_mod303_activity_code_12_4" model="l10n.es.aeat.mod303.report.activity.code">
        <field name="name">4 - Sin epígrafe, correspondiente a: Actividades agrícolas, ganaderas, forestales o pesqueras, no sujetas al IAE</field>
        <field name="period_type">12</field>
        <field name="code" eval="4"/>
    </record>
    <record id="aeat_mod303_activity_code_12_5" model="l10n.es.aeat.mod303.report.activity.code">
        <field name="name">5 - Sin epígrafe, correspondiente a: Sujetos pasivos sin actividad</field>
        <field name="period_type">12</field>
        <field name="code" eval="5"/>
    </record>
    <record id="aeat_mod303_activity_code_12_6" model="l10n.es.aeat.mod303.report.activity.code">
        <field name="name">6 - Sin epígrafe, correspondiente a: Otras actividades no sujetas al IAE</field>
        <field name="period_type">12</field>
        <field name="code" eval="6"/>
    </record>

</odoo>
