<?xml version="1.0" encoding="utf-8"?>
<odoo>

<record id="producto_dua_valoracion_21" model="product.product">
    <field name="uom_id" ref="product.product_uom_unit"/>
    <field name="uom_po_id" ref="product.product_uom_unit"/>
    <field name="supplier_taxes_id" eval="False"/>
    <field name="taxes_id" eval="False"/>
    <field name="name">DUA Valoración IVA 21%</field>
    <field name="categ_id" ref="product.product_category_all"/>
    <field name="type">service</field>
    <field name="sale_ok" eval="False"/>
    <field name="purchase_ok" eval="True"/>
</record>
<record id="producto_dua_valoracion_10" model="product.product">
    <field name="uom_id" ref="product.product_uom_unit"/>
    <field name="uom_po_id" ref="product.product_uom_unit"/>
    <field name="supplier_taxes_id" eval="False"/>
    <field name="taxes_id" eval="False"/>
    <field name="name">DUA Valoración IVA 10%</field>
    <field name="categ_id" ref="product.product_category_all"/>
    <field name="type">service</field>
    <field name="sale_ok" eval="False"/>
    <field name="purchase_ok" eval="True"/>
</record>
<record id="producto_dua_valoracion_4" model="product.product">
    <field name="uom_id" ref="product.product_uom_unit"/>
    <field name="uom_po_id" ref="product.product_uom_unit"/>
    <field name="supplier_taxes_id" eval="False"/>
    <field name="taxes_id" eval="False"/>
    <field name="name">DUA Valoración IVA 4%</field>
    <field name="categ_id" ref="product.product_category_all"/>
    <field name="type">service</field>
    <field name="sale_ok" eval="False"/>
    <field name="purchase_ok" eval="True"/>
</record>
<record id="producto_dua_compensacion" model="product.product">
    <field name="uom_id" ref="product.product_uom_unit"/>
    <field name="uom_po_id" ref="product.product_uom_unit"/>
    <field name="supplier_taxes_id" eval="False"/>
    <field name="taxes_id" eval="False"/>
    <field name="name">DUA Compensación</field>
    <field name="categ_id" ref="product.product_category_all"/>
    <field name="type">service</field>
    <field name="sale_ok" eval="False"/>
    <field name="purchase_ok" eval="True"/>
</record>

</odoo>
