<?xml version="1.0" encoding="UTF-8"?>
<odoo>

    <!--  SUB-130  -->
    <record id="aeat_mod130_sub_export_config" model="aeat.model.export.config">
        <field name="name">Mod. 130 2015-actualidad - Página</field>
        <field name="model_number">130</field>
        <field name="active" eval="False"/>
    </record>

    <record id="aeat_mod130_sub_export_line_01" model="aeat.model.export.config.line">
        <field name="sequence">1</field>
        <field name="export_config_id" ref="aeat_mod130_sub_export_config"/>
        <field name="name">Inicio del identificador de modelo y página</field>
        <field name="fixed_value">&lt;T</field>
        <field name="export_type">string</field>
        <field name="size">2</field>
        <field name="alignment">left</field>
    </record>

    <record id="aeat_mod130_sub_export_line_02" model="aeat.model.export.config.line">
        <field name="sequence">2</field>
        <field name="export_config_id" ref="aeat_mod130_sub_export_config"/>
        <field name="name">Modelo</field>
        <field name="fixed_value">130</field>
        <field name="export_type">string</field>
        <field name="size">3</field>
        <field name="alignment">left</field>
    </record>

    <record id="aeat_mod130_sub_export_line_03" model="aeat.model.export.config.line">
        <field name="sequence">3</field>
        <field name="export_config_id" ref="aeat_mod130_sub_export_config"/>
        <field name="name">Página</field>
        <field name="fixed_value">01</field>
        <field name="export_type">string</field>
        <field name="size">2</field>
        <field name="alignment">left</field>
    </record>

    <record id="aeat_mod130_sub_export_line_04" model="aeat.model.export.config.line">
        <field name="sequence">4</field>
        <field name="export_config_id" ref="aeat_mod130_sub_export_config"/>
        <field name="name">Fin de identificador de modelo</field>
        <field name="fixed_value">000&gt;</field>
        <field name="export_type">string</field>
        <field name="size">4</field>
        <field name="alignment">left</field>
    </record>

    <record id="aeat_mod130_sub_export_line_05" model="aeat.model.export.config.line">
        <field name="sequence">5</field>
        <field name="export_config_id" ref="aeat_mod130_sub_export_config"/>
        <field name="name">Indicador de página complementaria: En blanco</field>
        <field name="fixed_value"/>
        <field name="export_type">string</field>
        <field name="size">1</field>
        <field name="alignment">left</field>
    </record>

    <record id="aeat_mod130_sub_export_line_06" model="aeat.model.export.config.line">
        <field name="sequence">6</field>
        <field name="export_config_id" ref="aeat_mod130_sub_export_config"/>
        <field name="name">Tipo de declaración</field>
        <field name="expression">${object.tipo_declaracion}</field>
        <field name="export_type">string</field>
        <field name="size">1</field>
        <field name="alignment">left</field>
    </record>

    <record id="aeat_mod130_sub_export_line_07" model="aeat.model.export.config.line">
        <field name="sequence">7</field>
        <field name="export_config_id" ref="aeat_mod130_sub_export_config"/>
        <field name="name">Declarante (1). Sujeto pasivo. NIF</field>
        <field name="expression">${object.company_vat}</field>
        <field name="export_type">string</field>
        <field name="size">9</field>
        <field name="alignment">left</field>
    </record>

    <record id="aeat_mod130_sub_export_line_08" model="aeat.model.export.config.line">
        <field name="sequence">8</field>
        <field name="export_config_id" ref="aeat_mod130_sub_export_config"/>
        <field name="name">Declarante (1). Sujeto pasivo. Apellidos</field>
        <field name="expression">${object.company_id.name}</field>
        <field name="export_type">string</field>
        <field name="size">60</field>
        <field name="alignment">left</field>
    </record>

    <record id="aeat_mod130_sub_export_line_09" model="aeat.model.export.config.line">
        <field name="sequence">9</field>
        <field name="export_config_id" ref="aeat_mod130_sub_export_config"/>
        <field name="name">Declarante (1). Sujeto pasivo. Nombre</field>
        <field name="expression">${object.company_id.name if object.company_vat[0].isdigit() else ''}</field>
        <field name="export_type">string</field>
        <field name="size">20</field>
        <field name="alignment">left</field>
    </record>

    <record id="aeat_mod130_sub_export_line_10" model="aeat.model.export.config.line">
        <field name="sequence">10</field>
        <field name="export_config_id" ref="aeat_mod130_sub_export_config"/>
        <field name="name">Devengo (2). Ejercicio</field>
        <field name="expression">${object.year}</field>
        <field name="export_type">string</field>
        <field name="size">4</field>
        <field name="alignment">left</field>
    </record>

    <record id="aeat_mod130_sub_export_line_11" model="aeat.model.export.config.line">
        <field name="sequence">11</field>
        <field name="export_config_id" ref="aeat_mod130_sub_export_config"/>
        <field name="name">Devengo (2). Periodo</field>
        <field name="expression">${object.period_type}</field>
        <field name="export_type">string</field>
        <field name="size">2</field>
        <field name="alignment">left</field>
    </record>

    <record id="aeat_mod130_sub_export_line_12" model="aeat.model.export.config.line">
        <field name="sequence">12</field>
        <field name="export_config_id" ref="aeat_mod130_sub_export_config"/>
        <field name="name">Liquidación (3). I. Actividades econ. Estim. Directa - [01] Ingresos computables correspondientes al conjunto …</field>
        <field name="expression">${object.casilla_01}</field>
        <field name="export_type">float</field>
        <field name="size">17</field>
        <field name="decimal_size">2</field>
        <field name="alignment">right</field>
    </record>

    <record id="aeat_mod130_sub_export_line_13" model="aeat.model.export.config.line">
        <field name="sequence">13</field>
        <field name="export_config_id" ref="aeat_mod130_sub_export_config"/>
        <field name="name">Liquidación (3). I. Actividades econ. Estim. Directa - [02] Gastos fiscalmente deducibles (…)</field>
        <field name="expression">${object.casilla_02}</field>
        <field name="export_type">float</field>
        <field name="size">17</field>
        <field name="decimal_size">2</field>
        <field name="alignment">right</field>
    </record>

    <record id="aeat_mod130_sub_export_line_14" model="aeat.model.export.config.line">
        <field name="sequence">14</field>
        <field name="export_config_id" ref="aeat_mod130_sub_export_config"/>
        <field name="name">Liquidación (3). I. Actividades econ. Estim. Directa - [03 ]Rendimiento neto ([01] - [02]).</field>
        <field name="expression">${object.casilla_03}</field>
        <field name="export_type">float</field>
        <field name="apply_sign" eval="True"/>
        <field name="size">17</field>
        <field name="decimal_size">2</field>
        <field name="alignment">right</field>
    </record>

    <record id="aeat_mod130_sub_export_line_15" model="aeat.model.export.config.line">
        <field name="sequence">15</field>
        <field name="export_config_id" ref="aeat_mod130_sub_export_config"/>
        <field name="name">Liquidación (3). I. Actividades econ. Estim. Directa - [04] 20 por 100 del importe de la casilla [03].</field>
        <field name="expression">${object.casilla_04}</field>
        <field name="export_type">float</field>
        <field name="size">17</field>
        <field name="decimal_size">2</field>
        <field name="alignment">right</field>
    </record>

    <record id="aeat_mod130_sub_export_line_16" model="aeat.model.export.config.line">
        <field name="sequence">16</field>
        <field name="export_config_id" ref="aeat_mod130_sub_export_config"/>
        <field name="name">Liquidación (3). I. Actividades econ. Estim. Directa - [05] A deducir : De los trim. anteriores, suma de los importes (…)</field>
        <field name="expression">${object.casilla_05}</field>
        <field name="export_type">float</field>
        <field name="size">17</field>
        <field name="decimal_size">2</field>
        <field name="alignment">right</field>
    </record>

    <record id="aeat_mod130_sub_export_line_17" model="aeat.model.export.config.line">
        <field name="sequence">17</field>
        <field name="export_config_id" ref="aeat_mod130_sub_export_config"/>
        <field name="name">Liquidación (3). I. Actividades econ. Estim. Directa - [06] A deducir: Retenciones e ingresos a cta. soportados (…)</field>
        <field name="expression">${object.casilla_06}</field>
        <field name="export_type">float</field>
        <field name="size">17</field>
        <field name="decimal_size">2</field>
        <field name="alignment">right</field>
    </record>

    <record id="aeat_mod130_sub_export_line_18" model="aeat.model.export.config.line">
        <field name="sequence">18</field>
        <field name="export_config_id" ref="aeat_mod130_sub_export_config"/>
        <field name="name">Liquidación (3). I. Actividades econ. Estim. Directa - [07] Pago fraccionado previo del trimestre ([04]-[05]-[06])</field>
        <field name="expression">${object.casilla_07}</field>
        <field name="export_type">float</field>
        <field name="apply_sign" eval="True"/>
        <field name="size">17</field>
        <field name="decimal_size">2</field>
        <field name="alignment">right</field>
    </record>

    <record id="aeat_mod130_sub_export_line_19" model="aeat.model.export.config.line">
        <field name="sequence">19</field>
        <field name="export_config_id" ref="aeat_mod130_sub_export_config"/>
        <field name="name">Liquidación (3). II. Actividades agrícolas, ganaderas, etc. - [08] Volumen de ingresos del trimestre (…)</field>
        <field name="expression">${object.casilla_08}</field>
        <field name="export_type">float</field>
        <field name="size">17</field>
        <field name="decimal_size">2</field>
        <field name="alignment">right</field>
    </record>

    <record id="aeat_mod130_sub_export_line_20" model="aeat.model.export.config.line">
        <field name="sequence">20</field>
        <field name="export_config_id" ref="aeat_mod130_sub_export_config"/>
        <field name="name">Liquidación (3). II. Actividades agrícolas, ganaderas, etc. - [09] 2 por 100 del importe de la casilla [08]</field>
        <field name="expression">${object.casilla_09}</field>
        <field name="export_type">float</field>
        <field name="size">17</field>
        <field name="decimal_size">2</field>
        <field name="alignment">right</field>
    </record>

    <record id="aeat_mod130_sub_export_line_21" model="aeat.model.export.config.line">
        <field name="sequence">21</field>
        <field name="export_config_id" ref="aeat_mod130_sub_export_config"/>
        <field name="name">Liquidación (3). II. Actividades agrícolas, ganaderas, etc. - [10] A deducir: Retenciones e Ingresos a cuenta (…)</field>
        <field name="expression">${object.casilla_10}</field>
        <field name="export_type">float</field>
        <field name="size">17</field>
        <field name="decimal_size">2</field>
        <field name="alignment">right</field>
    </record>

    <record id="aeat_mod130_sub_export_line_22" model="aeat.model.export.config.line">
        <field name="sequence">22</field>
        <field name="export_config_id" ref="aeat_mod130_sub_export_config"/>
        <field name="name">Liquidación (3). II. Actividades agrícolas, ganaderas, etc. - [11] Pago fraccionado previo del trimestre (…) ([09]-[10])</field>
        <field name="expression">${object.casilla_11}</field>
        <field name="export_type">float</field>
        <field name="apply_sign" eval="True"/>
        <field name="size">17</field>
        <field name="decimal_size">2</field>
        <field name="alignment">right</field>
    </record>

    <record id="aeat_mod130_sub_export_line_23" model="aeat.model.export.config.line">
        <field name="sequence">23</field>
        <field name="export_config_id" ref="aeat_mod130_sub_export_config"/>
        <field name="name">Liquidación (3). III. Total Liquidación - [12] Suma de pagos fraccionados del trimestre ([07]+[11])</field>
        <field name="expression">${object.casilla_12}</field>
        <field name="export_type">float</field>
        <field name="size">17</field>
        <field name="decimal_size">2</field>
        <field name="alignment">right</field>
    </record>

    <record id="aeat_mod130_sub_export_line_24" model="aeat.model.export.config.line">
        <field name="sequence">24</field>
        <field name="export_config_id" ref="aeat_mod130_sub_export_config"/>
        <field name="name">Liquidación (3). III. Total Liquidación - [13] A deducir: Minorac. por aplic. de la deducc. art. 110,3 del Reglam. del Impto.</field>
        <field name="expression">${object.casilla_13}</field>
        <field name="export_type">float</field>
        <field name="apply_sign" eval="True"/>
        <field name="size">17</field>
        <field name="decimal_size">2</field>
        <field name="alignment">right</field>
    </record>

    <record id="aeat_mod130_sub_export_line_25" model="aeat.model.export.config.line">
        <field name="sequence">25</field>
        <field name="export_config_id" ref="aeat_mod130_sub_export_config"/>
        <field name="name">Liquidación (3). III. Total Liquidación - [14] Diferencia ([12]-[13])</field>
        <field name="expression">${object.casilla_14}</field>
        <field name="export_type">float</field>
        <field name="size">17</field>
        <field name="decimal_size">2</field>
        <field name="alignment">right</field>
    </record>

    <record id="aeat_mod130_sub_export_line_26" model="aeat.model.export.config.line">
        <field name="sequence">26</field>
        <field name="export_config_id" ref="aeat_mod130_sub_export_config"/>
        <field name="name">Liquidación (3). III. Total Liquidación - [15] A deducir: Resultados negativos ejercicios anteriores</field>
        <field name="expression">${object.casilla_15}</field>
        <field name="export_type">float</field>
        <field name="size">17</field>
        <field name="decimal_size">2</field>
        <field name="alignment">right</field>
    </record>

    <record id="aeat_mod130_sub_export_line_27" model="aeat.model.export.config.line">
        <field name="sequence">27</field>
        <field name="export_config_id" ref="aeat_mod130_sub_export_config"/>
        <field name="name">Liquidación (3). III. Total Liquidación - [16] A deducir: cantidades al pago adquis. o rehab. vivienda habitual (…)</field>
        <field name="expression">${object.casilla_16}</field>
        <field name="export_type">float</field>
        <field name="size">17</field>
        <field name="decimal_size">2</field>
        <field name="alignment">right</field>
    </record>

    <record id="aeat_mod130_sub_export_line_28" model="aeat.model.export.config.line">
        <field name="sequence">28</field>
        <field name="export_config_id" ref="aeat_mod130_sub_export_config"/>
        <field name="name">Liquidación (3). III. Total Liquidación - [17] Total ([14]-[15]-[16])</field>
        <field name="expression">${object.casilla_17}</field>
        <field name="export_type">float</field>
        <field name="apply_sign" eval="True"/>
        <field name="size">17</field>
        <field name="decimal_size">2</field>
        <field name="alignment">right</field>
    </record>

    <record id="aeat_mod130_sub_export_line_29" model="aeat.model.export.config.line">
        <field name="sequence">29</field>
        <field name="export_config_id" ref="aeat_mod130_sub_export_config"/>
        <field name="name">Liquidación (3). III. Total Liquidación - [18] A deducir (exclus. complementaria) Resultado anteriores liquidaciones (…)</field>
        <field name="expression">${object.casilla_18}</field>
        <field name="export_type">float</field>
        <field name="size">17</field>
        <field name="decimal_size">2</field>
        <field name="alignment">right</field>
    </record>

    <record id="aeat_mod130_sub_export_line_30" model="aeat.model.export.config.line">
        <field name="sequence">30</field>
        <field name="export_config_id" ref="aeat_mod130_sub_export_config"/>
        <field name="name">Liquidación (3). III. Total Liquidación - [19] Resultado de la autoliquidación ([17]-[18])</field>
        <field name="expression">${object.casilla_13}</field>
        <field name="export_type">float</field>
        <field name="apply_sign" eval="True"/>
        <field name="size">17</field>
        <field name="decimal_size">2</field>
        <field name="alignment">right</field>
    </record>

    <record id="aeat_mod130_sub_export_line_31" model="aeat.model.export.config.line">
        <field name="sequence">31</field>
        <field name="export_config_id" ref="aeat_mod130_sub_export_config"/>
        <field name="name">Declaración complementaria</field>
        <field name="expression">${object.type == 'C'}</field>
        <field name="export_type">boolean</field>
        <field name="size">1</field>
        <field name="bool_yes">X</field>
        <field name="bool_no"> </field>
        <field name="alignment">left</field>
    </record>

    <record id="aeat_mod130_sub_export_line_32" model="aeat.model.export.config.line">
        <field name="sequence">32</field>
        <field name="export_config_id" ref="aeat_mod130_sub_export_config"/>
        <field name="name">Número de justificante de la declaración anterior</field>
        <field name="expression">${object.previous_number if object.type == 'C' else ''}</field>
        <field name="export_type">string</field>
        <field name="size">13</field>
        <field name="alignment">left</field>
    </record>

    <record id="aeat_mod130_sub_export_line_33" model="aeat.model.export.config.line">
        <field name="sequence">33</field>
        <field name="export_config_id" ref="aeat_mod130_sub_export_config"/>
        <field name="name">Domiciliación IBAN</field>
        <field name="expression">${object.partner_bank_id and object.partner_bank_id.acc_number and object.partner_bank_id.acc_number.replace(" ", "") or ""}</field>
        <field name="export_type">string</field>
        <field name="size">34</field>
        <field name="alignment">left</field>
    </record>

    <record id="aeat_mod130_sub_export_line_34" model="aeat.model.export.config.line">
        <field name="sequence">34</field>
        <field name="export_config_id" ref="aeat_mod130_sub_export_config"/>
        <field name="name">Reservado AEAT</field>
        <field name="fixed_value"/>
        <field name="export_type">string</field>
        <field name="size">96</field>
        <field name="alignment">left</field>
    </record>

    <record id="aeat_mod130_sub_export_line_35" model="aeat.model.export.config.line">
        <field name="sequence">35</field>
        <field name="export_config_id" ref="aeat_mod130_sub_export_config"/>
        <field name="name">Reservado para la Administración. Sello electronico</field>
        <field name="fixed_value"/>
        <field name="export_type">string</field>
        <field name="size">13</field>
        <field name="alignment">left</field>
    </record>

    <record id="aeat_mod130_sub_export_line_36" model="aeat.model.export.config.line">
        <field name="sequence">36</field>
        <field name="export_config_id" ref="aeat_mod130_sub_export_config"/>
        <field name="name">Indicador de fin de registro</field>
        <field name="fixed_value">&lt;/T13001000&gt;</field>
        <field name="export_type">string</field>
        <field name="size">12</field>
        <field name="alignment">left</field>
    </record>

    <!--  MAIN-130  -->
    <record id="aeat_mod130_export_config" model="aeat.model.export.config">
        <field name="name">Mod. 130 2015-actualidad</field>
        <field name="model_number">130</field>
        <field name="model_id" ref="l10n_es_aeat_mod130.model_l10n_es_aeat_mod130_report"/>
        <field name="date_start">2015-01-01</field>
        <field name="active" eval="True"/>
    </record>

    <record id="aeat_mod130_export_line_01" model="aeat.model.export.config.line">
        <field name="sequence">1</field>
        <field name="export_config_id" ref="aeat_mod130_export_config"/>
        <field name="name">Constante: &lt;T</field>
        <field name="fixed_value">&lt;T</field>
        <field name="export_type">string</field>
        <field name="size">2</field>
        <field name="alignment">left</field>
    </record>

    <record id="aeat_mod130_export_line_02" model="aeat.model.export.config.line">
        <field name="sequence">2</field>
        <field name="export_config_id" ref="aeat_mod130_export_config"/>
        <field name="name">Modelo</field>
        <field name="fixed_value">130</field>
        <field name="export_type">string</field>
        <field name="size">3</field>
        <field name="alignment">left</field>
    </record>

    <record id="aeat_mod130_export_line_03" model="aeat.model.export.config.line">
        <field name="sequence">3</field>
        <field name="export_config_id" ref="aeat_mod130_export_config"/>
        <field name="name">Constante: 0</field>
        <field name="fixed_value">0</field>
        <field name="export_type">string</field>
        <field name="size">1</field>
        <field name="alignment">left</field>
    </record>

    <record id="aeat_mod130_export_line_04" model="aeat.model.export.config.line">
        <field name="sequence">4</field>
        <field name="export_config_id" ref="aeat_mod130_export_config"/>
        <field name="name">Ejercicio devengo: AAAA</field>
        <field name="expression">${object.year}</field>
        <field name="export_type">string</field>
        <field name="size">4</field>
        <field name="alignment">left</field>
    </record>

    <record id="aeat_mod130_export_line_05" model="aeat.model.export.config.line">
        <field name="sequence">5</field>
        <field name="export_config_id" ref="aeat_mod130_export_config"/>
        <field name="name">Período. (PP)</field>
        <field name="expression">${object.period_type}</field>
        <field name="export_type">string</field>
        <field name="size">2</field>
        <field name="alignment">left</field>
    </record>

    <record id="aeat_mod130_export_line_06" model="aeat.model.export.config.line">
        <field name="sequence">6</field>
        <field name="export_config_id" ref="aeat_mod130_export_config"/>
        <field name="name">Constante: 0000&gt;</field>
        <field name="fixed_value">0000&gt;</field>
        <field name="export_type">string</field>
        <field name="size">5</field>
        <field name="alignment">left</field>
    </record>

    <record id="aeat_mod130_export_line_07" model="aeat.model.export.config.line">
        <field name="sequence">7</field>
        <field name="export_config_id" ref="aeat_mod130_export_config"/>
        <field name="name">Constante</field>
        <field name="fixed_value">&lt;AUX&gt;</field>
        <field name="export_type">string</field>
        <field name="size">5</field>
        <field name="alignment">left</field>
    </record>

    <record id="aeat_mod130_export_line_08" model="aeat.model.export.config.line">
        <field name="sequence">8</field>
        <field name="export_config_id" ref="aeat_mod130_export_config"/>
        <field name="name">Reservado para la Administración: Rellenar con blancos</field>
        <field name="fixed_value"/>
        <field name="export_type">string</field>
        <field name="size">70</field>
        <field name="alignment">left</field>
    </record>

    <record id="aeat_mod130_export_line_9" model="aeat.model.export.config.line">
        <field name="sequence">9</field>
        <field name="export_config_id" ref="aeat_mod130_export_config"/>
        <field name="name">Versión del Programa</field>
        <field name="fixed_value">odoo</field>
        <field name="export_type">string</field>
        <field name="size">4</field>
        <field name="alignment">left</field>
    </record>

    <record id="aeat_mod130_export_line_10" model="aeat.model.export.config.line">
        <field name="sequence">10</field>
        <field name="export_config_id" ref="aeat_mod130_export_config"/>
        <field name="name">Reservado para la Administración: Rellenar con blancos</field>
        <field name="fixed_value"/>
        <field name="export_type">string</field>
        <field name="size">4</field>
        <field name="alignment">left</field>
    </record>

    <record id="aeat_mod130_export_line_11" model="aeat.model.export.config.line">
        <field name="sequence">11</field>
        <field name="export_config_id" ref="aeat_mod130_export_config"/>
        <field name="name">NIF Empresa Desarrollo</field>
        <field name="fixed_value">G87846952</field>
        <field name="export_type">string</field>
        <field name="size">9</field>
        <field name="alignment">left</field>
    </record>

    <record id="aeat_mod130_export_line_12" model="aeat.model.export.config.line">
        <field name="sequence">12</field>
        <field name="export_config_id" ref="aeat_mod130_export_config"/>
        <field name="name">Reservado para la Administración: Rellenar con blancos</field>
        <field name="fixed_value"/>
        <field name="export_type">string</field>
        <field name="size">213</field>
        <field name="alignment">left</field>
    </record>

    <record id="aeat_mod130_export_line_13" model="aeat.model.export.config.line">
        <field name="sequence">13</field>
        <field name="export_config_id" ref="aeat_mod130_export_config"/>
        <field name="name">Constante: &lt;/AUX&gt;</field>
        <field name="fixed_value">&lt;/AUX&gt;</field>
        <field name="export_type">string</field>
        <field name="size">6</field>
        <field name="alignment">left</field>
    </record>

    <record id="aeat_mod130_export_line_14" model="aeat.model.export.config.line">
        <field name="sequence">14</field>
        <field name="export_config_id" ref="aeat_mod130_export_config"/>
        <field name="name">Página</field>
        <field name="conditional_expression">True</field>
        <field name="subconfig_id" ref="aeat_mod130_sub_export_config"/>
        <field name="export_type">subconfig</field>
    </record>

    <record id="aeat_mod130_export_line_15" model="aeat.model.export.config.line">
        <field name="sequence">15</field>
        <field name="export_config_id" ref="aeat_mod130_export_config"/>
        <field name="name">Constante. &lt;/T1300+Ejercicio+periodo+0000&gt;</field>
        <field name="expression">&lt;/T1300${object.year}${object.period_type}0000&gt;</field>
        <field name="export_type">string</field>
        <field name="size">18</field>
        <field name="alignment">left</field>
    </record>

    <record id="aeat_mod130_export_line_16" model="aeat.model.export.config.line">
        <field name="sequence">16</field>
        <field name="export_config_id" ref="aeat_mod130_export_config"/>
        <field name="name">Fin de Registro. Constante CRLF (Hexadecimal 0D0A, Decimal 1310)</field>
        <field name="expression">"\r\n".encode("ascii")</field>
        <field name="export_type">string</field>
        <field name="size">2</field>
        <field name="alignment">left</field>
    </record>

</odoo>
