<?xml version="1.0" encoding="utf-8"?>
<!-- Copyright 2020 Tecnativa - Pedro M. Baeza
     License AGPL-3.0 or later (http://www.gnu.org/licenses/agpl). -->
<odoo>

    <record id="aeat_115_company_rule" model="ir.rule">
        <field name="name">AEAT 115 multi-company</field>
        <field name="model_id" ref="model_l10n_es_aeat_mod115_report"/>
        <field name="global" eval="True"/>
        <field name="domain_force">[('company_id', 'child_of', user.company_id.ids)]</field>
    </record>

</odoo>
