<?xml version="1.0" encoding="UTF-8"?>
<openerp>
<data noupdate="1">

    <record id="l10n_es_aeat_sii_rule" model="ir.rule">
        <field name="name">AEAT SII config multi-company</field>
        <field ref="model_l10n_es_aeat_sii" name="model_id"/>
        <field eval="True" name="global"/>
        <field name="domain_force">['|', ('company_id', '=', False), ('company_id', 'child_of', [user.company_id.id])]</field>
    </record>

    <record id="queue_job_sii_rule" model="ir.rule">
        <field name="name">Queue job AEAT SII visibility</field>
        <field name="model_id" ref="connector.model_queue_job"/>
        <field name="domain_force">[('channel', '=', 'root.invoice_validate_sii')]</field>
        <field name="groups" eval="[(4, ref('l10n_es_aeat.group_account_aeat'))]"/>
    </record>

</data>
</openerp>
