id,name,model_id:id,group_id:id,perm_read,perm_write,perm_create,perm_unlink
access_l10n_es_aeat_mod190_manager,l10n_es_aeat_mod190 manager,model_l10n_es_aeat_mod190_report,l10n_es_aeat.group_account_aeat,1,1,1,1
access_l10n_es_aeat_mod190_line_manager,l10n_es_aeat_mod190_line manager,model_l10n_es_aeat_mod190_report_line,l10n_es_aeat.group_account_aeat,1,1,1,1
access_l10n_es_aeat_report_perception_key_invoice,l10n_es_aeat_report_perception_key_manager,model_l10n_es_aeat_report_perception_key,account.group_account_invoice,1,0,0,0
access_l10n_es_aeat_report_perception_subkey_invoice,l10n_es_aeat_report_perception_subkey_manager,model_l10n_es_aeat_report_perception_subkey,account.group_account_invoice,1,0,0,0
access_l10n_es_aeat_report_perception_key_manager,l10n_es_aeat_report_perception_key_manager,model_l10n_es_aeat_report_perception_key,l10n_es_aeat.group_account_aeat,1,0,0,0
access_l10n_es_aeat_report_perception_subkey_manager,l10n_es_aeat_report_perception_subkey_manager,model_l10n_es_aeat_report_perception_subkey,l10n_es_aeat.group_account_aeat,1,0,0,0
