<?xml version="1.0" encoding="UTF-8"?>

<!--
    Copyright 2018 Valentin Vinagre <valentin.vinagre@qubiq.es>
    License AGPL-3.0 or later (http://www.gnu.org/licenses/agpl).
-->
<odoo>

    <!--  Tipo de Registro 2 - Registro de perceptor -->
    <record id="aeat_mod296_sub01_export_config" model="aeat.model.export.config">
        <field name="name">Mod.296 Perceptores</field>
        <field name="model_number">296</field>
    </record>
    <record id="aeat_mod296_sub01_export_line_01" model="aeat.model.export.config.line">
        <field name="sequence">1</field>
        <field name="export_config_id" ref="aeat_mod296_sub01_export_config"/>
        <field name="name">Constante: tipo de registro</field>
        <field name="fixed_value">2</field>
        <field name="export_type">string</field>
        <field name="size">1</field>
        <field name="alignment">left</field>
    </record>
    <record id="aeat_mod296_sub01_export_line_02" model="aeat.model.export.config.line">
        <field name="sequence">2</field>
        <field name="export_config_id" ref="aeat_mod296_sub01_export_config"/>
        <field name="name">Identificación: modelo</field>
        <field name="fixed_value">296</field>
        <field name="export_type">string</field>
        <field name="size">3</field>
        <field name="alignment">left</field>
    </record>
    <record id="aeat_mod296_sub01_export_line_03" model="aeat.model.export.config.line">
        <field name="sequence">3</field>
        <field name="export_config_id" ref="aeat_mod296_sub01_export_config"/>
        <field name="name">Identificación: ejercicio</field>
        <field name="expression">${object.mod296_id.year}</field>
        <field name="export_type">string</field>
        <field name="size">4</field>
        <field name="alignment">left</field>
    </record>
    <record id="aeat_mod296_sub01_export_line_04" model="aeat.model.export.config.line">
        <field name="sequence">4</field>
        <field name="export_config_id" ref="aeat_mod296_sub01_export_config"/>
        <field name="name">Identificación: nif declarante</field>
        <field name="expression">${object.mod296_id.company_vat}</field>
        <field name="export_type">string</field>
        <field name="size">9</field>
        <field name="alignment">left</field>
    </record>
    <record id="aeat_mod296_sub01_export_line_05" model="aeat.model.export.config.line">
        <field name="sequence">5</field>
        <field name="export_config_id" ref="aeat_mod296_sub01_export_config"/>
        <field name="name">Identificación: nif perceptor</field>
        <field name="expression">${object.partner_id.vat}</field>
        <field name="export_type">string</field>
        <field name="size">9</field>
        <field name="alignment">left</field>
    </record>
    <record id="aeat_mod296_sub01_export_line_06" model="aeat.model.export.config.line">
        <field name="sequence">6</field>
        <field name="export_config_id" ref="aeat_mod296_sub01_export_config"/>
        <field name="name">Identificación: nif representante legal</field>
        <field name="fixed_value"/>
        <field name="export_type">string</field>
        <field name="size">9</field>
        <field name="alignment">left</field>
    </record>
    <record id="aeat_mod296_sub01_export_line_07" model="aeat.model.export.config.line">
        <field name="sequence">7</field>
        <field name="export_config_id" ref="aeat_mod296_sub01_export_config"/>
        <field name="name">F/J</field>
        <field name="expression">${object.fisica_juridica}</field>
        <field name="export_type">string</field>
        <field name="size">1</field>
        <field name="alignment">left</field>
    </record>
    <record id="aeat_mod296_sub01_export_line_08" model="aeat.model.export.config.line">
        <field name="sequence">8</field>
        <field name="export_config_id" ref="aeat_mod296_sub01_export_config"/>
        <field name="name">Apellidos y nombre, razón social o denominación del perceptor</field>
        <field name="expression">${object.partner_id.name}</field>
        <field name="export_type">string</field>
        <field name="size">40</field>
        <field name="alignment">left</field>
    </record>
    <record id="aeat_mod296_sub01_export_line_09" model="aeat.model.export.config.line">
        <field name="sequence">9</field>
        <field name="export_config_id" ref="aeat_mod296_sub01_export_config"/>
        <field name="name">Espacios en blanco</field>
        <field name="fixed_value"/>
        <field name="export_type">string</field>
        <field name="size">14</field>
        <field name="alignment">left</field>
    </record>
    <record id="aeat_mod296_sub01_export_line_10" model="aeat.model.export.config.line">
        <field name="sequence">10</field>
        <field name="export_config_id" ref="aeat_mod296_sub01_export_config"/>
        <field name="name">Fecha de devengo</field>
        <field name="expression">${object.fecha_devengo_export}</field>
        <field name="export_type">string</field>
        <field name="size">8</field>
        <field name="alignment">left</field>
    </record>
    <record id="aeat_mod296_sub01_export_line_11" model="aeat.model.export.config.line">
        <field name="sequence">11</field>
        <field name="export_config_id" ref="aeat_mod296_sub01_export_config"/>
        <field name="name">Naturaleza</field>
        <field name="expression">${object.naturaleza}</field>
        <field name="export_type">string</field>
        <field name="size">1</field>
        <field name="alignment">left</field>
    </record>
    <record id="aeat_mod296_sub01_export_line_12" model="aeat.model.export.config.line">
        <field name="sequence">12</field>
        <field name="export_config_id" ref="aeat_mod296_sub01_export_config"/>
        <field name="name">Clave</field>
        <field name="expression">${object.clave}</field>
        <field name="export_type">string</field>
        <field name="size">2</field>
        <field name="alignment">left</field>
    </record>
    <record id="aeat_mod296_sub01_export_line_13" model="aeat.model.export.config.line">
        <field name="sequence">13</field>
        <field name="export_config_id" ref="aeat_mod296_sub01_export_config"/>
        <field name="name">Subclave</field>
        <field name="expression">${object.subclave}</field>
        <field name="export_type">string</field>
        <field name="size">2</field>
        <field name="alignment">left</field>
    </record>
    <record id="aeat_mod296_sub01_export_line_14" model="aeat.model.export.config.line">
        <field name="sequence">14</field>
        <field name="export_config_id" ref="aeat_mod296_sub01_export_config"/>
        <field name="name">Base retenciones e ingresos a cuenta</field>
        <field name="expression">${object.base_retenciones_ingresos}</field>
        <field name="export_type">float</field>
        <field name="apply_sign" eval="True"/>
        <field name="size">13</field>
        <field name="decimal_size">2</field>
        <field name="alignment">right</field>
    </record>
    <record id="aeat_mod296_sub01_export_line_15" model="aeat.model.export.config.line">
        <field name="sequence">15</field>
        <field name="export_config_id" ref="aeat_mod296_sub01_export_config"/>
        <field name="name">Porcentaje Retencion</field>
        <field name="expression">${object.porcentaje_retencion}</field>
        <field name="export_type">float</field>
        <field name="apply_sign" eval="False"/>
        <field name="size">4</field>
        <field name="decimal_size">2</field>
        <field name="alignment">right</field>
    </record>
    <record id="aeat_mod296_sub01_export_line_16" model="aeat.model.export.config.line">
        <field name="sequence">16</field>
        <field name="export_config_id" ref="aeat_mod296_sub01_export_config"/>
        <field name="name">Retenciones e ingresos a cuenta</field>
        <field name="expression">${object.retenciones_ingresos}</field>
        <field name="export_type">float</field>
        <field name="apply_sign" eval="False"/>
        <field name="size">13</field>
        <field name="decimal_size">2</field>
        <field name="alignment">right</field>
    </record>
    <record id="aeat_mod296_sub01_export_line_17" model="aeat.model.export.config.line">
        <field name="sequence">17</field>
        <field name="export_config_id" ref="aeat_mod296_sub01_export_config"/>
        <field name="name">Mediador</field>
        <field name="expression">${object.mediador}</field>
        <field name="export_type">boolean</field>
        <field name="size">1</field>
        <field name="bool_yes">X</field>
        <field name="bool_no"> </field>
        <field name="alignment">left</field>
    </record>
    <record id="aeat_mod296_sub01_export_line_18" model="aeat.model.export.config.line">
        <field name="sequence">18</field>
        <field name="export_config_id" ref="aeat_mod296_sub01_export_config"/>
        <field name="name">Código</field>
        <field name="expression">${object.codigo}</field>
        <field name="export_type">string</field>
        <field name="size">1</field>
        <field name="alignment">left</field>
    </record>
    <record id="aeat_mod296_sub01_export_line_19" model="aeat.model.export.config.line">
        <field name="sequence">19</field>
        <field name="export_config_id" ref="aeat_mod296_sub01_export_config"/>
        <field name="name">Código emisor</field>
        <field name="expression">${object.codigo_emisor}</field>
        <field name="export_type">string</field>
        <field name="size">12</field>
        <field name="alignment">left</field>
    </record>
    <record id="aeat_mod296_sub01_export_line_20" model="aeat.model.export.config.line">
        <field name="sequence">20</field>
        <field name="export_config_id" ref="aeat_mod296_sub01_export_config"/>
        <field name="name">Pago</field>
        <field name="expression">${object.pago}</field>
        <field name="export_type">string</field>
        <field name="size">1</field>
        <field name="alignment">left</field>
    </record>
    <record id="aeat_mod296_sub01_export_line_21" model="aeat.model.export.config.line">
        <field name="sequence">21</field>
        <field name="export_config_id" ref="aeat_mod296_sub01_export_config"/>
        <field name="name">Tipo código</field>
        <field name="expression">${object.tipo_codigo}</field>
        <field name="export_type">string</field>
        <field name="size">1</field>
        <field name="alignment">left</field>
    </record>
    <record id="aeat_mod296_sub01_export_line_22" model="aeat.model.export.config.line">
        <field name="sequence">22</field>
        <field name="export_config_id" ref="aeat_mod296_sub01_export_config"/>
        <field name="name">Codigo cuenta valores: entidad</field>
        <field name="fixed_value"/>
        <field name="export_type">string</field>
        <field name="size">4</field>
        <field name="alignment">left</field>
    </record>
    <record id="aeat_mod296_sub01_export_line_23" model="aeat.model.export.config.line">
        <field name="sequence">23</field>
        <field name="export_config_id" ref="aeat_mod296_sub01_export_config"/>
        <field name="name">Codigo cuenta valores: sucursal</field>
        <field name="fixed_value"/>
        <field name="export_type">string</field>
        <field name="size">4</field>
        <field name="alignment">left</field>
    </record>
    <record id="aeat_mod296_sub01_export_line_24" model="aeat.model.export.config.line">
        <field name="sequence">24</field>
        <field name="export_config_id" ref="aeat_mod296_sub01_export_config"/>
        <field name="name">Codigo cuenta valores: d.c</field>
        <field name="fixed_value"/>
        <field name="export_type">string</field>
        <field name="size">4</field>
        <field name="alignment">left</field>
    </record>
    <record id="aeat_mod296_sub01_export_line_25" model="aeat.model.export.config.line">
        <field name="sequence">25</field>
        <field name="export_config_id" ref="aeat_mod296_sub01_export_config"/>
        <field name="name">Codigo cuenta valores: número cuenta</field>
        <field name="fixed_value"/>
        <field name="export_type">string</field>
        <field name="size">10</field>
        <field name="alignment">left</field>
    </record>
    <record id="aeat_mod296_sub01_export_line_26" model="aeat.model.export.config.line">
        <field name="sequence">26</field>
        <field name="export_config_id" ref="aeat_mod296_sub01_export_config"/>
        <field name="name">Pendiente</field>
        <field name="expression">${object.pendiente}</field>
        <field name="export_type">boolean</field>
        <field name="size">1</field>
        <field name="bool_yes">X</field>
        <field name="bool_no"> </field>
        <field name="alignment">left</field>
    </record>
    <record id="aeat_mod296_sub01_export_line_27" model="aeat.model.export.config.line">
        <field name="sequence">27</field>
        <field name="export_config_id" ref="aeat_mod296_sub01_export_config"/>
        <field name="name">Ejercicio devengo</field>
        <field name="expression">${object.mod296_id.year}</field>
        <field name="export_type">string</field>
        <field name="size">4</field>
        <field name="alignment">left</field>
    </record>
    <record id="aeat_mod296_sub01_export_line_28" model="aeat.model.export.config.line">
        <field name="sequence">28</field>
        <field name="export_config_id" ref="aeat_mod296_sub01_export_config"/>
        <field name="name">Fecha de inicio del préstamo</field>
        <field name="fixed_value"/>
        <field name="export_type">string</field>
        <field name="size">8</field>
        <field name="alignment">left</field>
    </record>
    <record id="aeat_mod296_sub01_export_line_29" model="aeat.model.export.config.line">
        <field name="sequence">29</field>
        <field name="export_config_id" ref="aeat_mod296_sub01_export_config"/>
        <field name="name">Fecha de vencimiento del préstamo</field>
        <field name="fixed_value"/>
        <field name="export_type">string</field>
        <field name="size">8</field>
        <field name="alignment">left</field>
    </record>
    <record id="aeat_mod296_sub01_export_line_30" model="aeat.model.export.config.line">
        <field name="sequence">30</field>
        <field name="export_config_id" ref="aeat_mod296_sub01_export_config"/>
        <field name="name">Remuneración</field>
        <field name="fixed_value"/>
        <field name="export_type">string</field>
        <field name="size">5</field>
        <field name="alignment">left</field>
    </record>
    <record id="aeat_mod296_sub01_export_line_31" model="aeat.model.export.config.line">
        <field name="sequence">31</field>
        <field name="export_config_id" ref="aeat_mod296_sub01_export_config"/>
        <field name="name">Al prestamista</field>
        <field name="fixed_value"/>
        <field name="export_type">string</field>
        <field name="size">7</field>
        <field name="alignment">left</field>
    </record>
    <record id="aeat_mod296_sub01_export_line_32" model="aeat.model.export.config.line">
        <field name="sequence">32</field>
        <field name="export_config_id" ref="aeat_mod296_sub01_export_config"/>
        <field name="name">Compensaciones</field>
        <field name="fixed_value"/>
        <field name="export_type">string</field>
        <field name="size">12</field>
        <field name="alignment">left</field>
    </record>
    <record id="aeat_mod296_sub01_export_line_33" model="aeat.model.export.config.line">
        <field name="sequence">33</field>
        <field name="export_config_id" ref="aeat_mod296_sub01_export_config"/>
        <field name="name">Garantias</field>
        <field name="fixed_value"/>
        <field name="export_type">string</field>
        <field name="size">12</field>
        <field name="alignment">left</field>
    </record>
    <record id="aeat_mod296_sub01_export_line_34" model="aeat.model.export.config.line">
        <field name="sequence">34</field>
        <field name="export_config_id" ref="aeat_mod296_sub01_export_config"/>
        <field name="name">Direccion del perceptor: domicilio/address</field>
        <field name="expression">${object.domicilio}</field>
        <field name="export_type">string</field>
        <field name="size">50</field>
        <field name="alignment">left</field>
    </record>
    <record id="aeat_mod296_sub01_export_line_35" model="aeat.model.export.config.line">
        <field name="sequence">35</field>
        <field name="export_config_id" ref="aeat_mod296_sub01_export_config"/>
        <field name="name">Direccion del perceptor: complemento del domicilio</field>
        <field name="expression">${object.complemento_domicilio}</field>
        <field name="export_type">string</field>
        <field name="size">40</field>
        <field name="alignment">left</field>
    </record>
    <record id="aeat_mod296_sub01_export_line_36" model="aeat.model.export.config.line">
        <field name="sequence">36</field>
        <field name="export_config_id" ref="aeat_mod296_sub01_export_config"/>
        <field name="name">Direccion del perceptor: poblacion/ciudad</field>
        <field name="expression">${object.poblacion}</field>
        <field name="export_type">string</field>
        <field name="size">30</field>
        <field name="alignment">left</field>
    </record>
    <record id="aeat_mod296_sub01_export_line_37" model="aeat.model.export.config.line">
        <field name="sequence">37</field>
        <field name="export_config_id" ref="aeat_mod296_sub01_export_config"/>
        <field name="name">Direccion del perceptor: Provincia/estado/región</field>
        <field name="expression">${object.provincia.name}</field>
        <field name="export_type">string</field>
        <field name="size">30</field>
        <field name="alignment">left</field>
    </record>
    <record id="aeat_mod296_sub01_export_line_38" model="aeat.model.export.config.line">
        <field name="sequence">38</field>
        <field name="export_config_id" ref="aeat_mod296_sub01_export_config"/>
        <field name="name">Direccion del perceptor: código postal</field>
        <field name="expression">${object.zip}</field>
        <field name="export_type">string</field>
        <field name="size">10</field>
        <field name="alignment">left</field>
    </record>
    <record id="aeat_mod296_sub01_export_line_39" model="aeat.model.export.config.line">
        <field name="sequence">39</field>
        <field name="export_config_id" ref="aeat_mod296_sub01_export_config"/>
        <field name="name">Direccion del perceptor: código pais</field>
        <field name="expression">${object.pais.code}</field>
        <field name="export_type">string</field>
        <field name="size">2</field>
        <field name="alignment">left</field>
    </record>
    <record id="aeat_mod296_sub01_export_line_40" model="aeat.model.export.config.line">
        <field name="sequence">40</field>
        <field name="export_config_id" ref="aeat_mod296_sub01_export_config"/>
        <field name="name">Blancos</field>
        <field name="fixed_value"/>
        <field name="export_type">string</field>
        <field name="size">44</field>
        <field name="alignment">left</field>
    </record>
    <record id="aeat_mod296_sub01_export_line_41" model="aeat.model.export.config.line">
        <field name="sequence">41</field>
        <field name="export_config_id" ref="aeat_mod296_sub01_export_config"/>
        <field name="name">NIF en el pais de residencia</field>
        <field name="expression">${object.nif_pais_residencia}</field>
        <field name="export_type">string</field>
        <field name="size">20</field>
        <field name="alignment">left</field>
    </record>
    <record id="aeat_mod296_sub01_export_line_42" model="aeat.model.export.config.line">
        <field name="sequence">42</field>
        <field name="export_config_id" ref="aeat_mod296_sub01_export_config"/>
        <field name="name">echa de nacimiento</field>
        <field name="expression">${object.fecha_nacimiento_export}</field>
        <field name="export_type">string</field>
        <field name="size">8</field>
        <field name="alignment">left</field>
    </record>
    <record id="aeat_mod296_sub01_export_line_43" model="aeat.model.export.config.line">
        <field name="sequence">43</field>
        <field name="export_config_id" ref="aeat_mod296_sub01_export_config"/>
        <field name="name">Lugar de nacimiento: ciudad</field>
        <field name="expression">${object.ciudad_nacimiento}</field>
        <field name="export_type">string</field>
        <field name="size">35</field>
        <field name="alignment">left</field>
    </record>
    <record id="aeat_mod296_sub01_export_line_44" model="aeat.model.export.config.line">
        <field name="sequence">44</field>
        <field name="export_config_id" ref="aeat_mod296_sub01_export_config"/>
        <field name="name">Lugar de nacimiento: código país</field>
        <field name="expression">${object.pais_nacimiento.code}</field>
        <field name="export_type">string</field>
        <field name="size">2</field>
        <field name="alignment">left</field>
    </record>
    <record id="aeat_mod296_sub01_export_line_45" model="aeat.model.export.config.line">
        <field name="sequence">45</field>
        <field name="export_config_id" ref="aeat_mod296_sub01_export_config"/>
        <field name="name">Pais o territorio de residencia fiscal</field>
        <field name="expression">${object.pais_residencia_fiscal.code}</field>
        <field name="export_type">string</field>
        <field name="size">2</field>
        <field name="alignment">left</field>
    </record>
    <record id="aeat_mod296_sub01_export_line_46" model="aeat.model.export.config.line">
        <field name="sequence">46</field>
        <field name="export_config_id" ref="aeat_mod296_sub01_export_config"/>
        <field name="name">Blancos</field>
        <field name="fixed_value"/>
        <field name="export_type">string</field>
        <field name="size">1</field>
        <field name="alignment">left</field>
    </record>
</odoo>
