<?xml version="1.0" encoding="utf-8"?>

<odoo>

    <!-- Tipo registro 2 – Registro de inmueble: -->
    <record id="aeat_mod347_real_state_export_config" model="aeat.model.export.config">
        <field name="name">Exportación modelo 347 - Tipo de Registro 2 – Registro de inmueble</field>
        <field name="model_number">347</field>
    </record>
    <!--            1          Tipo de Registro -->
    <record id="aeat_mod347_real_state_export_line_01" model="aeat.model.export.config.line">
        <field name="sequence">1</field>
        <field name="export_config_id" ref="aeat_mod347_real_state_export_config"/>
        <field name="name">Constante: 2</field>
        <field name="fixed_value">2</field>
        <field name="export_type">string</field>
        <field name="size">1</field>
        <field name="alignment">left</field>
    </record>
    <!--            2-4        Modelo Declaración -->
    <record id="aeat_mod347_real_state_export_line_02" model="aeat.model.export.config.line">
        <field name="sequence">2</field>
        <field name="export_config_id" ref="aeat_mod347_real_state_export_config"/>
        <field name="name">Constante: 347</field>
        <field name="fixed_value">347</field>
        <field name="export_type">string</field>
        <field name="size">3</field>
        <field name="alignment">left</field>
    </record>
    <!--            5-8        Ejercicio -->
    <record id="aeat_mod347_real_state_export_line_03" model="aeat.model.export.config.line">
        <field name="sequence">3</field>
        <field name="export_config_id" ref="aeat_mod347_real_state_export_config"/>
        <field name="name">Ejercicio</field>
        <field name="expression">${object.report_id.year}</field>
        <field name="export_type">integer</field>
        <field name="apply_sign" eval="False"/>
        <field name="size">4</field>
        <field name="alignment">right</field>
    </record>
    <!--            9-17       NIF del declarante -->
    <record id="aeat_mod347_real_state_export_line_04" model="aeat.model.export.config.line">
        <field name="sequence">4</field>
        <field name="export_config_id" ref="aeat_mod347_real_state_export_config"/>
        <field name="name">NIF del declarante</field>
        <field name="expression">${object.report_id.company_vat}</field>
        <field name="export_type">string</field>
        <field name="size">9</field>
        <field name="alignment">left</field>
    </record>
    <!--            18-26      NIF del arrendatario -->
    <record id="aeat_mod347_real_state_export_line_05" model="aeat.model.export.config.line">
        <field name="sequence">5</field>
        <field name="export_config_id" ref="aeat_mod347_real_state_export_config"/>
        <field name="name">NIF del arrendatario</field>
        <field name="expression">${object.partner_vat}</field>
        <field name="export_type">string</field>
        <field name="size">9</field>
        <field name="alignment">left</field>
    </record>
    <!--            27-35      NIF del representante legal -->
    <record id="aeat_mod347_real_state_export_line_06" model="aeat.model.export.config.line">
        <field name="sequence">6</field>
        <field name="export_config_id" ref="aeat_mod347_real_state_export_config"/>
        <field name="name">NIF del representante legal del arrendatario</field>
        <field name="expression">${object.representative_vat}</field>
        <field name="export_type">string</field>
        <field name="size">9</field>
        <field name="alignment">left</field>
    </record>
    <!--            36-75      Apellidos y nombre, razón social o denominación del -->
    <!--                       declarado -->
    <record id="aeat_mod347_real_state_export_line_07" model="aeat.model.export.config.line">
        <field name="sequence">7</field>
        <field name="export_config_id" ref="aeat_mod347_real_state_export_config"/>
        <field name="name">Apellidos y nombres, razón social o denominación del arrendatario</field>
        <field name="expression">${object.partner_id.name}</field>
        <field name="export_type">string</field>
        <field name="size">40</field>
        <field name="alignment">left</field>
    </record>
    <!--            76         Tipo de hoja -->
    <record id="aeat_mod347_real_state_export_line_08" model="aeat.model.export.config.line">
        <field name="sequence">8</field>
        <field name="export_config_id" ref="aeat_mod347_real_state_export_config"/>
        <field name="name">Tipo de hoja</field>
        <field name="fixed_value">I</field>
        <field name="export_type">string</field>
        <field name="size">1</field>
        <field name="alignment">left</field>
    </record>
    <!--            77-99      Blancos -->
    <record id="aeat_mod347_real_state_export_line_09" model="aeat.model.export.config.line">
        <field name="sequence">9</field>
        <field name="export_config_id" ref="aeat_mod347_real_state_export_config"/>
        <field name="name">Blancos</field>
        <field name="fixed_value"/>
        <field name="export_type">string</field>
        <field name="size">22</field>
        <field name="alignment">left</field>
    </record>
    <!--            100-114    Importe de la operación -->
    <record id="aeat_mod349_main_export_line_10" model="aeat.model.export.config.line">
        <field name="sequence">10</field>
        <field name="export_config_id" ref="aeat_mod347_real_state_export_config"/>
        <field name="name">Importe de la operación</field>
        <field name="expression">${object.amount}</field>
        <field name="export_type">float</field>
        <field name="apply_sign" eval="True"/>
        <field name="positive_sign"> </field>
        <field name="negative_sign">N</field>
        <field name="size">16</field>
        <field name="decimal_size">2</field>
        <field name="alignment">right</field>
    </record>
    <!--            115        Situación del inmueble -->
    <record id="aeat_mod347_real_state_export_line_11" model="aeat.model.export.config.line">
        <field name="sequence">11</field>
        <field name="export_config_id" ref="aeat_mod347_real_state_export_config"/>
        <field name="name">Situación del inmueble</field>
        <field name="expression">${object.situation}</field>
        <field name="export_type">integer</field>
        <field name="apply_sign" eval="False"/>
        <field name="size">1</field>
        <field name="alignment">right</field>
    </record>
    <!--            116-140    Referencia catastral -->
    <record id="aeat_mod347_real_state_export_line_12" model="aeat.model.export.config.line">
        <field name="sequence">12</field>
        <field name="export_config_id" ref="aeat_mod347_real_state_export_config"/>
        <field name="name">Referencia catastral</field>
        <field name="expression">${object.reference}</field>
        <field name="export_type">string</field>
        <field name="size">25</field>
        <field name="alignment">left</field>
    </record>
    <!--            141-333    Dirección y datos del inmueble -->
    <!--            141–145    TIPO DE VÍA -->
    <record id="aeat_mod347_real_state_export_line_13" model="aeat.model.export.config.line">
        <field name="sequence">13</field>
        <field name="export_config_id" ref="aeat_mod347_real_state_export_config"/>
        <field name="name">Dirección y datos del inmueble - TIPO DE VÍA</field>
        <field name="expression">${object.address_type}</field>
        <field name="export_type">string</field>
        <field name="size">5</field>
        <field name="alignment">left</field>
    </record>
    <!--            146–195    NOMBRE VÍA PUBLICA -->
    <record id="aeat_mod347_real_state_export_line_14" model="aeat.model.export.config.line">
        <field name="sequence">14</field>
        <field name="export_config_id" ref="aeat_mod347_real_state_export_config"/>
        <field name="name">Dirección y datos del inmueble - NOMBRE VÍA PUBLICA</field>
        <field name="expression">${object.address}</field>
        <field name="export_type">string</field>
        <field name="size">50</field>
        <field name="alignment">left</field>
    </record>
    <!--            196–198    TIPO DE NUMERACIÓN -->
    <record id="aeat_mod347_real_state_export_line_15" model="aeat.model.export.config.line">
        <field name="sequence">15</field>
        <field name="export_config_id" ref="aeat_mod347_real_state_export_config"/>
        <field name="name">Dirección y datos del inmueble - TIPO DE NUMERACIÓN</field>
        <field name="expression">${object.number_type}</field>
        <field name="export_type">string</field>
        <field name="size">3</field>
        <field name="alignment">left</field>
    </record>
    <!--            199–203    NUMERO DE CASA -->
    <record id="aeat_mod347_real_state_export_line_16" model="aeat.model.export.config.line">
        <field name="sequence">16</field>
        <field name="export_config_id" ref="aeat_mod347_real_state_export_config"/>
        <field name="name">Dirección y datos del inmueble - NUMERO DE CASA</field>
        <field name="expression">${object.number}</field>
        <field name="export_type">integer</field>
        <field name="size">5</field>
        <field name="apply_sign" eval="False"/>
        <field name="alignment">right</field>
    </record>
    <!--            204-206    CALIFICADOR DEL NUMERO -->
    <record id="aeat_mod347_real_state_export_line_17" model="aeat.model.export.config.line">
        <field name="sequence">17</field>
        <field name="export_config_id" ref="aeat_mod347_real_state_export_config"/>
        <field name="name">Dirección y datos del inmueble - CALIFICADOR DEL NUMERO</field>
        <field name="expression">${object.number_calification}</field>
        <field name="export_type">string</field>
        <field name="size">3</field>
        <field name="alignment">left</field>
    </record>
    <!--            207–209    BLOQUE -->
    <record id="aeat_mod347_real_state_export_line_18" model="aeat.model.export.config.line">
        <field name="sequence">18</field>
        <field name="export_config_id" ref="aeat_mod347_real_state_export_config"/>
        <field name="name">Dirección y datos del inmueble - BLOQUE</field>
        <field name="expression">${object.block}</field>
        <field name="export_type">string</field>
        <field name="size">3</field>
        <field name="alignment">left</field>
    </record>
    <!--            210–212    PORTAL -->
    <record id="aeat_mod347_real_state_export_line_19" model="aeat.model.export.config.line">
        <field name="sequence">19</field>
        <field name="export_config_id" ref="aeat_mod347_real_state_export_config"/>
        <field name="name">Dirección y datos del inmueble - PORTAL</field>
        <field name="expression">${object.portal}</field>
        <field name="export_type">string</field>
        <field name="size">3</field>
        <field name="alignment">left</field>
    </record>
    <!--            213–215    ESCALERA -->
    <record id="aeat_mod347_real_state_export_line_20" model="aeat.model.export.config.line">
        <field name="sequence">20</field>
        <field name="export_config_id" ref="aeat_mod347_real_state_export_config"/>
        <field name="name">Dirección y datos del inmueble - ESCALERA</field>
        <field name="expression">${object.stairway}</field>
        <field name="export_type">string</field>
        <field name="size">3</field>
        <field name="alignment">left</field>
    </record>
    <!--            216–218    PLANTA O PISO -->
    <record id="aeat_mod347_real_state_export_line_21" model="aeat.model.export.config.line">
        <field name="sequence">21</field>
        <field name="export_config_id" ref="aeat_mod347_real_state_export_config"/>
        <field name="name">Dirección y datos del inmueble - PLANTA O PISO</field>
        <field name="expression">${object.floor}</field>
        <field name="export_type">string</field>
        <field name="size">3</field>
        <field name="alignment">left</field>
    </record>
    <!--            219–221    PUERTA -->
    <record id="aeat_mod347_real_state_export_line_22" model="aeat.model.export.config.line">
        <field name="sequence">22</field>
        <field name="export_config_id" ref="aeat_mod347_real_state_export_config"/>
        <field name="name">Dirección y datos del inmueble - PUERTA</field>
        <field name="expression">${object.door}</field>
        <field name="export_type">string</field>
        <field name="size">3</field>
        <field name="alignment">left</field>
    </record>
    <!--            222–261    COMPLEMENTO. -->
    <record id="aeat_mod347_real_state_export_line_23" model="aeat.model.export.config.line">
        <field name="sequence">23</field>
        <field name="export_config_id" ref="aeat_mod347_real_state_export_config"/>
        <field name="name">Dirección y datos del inmueble - COMPLEMENTO</field>
        <field name="expression">${object.complement}</field>
        <field name="export_type">string</field>
        <field name="size">40</field>
        <field name="alignment">left</field>
    </record>
    <!--            262–291    LOCALIDAD O POBLACIÓN. -->
    <record id="aeat_mod347_real_state_export_line_24" model="aeat.model.export.config.line">
        <field name="sequence">24</field>
        <field name="export_config_id" ref="aeat_mod347_real_state_export_config"/>
        <field name="name">Dirección y datos del inmueble - LOCALIDAD O POBLACIÓN</field>
        <field name="expression">${object.city}</field>
        <field name="export_type">string</field>
        <field name="size">30</field>
        <field name="alignment">left</field>
    </record>
    <!--            292–321    MUNICIPIO -->
    <record id="aeat_mod347_real_state_export_line_25" model="aeat.model.export.config.line">
        <field name="sequence">25</field>
        <field name="export_config_id" ref="aeat_mod347_real_state_export_config"/>
        <field name="name">Dirección y datos del inmueble - MUNICIPIO</field>
        <field name="expression">${object.township}</field>
        <field name="export_type">string</field>
        <field name="size">30</field>
        <field name="alignment">left</field>
    </record>
    <!--            322–326    CODIGO DE MUNICIPIO -->
    <record id="aeat_mod347_real_state_export_line_26" model="aeat.model.export.config.line">
        <field name="sequence">26</field>
        <field name="export_config_id" ref="aeat_mod347_real_state_export_config"/>
        <field name="name">Dirección y datos del inmueble - CODIGO DE MUNICIPIO</field>
        <field name="expression">${object.township_code}</field>
        <field name="export_type">string</field>
        <field name="size">5</field>
        <field name="alignment">left</field>
    </record>
    <!--            327-328    CODIGO PROVINCIA -->
    <record id="aeat_mod347_real_state_export_line_27" model="aeat.model.export.config.line">
        <field name="sequence">27</field>
        <field name="export_config_id" ref="aeat_mod347_real_state_export_config"/>
        <field name="name">Dirección y datos del inmueble - CODIGO DE PROVINCIA</field>
        <field name="expression">${object.partner_state_code}</field>
        <field name="export_type">string</field>
        <field name="size">2</field>
        <field name="alignment">left</field>
    </record>
    <!--            329-333    CODIGO POSTAL -->
    <record id="aeat_mod347_real_state_export_line_28" model="aeat.model.export.config.line">
        <field name="sequence">28</field>
        <field name="export_config_id" ref="aeat_mod347_real_state_export_config"/>
        <field name="name">Dirección y datos del inmueble - CODIGO POSTAL</field>
        <field name="expression">${object.postal_code}</field>
        <field name="export_type">string</field>
        <field name="size">5</field>
        <field name="alignment">left</field>
    </record>
    <!--            334-500    Blancos -->
    <record id="aeat_mod347_real_state_export_line_29" model="aeat.model.export.config.line">
        <field name="sequence">29</field>
        <field name="export_config_id" ref="aeat_mod347_real_state_export_config"/>
        <field name="name">Blancos</field>
        <field name="fixed_value"/>
        <field name="export_type">string</field>
        <field name="size">167</field>
        <field name="alignment">left</field>
    </record>
</odoo>
