<?xml version="1.0" encoding="utf-8"?>

<odoo>

    <!-- Tipo registro 1 – Registro de declarante: -->
    <record id="aeat_mod347_main_export_config" model="aeat.model.export.config">
        <field name="name">Mod.347 actual</field>
        <field name="model_number">347</field>
        <field name="model_id" ref="l10n_es_aeat_mod347.model_l10n_es_aeat_mod347_report"/>
        <field name="date_start">2016-01-01</field>
    </record>
    <!--          Posiciones  Naturaleza      Descripción-->
    <!--          1           Numérico        Tipo de Registro      Constante = '1'-->
    <record id="aeat_mod347_main_export_line_01" model="aeat.model.export.config.line">
        <field name="sequence">1</field>
        <field name="export_config_id" ref="aeat_mod347_main_export_config"/>
        <field name="name">Constante: 1</field>
        <field name="fixed_value">1</field>
        <field name="export_type">string</field>
        <field name="size">1</field>
        <field name="alignment">left</field>
    </record>
    <!--          2-4         Numérico        Modelo Declaración    Constante = '347'-->
    <record id="aeat_mod347_main_export_line_02" model="aeat.model.export.config.line">
        <field name="sequence">2</field>
        <field name="export_config_id" ref="aeat_mod347_main_export_config"/>
        <field name="name">Modelo: 347</field>
        <field name="fixed_value">347</field>
        <field name="export_type">string</field>
        <field name="size">3</field>
        <field name="alignment">left</field>
    </record>
    <!--          5-8         Numérico        Ejercicio-->
    <record id="aeat_mod347_main_export_line_03" model="aeat.model.export.config.line">
        <field name="sequence">3</field>
        <field name="export_config_id" ref="aeat_mod347_main_export_config"/>
        <field name="name">Ejercicio</field>
        <field name="expression">${object.year}</field>
        <field name="export_type">string</field>
        <field name="size">4</field>
        <field name="alignment">left</field>
    </record>
    <!--          9-17        Alfanumérico    NIF del declarante-->
    <record id="aeat_mod347_main_export_line_04" model="aeat.model.export.config.line">
        <field name="sequence">4</field>
        <field name="export_config_id" ref="aeat_mod347_main_export_config"/>
        <field name="name">Identificación: NIF</field>
        <field name="expression">${object.company_vat}</field>
        <field name="export_type">string</field>
        <field name="size">9</field>
        <field name="alignment">left</field>
    </record>
    <!--          18-57       Alfanumérico    Apellidos y nombre o razón social del-->
    <!--                                      declarante-->
    <record id="aeat_mod347_main_export_line_05" model="aeat.model.export.config.line">
        <field name="sequence">5</field>
        <field name="export_config_id" ref="aeat_mod347_main_export_config"/>
        <field name="name">Apellidos y nombre o razón social del declarante</field>
        <field name="expression">${object.company_id.name}</field>
        <field name="export_type">string</field>
        <field name="size">40</field>
        <field name="alignment">left</field>
    </record>
    <!--          58          Alfabético      Tipo de soporte-->
    <record id="aeat_mod347_main_export_line_06" model="aeat.model.export.config.line">
        <field name="sequence">6</field>
        <field name="export_config_id" ref="aeat_mod347_main_export_config"/>
        <field name="name">Tipo de soporte</field>
        <field name="expression">${object.support_type}</field>
        <field name="export_type">string</field>
        <field name="size">1</field>
        <field name="alignment">left</field>
    </record>
    <!--          59-67       Numérico (9)    Teléfono contacto-->
    <record id="aeat_mod347_main_export_line_07" model="aeat.model.export.config.line">
        <field name="sequence">7</field>
        <field name="export_config_id" ref="aeat_mod347_main_export_config"/>
        <field name="name">Teléfono contacto</field>
        <field name="expression">${object.contact_phone}</field>
        <field name="export_type">string</field>
        <field name="size">9</field>
        <field name="alignment">left</field>
    </record>
    <!--          68-107      Alfabético      Apellidos y nombre contacto-->
    <record id="aeat_mod347_main_export_line_08" model="aeat.model.export.config.line">
        <field name="sequence">8</field>
        <field name="export_config_id" ref="aeat_mod347_main_export_config"/>
        <field name="name">Persona de contacto (Apellidos y nombre)</field>
        <field name="expression">${object.contact_name}</field>
        <field name="export_type">string</field>
        <field name="size">40</field>
        <field name="alignment">left</field>
    </record>
    <!--          108-120     Numérico        Número identificativo de la declaración-->
    <record id="aeat_mod347_main_export_line_09" model="aeat.model.export.config.line">
        <field name="sequence">9</field>
        <field name="export_config_id" ref="aeat_mod347_main_export_config"/>
        <field name="name">Número identificativo de la declaración</field>
        <field name="expression">${object.name}</field>
        <field name="export_type">string</field>
        <field name="size">13</field>
        <field name="alignment">left</field>
    </record>
    <!--          121-122     Alfabético      Declaración complementaria o-->
    <!--                                      substitutiva-->
    <record id="aeat_mod347_main_export_line_10" model="aeat.model.export.config.line">
        <field name="sequence">10</field>
        <field name="export_config_id" ref="aeat_mod347_main_export_config"/>
        <field name="name">Declaración complementaria o substitutiva</field>
        <field name="expression">${' S' if object.type == 'S' else object.type.replace('N', ' ')}</field>
        <field name="export_type">string</field>
        <field name="size">2</field>
        <field name="alignment">left</field>
    </record>
    <!--          123-135     Numérico        Número identificativo de la declaración-->
    <!--                                      anterior-->
    <record id="aeat_mod347_main_export_line_11" model="aeat.model.export.config.line">
        <field name="sequence">11</field>
        <field name="export_config_id" ref="aeat_mod347_main_export_config"/>
        <field name="name">Número identificativo de la declaración anterior</field>
        <field name="expression">${object.previous_number}</field>
        <field name="export_type">integer</field>
        <field name="size">13</field>
        <field name="alignment">left</field>
        <field name="apply_sign" eval="False"/>
    </record>

    <!--          136-144 	Número total de personas y entidades -->
    <record id="aeat_mod347_main_export_line_12" model="aeat.model.export.config.line">
        <field name="sequence">12</field>
        <field name="export_config_id" ref="aeat_mod347_main_export_config"/>
        <field name="name">Número total de personas y entidades</field>
        <field name="expression">${object.total_partner_records}</field>
        <field name="export_type">integer</field>
        <field name="size">9</field>
        <field name="alignment">left</field>
    </record>
    <!--          145-159 	Importe total de las operaciones -->
    <record id="aeat_mod347_main_export_line_13" model="aeat.model.export.config.line">
        <field name="sequence">13</field>
        <field name="export_config_id" ref="aeat_mod347_main_export_config"/>
        <field name="name">Importe total de las operaciones</field>
        <field name="expression">${object.total_amount}</field>
        <field name="export_type">float</field>
        <field name="apply_sign" eval="True"/>
        <field name="positive_sign"> </field>
        <field name="negative_sign">N</field>
        <field name="size">16</field>
        <field name="decimal_size">2</field>
        <field name="alignment">right</field>
    </record>
    <!--          160-168 	Número total de inmuebles -->
    <record id="aeat_mod347_main_export_line_14" model="aeat.model.export.config.line">
        <field name="sequence">14</field>
        <field name="export_config_id" ref="aeat_mod347_main_export_config"/>
        <field name="name">Número total de inmuebles</field>
        <field name="expression">${object.total_real_estate_records}</field>
        <field name="export_type">integer</field>
        <field name="size">9</field>
        <field name="alignment">left</field>
    </record>
    <!--          169-183 	Importe total de las operaciones de arrendamiento -->
    <record id="aeat_mod347_main_export_line_15" model="aeat.model.export.config.line">
        <field name="sequence">15</field>
        <field name="export_config_id" ref="aeat_mod347_main_export_config"/>
        <field name="name">Importe total de las operaciones de arrendamiento</field>
        <field name="expression">${object.total_real_estate_amount}</field>
        <field name="export_type">float</field>
        <field name="apply_sign" eval="True"/>
        <field name="positive_sign"> </field>
        <field name="negative_sign">N</field>
        <field name="size">16</field>
        <field name="decimal_size">2</field>
        <field name="alignment">right</field>
    </record>
    <!--          184-390 	Blancos -->
    <record id="aeat_mod347_main_export_line_16" model="aeat.model.export.config.line">
        <field name="sequence">16</field>
        <field name="export_config_id" ref="aeat_mod347_main_export_config"/>
        <field name="name">Blancos</field>
        <field name="fixed_value"/>
        <field name="export_type">string</field>
        <field name="size">205</field>
        <field name="alignment">left</field>
    </record>
    <!--          391-399 	NIF del representante legal -->
    <record id="aeat_mod347_main_export_line_17" model="aeat.model.export.config.line">
        <field name="sequence">17</field>
        <field name="export_config_id" ref="aeat_mod347_main_export_config"/>
        <field name="name">NIF del representante legal</field>
        <field name="expression">${object.representative_vat}</field>
        <field name="export_type">string</field>
        <field name="size">9</field>
        <field name="alignment">left</field>
    </record>
    <!--          400-487 	Blancos -->
    <record id="aeat_mod347_main_export_line_18" model="aeat.model.export.config.line">
        <field name="sequence">18</field>
        <field name="export_config_id" ref="aeat_mod347_main_export_config"/>
        <field name="name">Blancos</field>
        <field name="fixed_value"/>
        <field name="export_type">string</field>
        <field name="size">88</field>
        <field name="alignment">left</field>
    </record>
    <!--          488-500 	Sello electrónico -->
    <record id="aeat_mod347_main_export_line_19" model="aeat.model.export.config.line">
        <field name="sequence">19</field>
        <field name="export_config_id" ref="aeat_mod347_main_export_config"/>
        <field name="name">Sello electronico (en blanco)</field>
        <field name="fixed_value"/>
        <field name="export_type">string</field>
        <field name="size">13</field>
        <field name="alignment">left</field>
    </record>

    <!-- Tipo de Registro 2 – Registro de declarado: -->
    <record id="aeat_mod347_main_export_line_20" model="aeat.model.export.config.line">
        <field name="sequence">20</field>
        <field name="export_config_id" ref="aeat_mod347_main_export_config"/>
        <field name="name">Tipo de Registro 2 – Registro de declarado</field>
        <field name="subconfig_id" ref="aeat_mod347_partner_export_config"/>
        <field name="export_type">subconfig</field>
        <field name="repeat_expression">object.partner_record_ids</field>
    </record>

    <!-- Tipo registro 2 – Registro de inmueble: -->
    <record id="aeat_mod347_main_export_line_21" model="aeat.model.export.config.line">
        <field name="sequence">21</field>
        <field name="export_config_id" ref="aeat_mod347_main_export_config"/>
        <field name="name">Tipo de Registro 2 – Registro de inmueble</field>
        <field name="subconfig_id" ref="aeat_mod347_real_state_export_config"/>
        <field name="export_type">subconfig</field>
        <field name="repeat_expression">object.real_estate_record_ids</field>
    </record>
</odoo>
