<?xml version="1.0" encoding="UTF-8"?>
<openerp>
    <data>
        <record id="l10n_es_aeat_mod303.aeat_mod303_map_line_29" model="aeat.mod.map.tax.code.line">
            <field name="name">Por cuotas soportadas en operaciones interiores corrientes - Cuota (Deducida -si aplica- por la prorrata de IVA)</field>
        </record>
        <record id="l10n_es_aeat_mod303.aeat_mod303_map_line_41" model="aeat.mod.map.tax.code.line">
            <field name="name">Rectificación de deducciones - Cuota (Deducida -si aplica- por la prorrata de IVA)</field>
        </record>
    </data>
</openerp>
