<?xml version="1.0" encoding="utf-8"?>
<!-- Copyright 2019 ADHOC SA
     License AGPL-3.0 or later (https://www.gnu.org/licenses/agpl). -->

<odoo noupdate="True">

  <record id="mis_instance_cash_flow" model="mis.report.instance">
    <field name="name">Cash Flow</field>
    <field name="report_id" ref="mis_report_cash_flow"/>
    <field name="comparison_mode" eval="True"/>
    <field name="landscape_pdf" eval="True"/>
  </record>

  <record id="mis_period_current" model="mis.report.instance.period">
    <field name="name">Current</field>
    <field name="report_instance_id" ref="mis_instance_cash_flow"/>
    <field name="source">actuals_alt</field>
    <field name="source_aml_model_id" ref="model_mis_cash_flow"/>
    <field name="mode">relative</field>
    <field name="type">w</field>
    <field name="offset">-4000</field>
    <field name="duration">4001</field>
    <field name="sequence">4</field>
  </record>

  <record id="mis_period_plus_1w" model="mis.report.instance.period">
    <field name="name">+1w</field>
    <field name="report_instance_id" ref="mis_instance_cash_flow"/>
    <field name="source">actuals_alt</field>
    <field name="source_aml_model_id" ref="model_mis_cash_flow"/>
    <field name="mode">relative</field>
    <field name="type">w</field>
    <field name="offset">1</field>
    <field name="duration">1</field>
    <field name="sequence">10</field>
  </record>

  <record id="mis_period_plus_2w" model="mis.report.instance.period">
    <field name="name">+2w</field>
    <field name="report_instance_id" ref="mis_instance_cash_flow"/>
    <field name="source">actuals_alt</field>
    <field name="source_aml_model_id" ref="model_mis_cash_flow"/>
    <field name="mode">relative</field>
    <field name="type">w</field>
    <field name="offset">2</field>
    <field name="duration">1</field>
    <field name="sequence">20</field>
  </record>

  <record id="mis_period_plus_3w" model="mis.report.instance.period">
    <field name="name">+3w</field>
    <field name="report_instance_id" ref="mis_instance_cash_flow"/>
    <field name="source">actuals_alt</field>
    <field name="source_aml_model_id" ref="model_mis_cash_flow"/>
    <field name="mode">relative</field>
    <field name="type">w</field>
    <field name="offset">3</field>
    <field name="duration">1</field>
    <field name="sequence">30</field>
  </record>

  <record id="mis_period_plus_4w" model="mis.report.instance.period">
    <field name="name">+4w</field>
    <field name="report_instance_id" ref="mis_instance_cash_flow"/>
    <field name="source">actuals_alt</field>
    <field name="source_aml_model_id" ref="model_mis_cash_flow"/>
    <field name="mode">relative</field>
    <field name="type">w</field>
    <field name="offset">4</field>
    <field name="duration">1</field>
    <field name="sequence">40</field>
  </record>

  <record id="mis_period_plus_5w" model="mis.report.instance.period">
    <field name="name">+5w</field>
    <field name="report_instance_id" ref="mis_instance_cash_flow"/>
    <field name="source">actuals_alt</field>
    <field name="source_aml_model_id" ref="model_mis_cash_flow"/>
    <field name="mode">relative</field>
    <field name="type">w</field>
    <field name="offset">5</field>
    <field name="duration">1</field>
    <field name="sequence">50</field>
  </record>

  <record id="mis_period_plus_6w" model="mis.report.instance.period">
    <field name="name">+6w</field>
    <field name="report_instance_id" ref="mis_instance_cash_flow"/>
    <field name="source">actuals_alt</field>
    <field name="source_aml_model_id" ref="model_mis_cash_flow"/>
    <field name="mode">relative</field>
    <field name="type">w</field>
    <field name="offset">6</field>
    <field name="duration">1</field>
    <field name="sequence">60</field>
  </record>

  <record id="mis_period_plus_7w" model="mis.report.instance.period">
    <field name="name">+7w</field>
    <field name="report_instance_id" ref="mis_instance_cash_flow"/>
    <field name="source">actuals_alt</field>
    <field name="source_aml_model_id" ref="model_mis_cash_flow"/>
    <field name="mode">relative</field>
    <field name="type">w</field>
    <field name="offset">7</field>
    <field name="duration">1</field>
    <field name="sequence">70</field>
  </record>

  <record id="mis_period_plus_8w" model="mis.report.instance.period">
    <field name="name">+8w</field>
    <field name="report_instance_id" ref="mis_instance_cash_flow"/>
    <field name="source">actuals_alt</field>
    <field name="source_aml_model_id" ref="model_mis_cash_flow"/>
    <field name="mode">relative</field>
    <field name="type">w</field>
    <field name="offset">8</field>
    <field name="duration">1</field>
    <field name="sequence">80</field>
  </record>

  <record id="mis_period_plus_third_month" model="mis.report.instance.period">
    <field name="name">third month</field>
    <field name="report_instance_id" ref="mis_instance_cash_flow"/>
    <field name="source">actuals_alt</field>
    <field name="source_aml_model_id" ref="model_mis_cash_flow"/>
    <field name="mode">relative</field>
    <field name="type">w</field>
    <field name="offset">9</field>
    <field name="duration">4</field>
    <field name="sequence">90</field>
  </record>

  <record id="mis_period_plus_fourth_month" model="mis.report.instance.period">
    <field name="name">fourth month</field>
    <field name="report_instance_id" ref="mis_instance_cash_flow"/>
    <field name="source">actuals_alt</field>
    <field name="source_aml_model_id" ref="model_mis_cash_flow"/>
    <field name="mode">relative</field>
    <field name="type">w</field>
    <field name="offset">13</field>
    <field name="duration">4</field>
    <field name="sequence">90</field>
  </record>

</odoo>
