<?xml version="1.0" encoding="utf-8"?>
<!-- Copyright 2016 Antonio Espinosa <antonio.espinosa@tecnativa.com>
     License AGPL-3.0 or later (http://www.gnu.org/licenses/agpl). -->
<odoo>

<record id="fp_irpfnrnue24" model="account.fiscal.position.template">
    <field name="name">Retención IRPF No residentes no-UE 24%</field>
    <field name="chart_template_id" ref="l10n_es.account_chart_template_common"/>
</record>

<record id="fp_irpfnrue19" model="account.fiscal.position.template">
    <field name="name">Retención IRPF No residentes UE 19%</field>
    <field name="chart_template_id" ref="l10n_es.account_chart_template_common"/>
</record>

</odoo>
