<?xml version="1.0" encoding="utf-8"?>
<!-- Copyright 2016 Antonio Espinosa <antonio.espinosa@tecnativa.com>
     License AGPL-3.0 or later (http://www.gnu.org/licenses/agpl). -->
<odoo>

<!-- Retenciones IRPF No residentes no-UE 24% -->

<record id="account_tax_template_s_irpfnrnue24" model="account.tax.template">
    <field name="description">S_IRPFNRNUE24</field>
    <field name="type_tax_use">sale</field>
    <field name="account_id" ref="l10n_es.account_common_473"/>
    <field name="name">Retenciones a cuenta IRPF No residentes no-UE 24%</field>
    <field name="refund_account_id" ref="l10n_es.account_common_473"/>
    <field name="chart_template_id" ref="l10n_es.account_chart_template_common"/>
    <field name="amount" eval="-24"/>
    <field name="amount_type">percent</field>
</record>

<record id="account_tax_template_p_irpfnrnue24p" model="account.tax.template">
    <field name="description">P_IRPFNRNUE24P</field>
    <field name="type_tax_use">purchase</field>
    <field name="account_id" ref="l10n_es.account_common_4751"/>
    <field name="name">Retenciones IRPF No residentes no-UE 24%</field>
    <field name="refund_account_id" ref="l10n_es.account_common_4751"/>
    <field name="chart_template_id" ref="l10n_es.account_chart_template_common"/>
    <field name="amount" eval="-24"/>
    <field name="amount_type">percent</field>
</record>

<!-- Retenciones IRPF No residentes UE 19% -->

<record id="account_tax_template_s_irpfnrue19" model="account.tax.template">
    <field name="description">S_IRPFNRUE19</field>
    <field name="type_tax_use">sale</field>
    <field name="account_id" ref="l10n_es.account_common_473"/>
    <field name="name">Retenciones a cuenta IRPF No residentes UE 19%</field>
    <field name="refund_account_id" ref="l10n_es.account_common_473"/>
    <field name="chart_template_id" ref="l10n_es.account_chart_template_common"/>
    <field name="amount" eval="-19"/>
    <field name="amount_type">percent</field>
</record>

<record id="account_tax_template_p_irpfnrue19p" model="account.tax.template">
    <field name="description">P_IRPFNRUE19P</field>
    <field name="type_tax_use">purchase</field>
    <field name="account_id" ref="l10n_es.account_common_4751"/>
    <field name="name">Retenciones IRPF No residentes UE 19%</field>
    <field name="refund_account_id" ref="l10n_es.account_common_4751"/>
    <field name="chart_template_id" ref="l10n_es.account_chart_template_common"/>
    <field name="amount" eval="-19"/>
    <field name="amount_type">percent</field>
</record>

</odoo>
