<?xml version="1.0" encoding="utf-8"?>
<odoo noupdate="1">

    <record id="sixty_days_end_of_month" model="account.payment.term">
        <field name="name">60 Days End of Month</field>
        <field name="note">60 Days End of Month</field>
        <field name="sequential_lines" eval="True"/>
        <field name="line_ids"
                eval="[(5, 0), (0,0, {'months': 2, 'option': 'day_after_invoice_date', 'sequence': 20, 'value': 'fixed', 'value_amount': 0}),
                      (0,0, {'days': 0, 'option': 'last_day_current_month', 'sequence': 30, 'value': 'balance', 'value_amount': 0})
                      ]" />
    </record>

</odoo>
