<?xml version="1.0" encoding="UTF-8"?>
<!-- Copyright 2017 Ignacio Ibeas <ignacio@acysos.com>
     License AGPL-3.0 or later (http://www.gnu.org/licenses/agpl). -->
<openerp>
    <data noupdate="0">
        <record id="config_parameter_sii_crt" model="ir.config_parameter" forcecreate="True">
            <field name="key">l10n_es_aeat_sii.publicCrt</field>
            <field name="value">/opt/certificates/publicCert.crt</field>
            <field name="group_ids" eval="[(6, False, [ref('account.group_account_invoice')])]" />
        </record>
        <record id="config_parameter_sii_key" model="ir.config_parameter" forcecreate="True">
            <field name="key">l10n_es_aeat_sii.privateKey</field>
            <field name="value">/opt/certificates/privateKey.pem</field>
            <field name="group_ids" eval="[(6, False, [ref('account.group_account_invoice')])]" />
        </record>
        <record id="config_parameter_sii_wsdl_out" model="ir.config_parameter" forcecreate="True">
            <field name="key">l10n_es_aeat_sii.wsdl_out</field>
            <field name="value">https://www2.agenciatributaria.gob.es/static_files/common/internet/dep/aplicaciones/es/aeat/ssii_1_1/fact/ws/SuministroFactEmitidas.wsdl</field>
            <field name="group_ids" eval="[(6, False, [ref('account.group_account_invoice')])]" />
        </record>
        <record id="config_parameter_sii_wsdl_in" model="ir.config_parameter" forcecreate="True">
            <field name="key">l10n_es_aeat_sii.wsdl_in</field>
            <field name="value">https://www2.agenciatributaria.gob.es/static_files/common/internet/dep/aplicaciones/es/aeat/ssii_1_1/fact/ws/SuministroFactRecibidas.wsdl</field>
            <field name="group_ids" eval="[(6, False, [ref('account.group_account_invoice')])]" />
        </record>
        <record id="config_parameter_sii_wsdl_pi" model="ir.config_parameter" forcecreate="True">
            <field name="key">l10n_es_aeat_sii.wsdl_pi</field>
            <field name="value">https://www2.agenciatributaria.gob.es/static_files/common/internet/dep/aplicaciones/es/aeat/ssii_1_1/fact/ws/SuministroBienesInversion.wsdl</field>
            <field name="group_ids" eval="[(6, False, [ref('account.group_account_invoice')])]" />
        </record>
        <record id="config_parameter_sii_wsdl_ic" model="ir.config_parameter" forcecreate="True">
            <field name="key">l10n_es_aeat_sii.wsdl_ic</field>
            <field name="value">https://www2.agenciatributaria.gob.es/static_files/common/internet/dep/aplicaciones/es/aeat/ssii_1_1/fact/ws/SuministroOpIntracomunitarias.wsdl</field>
            <field name="group_ids" eval="[(6, False, [ref('account.group_account_invoice')])]" />
        </record>
        <record id="config_parameter_sii_wsdl_pr" model="ir.config_parameter" forcecreate="True">
            <field name="key">l10n_es_aeat_sii.wsdl_pr</field>
            <field name="value">https://www2.agenciatributaria.gob.es/static_files/common/internet/dep/aplicaciones/es/aeat/ssii_1_1/fact/ws/SuministroCobrosEmitidas.wsdl</field>
            <field name="group_ids" eval="[(6, False, [ref('account.group_account_invoice')])]" />
        </record>
        <record id="config_parameter_sii_wsdl_ott" model="ir.config_parameter" forcecreate="True">
            <field name="key">l10n_es_aeat_sii.wsdl_ott</field>
            <field name="value">https://www2.agenciatributaria.gob.es/static_files/common/internet/dep/aplicaciones/es/aeat/ssii_1_1/fact/ws/SuministroOpTrascendTribu.wsdl</field>
            <field name="group_ids" eval="[(6, False, [ref('account.group_account_invoice')])]" />
        </record>
        <record id="config_parameter_sii_wsdl_ps" model="ir.config_parameter" forcecreate="True">
            <field name="key">l10n_es_aeat_sii.wsdl_ps</field>
            <field name="value">https://www2.agenciatributaria.gob.es/static_files/common/internet/dep/aplicaciones/es/aeat/ssii_1_1/fact/ws/SuministroPagosRecibidas.wsdl</field>
            <field name="group_ids" eval="[(6, False, [ref('account.group_account_invoice')])]" />
        </record>
    </data>
</openerp>
