<?xml version="1.0" encoding="utf-8"?>
<!-- Copyright 2019 Tecnativa - Pedro M. Baeza
     License AGPL-3.0 or later (http://www.gnu.org/licenses/agpl). -->
<odoo>

    <record id="aeat_mod390_2019_sub05_export_config" model="aeat.model.export.config">
        <field name="name">Mod.390 2019 - Página 5</field>
        <field name="model_number">390</field>
        <field name="active" eval="False"/>
    </record>

    <record id="aeat_mod390_2019_sub05_export_line_01" model="aeat.model.export.config.line">
        <field name="sequence">1</field>
        <field name="export_config_id" ref="aeat_mod390_2019_sub05_export_config"/>
        <field name="name">Constante: &lt;T</field>
        <field name="fixed_value">&lt;T</field>
        <field name="export_type">string</field>
        <field name="size">2</field>
        <field name="alignment">left</field>
    </record>

    <record id="aeat_mod390_2019_sub05_export_line_02" model="aeat.model.export.config.line">
        <field name="sequence">2</field>
        <field name="export_config_id" ref="aeat_mod390_2019_sub05_export_config"/>
        <field name="name">Constante: 390</field>
        <field name="fixed_value">390</field>
        <field name="export_type">string</field>
        <field name="size">3</field>
        <field name="alignment">left</field>
    </record>

    <record id="aeat_mod390_2019_sub05_export_line_03" model="aeat.model.export.config.line">
        <field name="sequence">3</field>
        <field name="export_config_id" ref="aeat_mod390_2019_sub05_export_config"/>
        <field name="name">Página</field>
        <field name="fixed_value">05</field>
        <field name="export_type">string</field>
        <field name="size">2</field>
        <field name="alignment">left</field>
    </record>

    <record id="aeat_mod390_2019_sub05_export_line_04" model="aeat.model.export.config.line">
        <field name="sequence">4</field>
        <field name="export_config_id" ref="aeat_mod390_2019_sub05_export_config"/>
        <field name="name">Constante: 000&gt;</field>
        <field name="fixed_value">000&gt;</field>
        <field name="export_type">string</field>
        <field name="size">4</field>
        <field name="alignment">left</field>
    </record>

    <record id="aeat_mod390_2019_sub05_export_line_05" model="aeat.model.export.config.line">
        <field name="sequence">5</field>
        <field name="export_config_id" ref="aeat_mod390_2019_sub05_export_config"/>
        <field name="name">Indicador de página complementaria: En blanco</field>
        <field name="fixed_value"/>
        <field name="export_type">string</field>
        <field name="size">1</field>
        <field name="alignment">left</field>
    </record>

    <record id="aeat_mod390_2019_sub05_export_line_06" model="aeat.model.export.config.line">
        <field name="sequence">6</field>
        <field name="export_config_id" ref="aeat_mod390_2019_sub05_export_config"/>
        <field name="name">6. Operaciones Reg. Simplificado - Actividad 1  - Epígrafe I.A.E. [66]</field>
        <field name="fixed_value"/>
        <field name="export_type">string</field>
        <field name="size">4</field>
        <field name="alignment">left</field>
    </record>

    <record id="aeat_mod390_2019_sub05_export_line_07" model="aeat.model.export.config.line">
        <field name="sequence">7</field>
        <field name="export_config_id" ref="aeat_mod390_2019_sub05_export_config"/>
        <field name="name">6. Operaciones Reg. Simplificado - Actividad 1 - A - Nº unidades Módulo 1</field>
        <field name="fixed_value">0</field>
        <field name="export_type">float</field>
        <field name="apply_sign" eval="False"/>
        <field name="size">10</field>
        <field name="decimal_size">2</field>
        <field name="alignment">right</field>
    </record>

    <record id="aeat_mod390_2019_sub05_export_line_08" model="aeat.model.export.config.line">
        <field name="sequence">8</field>
        <field name="export_config_id" ref="aeat_mod390_2019_sub05_export_config"/>
        <field name="name">6. Operaciones Reg. Simplificado - Actividad 1 - B - Importe Módulo 1</field>
        <field name="fixed_value">0</field>
        <field name="export_type">float</field>
        <field name="apply_sign" eval="False"/>
        <field name="size">17</field>
        <field name="decimal_size">2</field>
        <field name="alignment">right</field>
    </record>

    <record id="aeat_mod390_2019_sub05_export_line_09" model="aeat.model.export.config.line">
        <field name="sequence">9</field>
        <field name="export_config_id" ref="aeat_mod390_2019_sub05_export_config"/>
        <field name="name">6. Operaciones Reg. Simplificado - Actividad 1 - A - Nº unidades Módulo 2</field>
        <field name="fixed_value">0</field>
        <field name="export_type">float</field>
        <field name="apply_sign" eval="False"/>
        <field name="size">10</field>
        <field name="decimal_size">2</field>
        <field name="alignment">right</field>
    </record>

    <record id="aeat_mod390_2019_sub05_export_line_10" model="aeat.model.export.config.line">
        <field name="sequence">10</field>
        <field name="export_config_id" ref="aeat_mod390_2019_sub05_export_config"/>
        <field name="name">6. Operaciones Reg. Simplificado - Actividad 1 - B - Importe Módulo 2</field>
        <field name="fixed_value">0</field>
        <field name="export_type">float</field>
        <field name="apply_sign" eval="False"/>
        <field name="size">17</field>
        <field name="decimal_size">2</field>
        <field name="alignment">right</field>
    </record>

    <record id="aeat_mod390_2019_sub05_export_line_11" model="aeat.model.export.config.line">
        <field name="sequence">11</field>
        <field name="export_config_id" ref="aeat_mod390_2019_sub05_export_config"/>
        <field name="name">6. Operaciones Reg. Simplificado - Actividad 1 - A - Nº unidades Módulo 3</field>
        <field name="fixed_value">0</field>
        <field name="export_type">float</field>
        <field name="apply_sign" eval="False"/>
        <field name="size">10</field>
        <field name="decimal_size">2</field>
        <field name="alignment">right</field>
    </record>

    <record id="aeat_mod390_2019_sub05_export_line_12" model="aeat.model.export.config.line">
        <field name="sequence">12</field>
        <field name="export_config_id" ref="aeat_mod390_2019_sub05_export_config"/>
        <field name="name">6. Operaciones Reg. Simplificado - Actividad 1 - B - Importe Módulo 3</field>
        <field name="fixed_value">0</field>
        <field name="export_type">float</field>
        <field name="apply_sign" eval="False"/>
        <field name="size">17</field>
        <field name="decimal_size">2</field>
        <field name="alignment">right</field>
    </record>

    <record id="aeat_mod390_2019_sub05_export_line_13" model="aeat.model.export.config.line">
        <field name="sequence">13</field>
        <field name="export_config_id" ref="aeat_mod390_2019_sub05_export_config"/>
        <field name="name">6. Operaciones Reg. Simplificado - Actividad 1 - A - Nº unidades Módulo 4</field>
        <field name="fixed_value">0</field>
        <field name="export_type">float</field>
        <field name="apply_sign" eval="False"/>
        <field name="size">10</field>
        <field name="decimal_size">2</field>
        <field name="alignment">right</field>
    </record>

    <record id="aeat_mod390_2019_sub05_export_line_14" model="aeat.model.export.config.line">
        <field name="sequence">14</field>
        <field name="export_config_id" ref="aeat_mod390_2019_sub05_export_config"/>
        <field name="name">6. Operaciones Reg. Simplificado - Actividad 1 - B - Importe Módulo 4</field>
        <field name="fixed_value">0</field>
        <field name="export_type">float</field>
        <field name="apply_sign" eval="False"/>
        <field name="size">17</field>
        <field name="decimal_size">2</field>
        <field name="alignment">right</field>
    </record>

    <record id="aeat_mod390_2019_sub05_export_line_15" model="aeat.model.export.config.line">
        <field name="sequence">15</field>
        <field name="export_config_id" ref="aeat_mod390_2019_sub05_export_config"/>
        <field name="name">6. Operaciones Reg. Simplificado - Actividad 1 - A - Nº unidades Módulo 5</field>
        <field name="fixed_value">0</field>
        <field name="export_type">float</field>
        <field name="apply_sign" eval="False"/>
        <field name="size">10</field>
        <field name="decimal_size">2</field>
        <field name="alignment">right</field>
    </record>

    <record id="aeat_mod390_2019_sub05_export_line_16" model="aeat.model.export.config.line">
        <field name="sequence">16</field>
        <field name="export_config_id" ref="aeat_mod390_2019_sub05_export_config"/>
        <field name="name">6. Operaciones Reg. Simplificado - Actividad 1 - B - Importe Módulo 5</field>
        <field name="fixed_value">0</field>
        <field name="export_type">float</field>
        <field name="apply_sign" eval="False"/>
        <field name="size">17</field>
        <field name="decimal_size">2</field>
        <field name="alignment">right</field>
    </record>

    <record id="aeat_mod390_2019_sub05_export_line_17" model="aeat.model.export.config.line">
        <field name="sequence">17</field>
        <field name="export_config_id" ref="aeat_mod390_2019_sub05_export_config"/>
        <field name="name">6. Operaciones Reg. Simplificado - Actividad 1 - A - Nº unidades Módulo 6</field>
        <field name="fixed_value">0</field>
        <field name="export_type">float</field>
        <field name="apply_sign" eval="False"/>
        <field name="size">10</field>
        <field name="decimal_size">2</field>
        <field name="alignment">right</field>
    </record>

    <record id="aeat_mod390_2019_sub05_export_line_18" model="aeat.model.export.config.line">
        <field name="sequence">18</field>
        <field name="export_config_id" ref="aeat_mod390_2019_sub05_export_config"/>
        <field name="name">6. Operaciones Reg. Simplificado - Actividad 1 - B - Importe Módulo 6</field>
        <field name="fixed_value">0</field>
        <field name="export_type">float</field>
        <field name="apply_sign" eval="False"/>
        <field name="size">17</field>
        <field name="decimal_size">2</field>
        <field name="alignment">right</field>
    </record>

    <record id="aeat_mod390_2019_sub05_export_line_19" model="aeat.model.export.config.line">
        <field name="sequence">19</field>
        <field name="export_config_id" ref="aeat_mod390_2019_sub05_export_config"/>
        <field name="name">6. Operaciones Reg. Simplificado - Actividad 1 - A - Nº unidades Módulo 7</field>
        <field name="fixed_value">0</field>
        <field name="export_type">float</field>
        <field name="apply_sign" eval="False"/>
        <field name="size">10</field>
        <field name="decimal_size">2</field>
        <field name="alignment">right</field>
    </record>

    <record id="aeat_mod390_2019_sub05_export_line_20" model="aeat.model.export.config.line">
        <field name="sequence">20</field>
        <field name="export_config_id" ref="aeat_mod390_2019_sub05_export_config"/>
        <field name="name">6. Operaciones Reg. Simplificado - Actividad 1 - B - Importe Módulo 7</field>
        <field name="fixed_value">0</field>
        <field name="export_type">float</field>
        <field name="apply_sign" eval="False"/>
        <field name="size">17</field>
        <field name="decimal_size">2</field>
        <field name="alignment">right</field>
    </record>

    <record id="aeat_mod390_2019_sub05_export_line_21" model="aeat.model.export.config.line">
        <field name="sequence">21</field>
        <field name="export_config_id" ref="aeat_mod390_2019_sub05_export_config"/>
        <field name="name">6. Operaciones Reg. Simplificado - Actividad 1 - C- Cuota devengada operaciones corrientes</field>
        <field name="fixed_value">0</field>
        <field name="export_type">float</field>
        <field name="apply_sign" eval="False"/>
        <field name="size">17</field>
        <field name="decimal_size">2</field>
        <field name="alignment">right</field>
    </record>

    <record id="aeat_mod390_2019_sub05_export_line_22" model="aeat.model.export.config.line">
        <field name="sequence">22</field>
        <field name="export_config_id" ref="aeat_mod390_2019_sub05_export_config"/>
        <field name="name">6. Operaciones Reg. Simplificado - Actividad 1 - Lorca 2016</field>
        <field name="fixed_value">0</field>
        <field name="export_type">float</field>
        <field name="apply_sign" eval="False"/>
        <field name="size">17</field>
        <field name="decimal_size">2</field>
        <field name="alignment">right</field>
    </record>

    <record id="aeat_mod390_2019_sub05_export_line_23" model="aeat.model.export.config.line">
        <field name="sequence">23</field>
        <field name="export_config_id" ref="aeat_mod390_2019_sub05_export_config"/>
        <field name="name">6. Operaciones Reg. Simplificado - Actividad 1 - D- Cuota soportadas operaciones corrientes</field>
        <field name="fixed_value">0</field>
        <field name="export_type">float</field>
        <field name="apply_sign" eval="False"/>
        <field name="size">17</field>
        <field name="decimal_size">2</field>
        <field name="alignment">right</field>
    </record>

    <record id="aeat_mod390_2019_sub05_export_line_24" model="aeat.model.export.config.line">
        <field name="sequence">24</field>
        <field name="export_config_id" ref="aeat_mod390_2019_sub05_export_config"/>
        <field name="name">6. Operaciones Reg. Simplificado - Actividad 1 - E - Índice corrector</field>
        <field name="fixed_value">0</field>
        <field name="export_type">float</field>
        <field name="apply_sign" eval="False"/>
        <field name="size">3</field>
        <field name="decimal_size">2</field>
        <field name="alignment">right</field>
    </record>

    <record id="aeat_mod390_2019_sub05_export_line_25" model="aeat.model.export.config.line">
        <field name="sequence">25</field>
        <field name="export_config_id" ref="aeat_mod390_2019_sub05_export_config"/>
        <field name="name">6. Operaciones Reg. Simplificado - Actividad 1 - F - Resultado</field>
        <field name="fixed_value">0</field>
        <field name="export_type">float</field>
        <field name="apply_sign" eval="True"/>
        <field name="size">17</field>
        <field name="decimal_size">2</field>
        <field name="alignment">right</field>
    </record>

    <record id="aeat_mod390_2019_sub05_export_line_26" model="aeat.model.export.config.line">
        <field name="sequence">26</field>
        <field name="export_config_id" ref="aeat_mod390_2019_sub05_export_config"/>
        <field name="name">6. Operaciones Reg. Simplificado - Actividad 1- G - % Cuota mínima</field>
        <field name="fixed_value">0</field>
        <field name="export_type">float</field>
        <field name="apply_sign" eval="False"/>
        <field name="size">5</field>
        <field name="decimal_size">2</field>
        <field name="alignment">right</field>
    </record>

    <record id="aeat_mod390_2019_sub05_export_line_27" model="aeat.model.export.config.line">
        <field name="sequence">27</field>
        <field name="export_config_id" ref="aeat_mod390_2019_sub05_export_config"/>
        <field name="name">6. Operaciones Reg. Simplificado - Actividad 1- H - Devolución cuotas soportadas otros países</field>
        <field name="fixed_value">0</field>
        <field name="export_type">float</field>
        <field name="apply_sign" eval="False"/>
        <field name="size">17</field>
        <field name="decimal_size">2</field>
        <field name="alignment">right</field>
    </record>

    <record id="aeat_mod390_2019_sub05_export_line_28" model="aeat.model.export.config.line">
        <field name="sequence">28</field>
        <field name="export_config_id" ref="aeat_mod390_2019_sub05_export_config"/>
        <field name="name">6. Operaciones Reg. Simplificado - Actividad 1- I - Cuota mínima</field>
        <field name="fixed_value">0</field>
        <field name="export_type">float</field>
        <field name="apply_sign" eval="False"/>
        <field name="size">17</field>
        <field name="decimal_size">2</field>
        <field name="alignment">right</field>
    </record>

    <record id="aeat_mod390_2019_sub05_export_line_29" model="aeat.model.export.config.line">
        <field name="sequence">29</field>
        <field name="export_config_id" ref="aeat_mod390_2019_sub05_export_config"/>
        <field name="name">6. Operaciones Reg. Simplificado - Actividad 1 - Cuota derivada régimen simplificado [J1]</field>
        <field name="fixed_value">0</field>
        <field name="export_type">float</field>
        <field name="apply_sign" eval="False"/>
        <field name="size">17</field>
        <field name="decimal_size">2</field>
        <field name="alignment">right</field>
    </record>

    <record id="aeat_mod390_2019_sub05_export_line_30" model="aeat.model.export.config.line">
        <field name="sequence">30</field>
        <field name="export_config_id" ref="aeat_mod390_2019_sub05_export_config"/>
        <field name="name">6. Operaciones Reg. Simplificado - Actividad 2  - Epígrafe I.A.E. [66]</field>
        <field name="fixed_value"/>
        <field name="export_type">string</field>
        <field name="size">4</field>
        <field name="alignment">left</field>
    </record>

    <record id="aeat_mod390_2019_sub05_export_line_31" model="aeat.model.export.config.line">
        <field name="sequence">31</field>
        <field name="export_config_id" ref="aeat_mod390_2019_sub05_export_config"/>
        <field name="name">6. Operaciones Reg. Simplificado - Actividad 2 - A - Nº unidades Módulo 1</field>
        <field name="fixed_value">0</field>
        <field name="export_type">float</field>
        <field name="apply_sign" eval="False"/>
        <field name="size">10</field>
        <field name="decimal_size">2</field>
        <field name="alignment">right</field>
    </record>

    <record id="aeat_mod390_2019_sub05_export_line_32" model="aeat.model.export.config.line">
        <field name="sequence">32</field>
        <field name="export_config_id" ref="aeat_mod390_2019_sub05_export_config"/>
        <field name="name">6. Operaciones Reg. Simplificado - Actividad 2 - B - Importe Módulo 1</field>
        <field name="fixed_value">0</field>
        <field name="export_type">float</field>
        <field name="apply_sign" eval="False"/>
        <field name="size">17</field>
        <field name="decimal_size">2</field>
        <field name="alignment">right</field>
    </record>

    <record id="aeat_mod390_2019_sub05_export_line_33" model="aeat.model.export.config.line">
        <field name="sequence">33</field>
        <field name="export_config_id" ref="aeat_mod390_2019_sub05_export_config"/>
        <field name="name">6. Operaciones Reg. Simplificado - Actividad 2 - A - Nº unidades Módulo 2</field>
        <field name="fixed_value">0</field>
        <field name="export_type">float</field>
        <field name="apply_sign" eval="False"/>
        <field name="size">10</field>
        <field name="decimal_size">2</field>
        <field name="alignment">right</field>
    </record>

    <record id="aeat_mod390_2019_sub05_export_line_34" model="aeat.model.export.config.line">
        <field name="sequence">34</field>
        <field name="export_config_id" ref="aeat_mod390_2019_sub05_export_config"/>
        <field name="name">6. Operaciones Reg. Simplificado - Actividad 2 - B - Importe Módulo 2</field>
        <field name="fixed_value">0</field>
        <field name="export_type">float</field>
        <field name="apply_sign" eval="False"/>
        <field name="size">17</field>
        <field name="decimal_size">2</field>
        <field name="alignment">right</field>
    </record>

    <record id="aeat_mod390_2019_sub05_export_line_35" model="aeat.model.export.config.line">
        <field name="sequence">35</field>
        <field name="export_config_id" ref="aeat_mod390_2019_sub05_export_config"/>
        <field name="name">6. Operaciones Reg. Simplificado - Actividad 2 - A - Nº unidades Módulo 3</field>
        <field name="fixed_value">0</field>
        <field name="export_type">float</field>
        <field name="apply_sign" eval="False"/>
        <field name="size">10</field>
        <field name="decimal_size">2</field>
        <field name="alignment">right</field>
    </record>

    <record id="aeat_mod390_2019_sub05_export_line_36" model="aeat.model.export.config.line">
        <field name="sequence">36</field>
        <field name="export_config_id" ref="aeat_mod390_2019_sub05_export_config"/>
        <field name="name">6. Operaciones Reg. Simplificado - Actividad 2 - B - Importe Módulo 3</field>
        <field name="fixed_value">0</field>
        <field name="export_type">float</field>
        <field name="apply_sign" eval="False"/>
        <field name="size">17</field>
        <field name="decimal_size">2</field>
        <field name="alignment">right</field>
    </record>

    <record id="aeat_mod390_2019_sub05_export_line_37" model="aeat.model.export.config.line">
        <field name="sequence">37</field>
        <field name="export_config_id" ref="aeat_mod390_2019_sub05_export_config"/>
        <field name="name">6. Operaciones Reg. Simplificado - Actividad 2 - A - Nº unidades Módulo 4</field>
        <field name="fixed_value">0</field>
        <field name="export_type">float</field>
        <field name="apply_sign" eval="False"/>
        <field name="size">10</field>
        <field name="decimal_size">2</field>
        <field name="alignment">right</field>
    </record>

    <record id="aeat_mod390_2019_sub05_export_line_38" model="aeat.model.export.config.line">
        <field name="sequence">38</field>
        <field name="export_config_id" ref="aeat_mod390_2019_sub05_export_config"/>
        <field name="name">6. Operaciones Reg. Simplificado - Actividad 2 - B - Importe Módulo 4</field>
        <field name="fixed_value">0</field>
        <field name="export_type">float</field>
        <field name="apply_sign" eval="False"/>
        <field name="size">17</field>
        <field name="decimal_size">2</field>
        <field name="alignment">right</field>
    </record>

    <record id="aeat_mod390_2019_sub05_export_line_39" model="aeat.model.export.config.line">
        <field name="sequence">39</field>
        <field name="export_config_id" ref="aeat_mod390_2019_sub05_export_config"/>
        <field name="name">6. Operaciones Reg. Simplificado - Actividad 2 - A - Nº unidades Módulo 5</field>
        <field name="fixed_value">0</field>
        <field name="export_type">float</field>
        <field name="apply_sign" eval="False"/>
        <field name="size">10</field>
        <field name="decimal_size">2</field>
        <field name="alignment">right</field>
    </record>

    <record id="aeat_mod390_2019_sub05_export_line_40" model="aeat.model.export.config.line">
        <field name="sequence">40</field>
        <field name="export_config_id" ref="aeat_mod390_2019_sub05_export_config"/>
        <field name="name">6. Operaciones Reg. Simplificado - Actividad 2 - B - Importe Módulo 5</field>
        <field name="fixed_value">0</field>
        <field name="export_type">float</field>
        <field name="apply_sign" eval="False"/>
        <field name="size">17</field>
        <field name="decimal_size">2</field>
        <field name="alignment">right</field>
    </record>

    <record id="aeat_mod390_2019_sub05_export_line_41" model="aeat.model.export.config.line">
        <field name="sequence">41</field>
        <field name="export_config_id" ref="aeat_mod390_2019_sub05_export_config"/>
        <field name="name">6. Operaciones Reg. Simplificado - Actividad 2 - A - Nº unidades Módulo 6</field>
        <field name="fixed_value">0</field>
        <field name="export_type">float</field>
        <field name="apply_sign" eval="False"/>
        <field name="size">10</field>
        <field name="decimal_size">2</field>
        <field name="alignment">right</field>
    </record>

    <record id="aeat_mod390_2019_sub05_export_line_42" model="aeat.model.export.config.line">
        <field name="sequence">42</field>
        <field name="export_config_id" ref="aeat_mod390_2019_sub05_export_config"/>
        <field name="name">6. Operaciones Reg. Simplificado - Actividad 2 - B - Importe Módulo 6</field>
        <field name="fixed_value">0</field>
        <field name="export_type">float</field>
        <field name="apply_sign" eval="False"/>
        <field name="size">17</field>
        <field name="decimal_size">2</field>
        <field name="alignment">right</field>
    </record>

    <record id="aeat_mod390_2019_sub05_export_line_43" model="aeat.model.export.config.line">
        <field name="sequence">43</field>
        <field name="export_config_id" ref="aeat_mod390_2019_sub05_export_config"/>
        <field name="name">6. Operaciones Reg. Simplificado - Actividad 2 - A - Nº unidades Módulo 7</field>
        <field name="fixed_value">0</field>
        <field name="export_type">float</field>
        <field name="apply_sign" eval="False"/>
        <field name="size">10</field>
        <field name="decimal_size">2</field>
        <field name="alignment">right</field>
    </record>

    <record id="aeat_mod390_2019_sub05_export_line_44" model="aeat.model.export.config.line">
        <field name="sequence">44</field>
        <field name="export_config_id" ref="aeat_mod390_2019_sub05_export_config"/>
        <field name="name">6. Operaciones Reg. Simplificado - Actividad 2 - B - Importe Módulo 7</field>
        <field name="fixed_value">0</field>
        <field name="export_type">float</field>
        <field name="apply_sign" eval="False"/>
        <field name="size">17</field>
        <field name="decimal_size">2</field>
        <field name="alignment">right</field>
    </record>

    <record id="aeat_mod390_2019_sub05_export_line_45" model="aeat.model.export.config.line">
        <field name="sequence">45</field>
        <field name="export_config_id" ref="aeat_mod390_2019_sub05_export_config"/>
        <field name="name">6. Operaciones Reg. Simplificado - Actividad 2 - C- Cuota devengada operaciones corrientes</field>
        <field name="fixed_value">0</field>
        <field name="export_type">float</field>
        <field name="apply_sign" eval="False"/>
        <field name="size">17</field>
        <field name="decimal_size">2</field>
        <field name="alignment">right</field>
    </record>

    <record id="aeat_mod390_2019_sub05_export_line_46" model="aeat.model.export.config.line">
        <field name="sequence">46</field>
        <field name="export_config_id" ref="aeat_mod390_2019_sub05_export_config"/>
        <field name="name">6. Operaciones Reg. Simplificado - Actividad 2 - Lorca 2016</field>
        <field name="fixed_value">0</field>
        <field name="export_type">float</field>
        <field name="apply_sign" eval="False"/>
        <field name="size">17</field>
        <field name="decimal_size">2</field>
        <field name="alignment">right</field>
    </record>

    <record id="aeat_mod390_2019_sub05_export_line_47" model="aeat.model.export.config.line">
        <field name="sequence">47</field>
        <field name="export_config_id" ref="aeat_mod390_2019_sub05_export_config"/>
        <field name="name">6. Operaciones Reg. Simplificado - Actividad 2 - D- Cuota soportadas operaciones corrientes</field>
        <field name="fixed_value">0</field>
        <field name="export_type">float</field>
        <field name="apply_sign" eval="False"/>
        <field name="size">17</field>
        <field name="decimal_size">2</field>
        <field name="alignment">right</field>
    </record>

    <record id="aeat_mod390_2019_sub05_export_line_48" model="aeat.model.export.config.line">
        <field name="sequence">48</field>
        <field name="export_config_id" ref="aeat_mod390_2019_sub05_export_config"/>
        <field name="name">6. Operaciones Reg. Simplificado - Actividad 2 - E - Índice corrector</field>
        <field name="fixed_value">0</field>
        <field name="export_type">float</field>
        <field name="apply_sign" eval="False"/>
        <field name="size">3</field>
        <field name="decimal_size">2</field>
        <field name="alignment">right</field>
    </record>

    <record id="aeat_mod390_2019_sub05_export_line_49" model="aeat.model.export.config.line">
        <field name="sequence">49</field>
        <field name="export_config_id" ref="aeat_mod390_2019_sub05_export_config"/>
        <field name="name">6. Operaciones Reg. Simplificado - Actividad 2 - F - Resultado</field>
        <field name="fixed_value">0</field>
        <field name="export_type">float</field>
        <field name="apply_sign" eval="True"/>
        <field name="size">17</field>
        <field name="decimal_size">2</field>
        <field name="alignment">right</field>
    </record>

    <record id="aeat_mod390_2019_sub05_export_line_50" model="aeat.model.export.config.line">
        <field name="sequence">50</field>
        <field name="export_config_id" ref="aeat_mod390_2019_sub05_export_config"/>
        <field name="name">6. Operaciones Reg. Simplificado - Actividad 2- G - % Cuota mínima</field>
        <field name="fixed_value">0</field>
        <field name="export_type">float</field>
        <field name="apply_sign" eval="False"/>
        <field name="size">5</field>
        <field name="decimal_size">2</field>
        <field name="alignment">right</field>
    </record>

    <record id="aeat_mod390_2019_sub05_export_line_51" model="aeat.model.export.config.line">
        <field name="sequence">51</field>
        <field name="export_config_id" ref="aeat_mod390_2019_sub05_export_config"/>
        <field name="name">6. Operaciones Reg. Simplificado - Actividad 2- H - Devolución cuotas soportadas otros países</field>
        <field name="fixed_value">0</field>
        <field name="export_type">float</field>
        <field name="apply_sign" eval="False"/>
        <field name="size">17</field>
        <field name="decimal_size">2</field>
        <field name="alignment">right</field>
    </record>

    <record id="aeat_mod390_2019_sub05_export_line_52" model="aeat.model.export.config.line">
        <field name="sequence">52</field>
        <field name="export_config_id" ref="aeat_mod390_2019_sub05_export_config"/>
        <field name="name">6. Operaciones Reg. Simplificado - Actividad 2- I - Cuota mínima</field>
        <field name="fixed_value">0</field>
        <field name="export_type">float</field>
        <field name="apply_sign" eval="False"/>
        <field name="size">17</field>
        <field name="decimal_size">2</field>
        <field name="alignment">right</field>
    </record>

    <record id="aeat_mod390_2019_sub05_export_line_53" model="aeat.model.export.config.line">
        <field name="sequence">53</field>
        <field name="export_config_id" ref="aeat_mod390_2019_sub05_export_config"/>
        <field name="name">6. Operaciones Reg. Simplificado - Actividad 2 - Cuota derivada régimen simplificado [J2]</field>
        <field name="fixed_value">0</field>
        <field name="export_type">float</field>
        <field name="apply_sign" eval="False"/>
        <field name="size">17</field>
        <field name="decimal_size">2</field>
        <field name="alignment">right</field>
    </record>

    <record id="aeat_mod390_2019_sub05_export_line_54" model="aeat.model.export.config.line">
        <field name="sequence">54</field>
        <field name="export_config_id" ref="aeat_mod390_2019_sub05_export_config"/>
        <field name="name">6. Operaciones Reg. Simplificado - Act. Agrícolas y Ganaderas - Actividad 1 -  Código</field>
        <field name="fixed_value">00</field>
        <field name="export_type">string</field>
        <field name="size">2</field>
        <field name="alignment">left</field>
    </record>

    <record id="aeat_mod390_2019_sub05_export_line_55" model="aeat.model.export.config.line">
        <field name="sequence">55</field>
        <field name="export_config_id" ref="aeat_mod390_2019_sub05_export_config"/>
        <field name="name">6. Operaciones Reg. Simplificado - Act. Agrícolas y Ganaderas - Actividad 1 - Volumen  ingresos</field>
        <field name="fixed_value">0</field>
        <field name="export_type">float</field>
        <field name="apply_sign" eval="False"/>
        <field name="size">17</field>
        <field name="decimal_size">2</field>
        <field name="alignment">right</field>
    </record>

    <record id="aeat_mod390_2019_sub05_export_line_56" model="aeat.model.export.config.line">
        <field name="sequence">56</field>
        <field name="export_config_id" ref="aeat_mod390_2019_sub05_export_config"/>
        <field name="name">6. Operaciones Reg. Simplificado - Act. Agrícolas y Ganaderas - Actividad 1 - Indice cuota</field>
        <field name="fixed_value">0</field>
        <field name="export_type">float</field>
        <field name="apply_sign" eval="False"/>
        <field name="size">6</field>
        <field name="decimal_size">5</field>
        <field name="alignment">right</field>
    </record>

    <record id="aeat_mod390_2019_sub05_export_line_57" model="aeat.model.export.config.line">
        <field name="sequence">57</field>
        <field name="export_config_id" ref="aeat_mod390_2019_sub05_export_config"/>
        <field name="name">6. Operaciones Reg. Simplificado - Act. Agrícolas y Ganaderas - Actividad 1 - Cuota devengada</field>
        <field name="fixed_value">0</field>
        <field name="export_type">float</field>
        <field name="apply_sign" eval="False"/>
        <field name="size">17</field>
        <field name="decimal_size">2</field>
        <field name="alignment">right</field>
    </record>

    <record id="aeat_mod390_2019_sub05_export_line_58" model="aeat.model.export.config.line">
        <field name="sequence">58</field>
        <field name="export_config_id" ref="aeat_mod390_2019_sub05_export_config"/>
        <field name="name">6. Operaciones Reg. Simplificado - Act. Agrícolas y Ganaderas - Actividad 1 - Cuota soportada</field>
        <field name="fixed_value">0</field>
        <field name="export_type">float</field>
        <field name="apply_sign" eval="False"/>
        <field name="size">17</field>
        <field name="decimal_size">2</field>
        <field name="alignment">right</field>
    </record>

    <record id="aeat_mod390_2019_sub05_export_line_59" model="aeat.model.export.config.line">
        <field name="sequence">59</field>
        <field name="export_config_id" ref="aeat_mod390_2019_sub05_export_config"/>
        <field name="name">6. Operaciones Reg. Simplificado - Act. Agrícolas y Ganaderas - Actividad 1 - Cuota derivada Regimen Simplificado [K1]</field>
        <field name="fixed_value">0</field>
        <field name="export_type">float</field>
        <field name="apply_sign" eval="True"/>
        <field name="size">17</field>
        <field name="decimal_size">2</field>
        <field name="alignment">right</field>
    </record>

    <record id="aeat_mod390_2019_sub05_export_line_60" model="aeat.model.export.config.line">
        <field name="sequence">60</field>
        <field name="export_config_id" ref="aeat_mod390_2019_sub05_export_config"/>
        <field name="name">6. Operaciones Reg. Simplificado - Act. Agrícolas y Ganaderas - Actividad 2 -  Código</field>
        <field name="fixed_value">00</field>
        <field name="export_type">string</field>
        <field name="size">2</field>
        <field name="alignment">left</field>
    </record>

    <record id="aeat_mod390_2019_sub05_export_line_61" model="aeat.model.export.config.line">
        <field name="sequence">61</field>
        <field name="export_config_id" ref="aeat_mod390_2019_sub05_export_config"/>
        <field name="name">6. Operaciones Reg. Simplificado - Act. Agrícolas y Ganaderas - Actividad 2 - Volumen  ingresos</field>
        <field name="fixed_value">0</field>
        <field name="export_type">float</field>
        <field name="apply_sign" eval="False"/>
        <field name="size">17</field>
        <field name="decimal_size">2</field>
        <field name="alignment">right</field>
    </record>

    <record id="aeat_mod390_2019_sub05_export_line_62" model="aeat.model.export.config.line">
        <field name="sequence">62</field>
        <field name="export_config_id" ref="aeat_mod390_2019_sub05_export_config"/>
        <field name="name">6. Operaciones Reg. Simplificado - Act. Agrícolas y Ganaderas - Actividad 2 - Indice cuota</field>
        <field name="fixed_value">0</field>
        <field name="export_type">float</field>
        <field name="apply_sign" eval="False"/>
        <field name="size">6</field>
        <field name="decimal_size">5</field>
        <field name="alignment">right</field>
    </record>

    <record id="aeat_mod390_2019_sub05_export_line_63" model="aeat.model.export.config.line">
        <field name="sequence">63</field>
        <field name="export_config_id" ref="aeat_mod390_2019_sub05_export_config"/>
        <field name="name">6. Operaciones Reg. Simplificado - Act. Agrícolas y Ganaderas - Actividad 2- Cuota devengada</field>
        <field name="fixed_value">0</field>
        <field name="export_type">float</field>
        <field name="apply_sign" eval="False"/>
        <field name="size">17</field>
        <field name="decimal_size">2</field>
        <field name="alignment">right</field>
    </record>

    <record id="aeat_mod390_2019_sub05_export_line_64" model="aeat.model.export.config.line">
        <field name="sequence">64</field>
        <field name="export_config_id" ref="aeat_mod390_2019_sub05_export_config"/>
        <field name="name">6. Operaciones Reg. Simplificado - Act. Agrícolas y Ganaderas - Actividad 2 - Cuota soportada</field>
        <field name="fixed_value">0</field>
        <field name="export_type">float</field>
        <field name="apply_sign" eval="False"/>
        <field name="size">17</field>
        <field name="decimal_size">2</field>
        <field name="alignment">right</field>
    </record>

    <record id="aeat_mod390_2019_sub05_export_line_65" model="aeat.model.export.config.line">
        <field name="sequence">65</field>
        <field name="export_config_id" ref="aeat_mod390_2019_sub05_export_config"/>
        <field name="name">6. Operaciones Reg. Simplificado - Act. Agrícolas y Ganaderas - Actividad 2 - Cuota derivada Regimen Simplificado [K2]</field>
        <field name="fixed_value">0</field>
        <field name="export_type">float</field>
        <field name="apply_sign" eval="True"/>
        <field name="size">17</field>
        <field name="decimal_size">2</field>
        <field name="alignment">right</field>
    </record>

    <record id="aeat_mod390_2019_sub05_export_line_66" model="aeat.model.export.config.line">
        <field name="sequence">66</field>
        <field name="export_config_id" ref="aeat_mod390_2019_sub05_export_config"/>
        <field name="name">6. Operaciones Reg. Simplificado - Act. Agrícolas y Ganaderas - Actividad 3 -  Código</field>
        <field name="fixed_value">00</field>
        <field name="export_type">string</field>
        <field name="size">2</field>
        <field name="alignment">left</field>
    </record>

    <record id="aeat_mod390_2019_sub05_export_line_67" model="aeat.model.export.config.line">
        <field name="sequence">67</field>
        <field name="export_config_id" ref="aeat_mod390_2019_sub05_export_config"/>
        <field name="name">6. Operaciones Reg. Simplificado - Act. Agrícolas y Ganaderas - Actividad 3 - Volumen  ingresos</field>
        <field name="fixed_value">0</field>
        <field name="export_type">float</field>
        <field name="apply_sign" eval="False"/>
        <field name="size">17</field>
        <field name="decimal_size">2</field>
        <field name="alignment">right</field>
    </record>

    <record id="aeat_mod390_2019_sub05_export_line_68" model="aeat.model.export.config.line">
        <field name="sequence">68</field>
        <field name="export_config_id" ref="aeat_mod390_2019_sub05_export_config"/>
        <field name="name">6. Operaciones Reg. Simplificado - Act. Agrícolas y Ganaderas - Actividad 3 - Indice cuota</field>
        <field name="fixed_value">0</field>
        <field name="export_type">float</field>
        <field name="apply_sign" eval="False"/>
        <field name="size">6</field>
        <field name="decimal_size">5</field>
        <field name="alignment">right</field>
    </record>

    <record id="aeat_mod390_2019_sub05_export_line_69" model="aeat.model.export.config.line">
        <field name="sequence">69</field>
        <field name="export_config_id" ref="aeat_mod390_2019_sub05_export_config"/>
        <field name="name">6. Operaciones Reg. Simplificado - Act. Agrícolas y Ganaderas - Actividad 3 - Cuota devengada</field>
        <field name="fixed_value">0</field>
        <field name="export_type">float</field>
        <field name="apply_sign" eval="False"/>
        <field name="size">17</field>
        <field name="decimal_size">2</field>
        <field name="alignment">right</field>
    </record>

    <record id="aeat_mod390_2019_sub05_export_line_70" model="aeat.model.export.config.line">
        <field name="sequence">70</field>
        <field name="export_config_id" ref="aeat_mod390_2019_sub05_export_config"/>
        <field name="name">6. Operaciones Reg. Simplificado - Act. Agrícolas y Ganaderas - Actividad 3 - Cuota soportada</field>
        <field name="fixed_value">0</field>
        <field name="export_type">float</field>
        <field name="apply_sign" eval="False"/>
        <field name="size">17</field>
        <field name="decimal_size">2</field>
        <field name="alignment">right</field>
    </record>

    <record id="aeat_mod390_2019_sub05_export_line_71" model="aeat.model.export.config.line">
        <field name="sequence">71</field>
        <field name="export_config_id" ref="aeat_mod390_2019_sub05_export_config"/>
        <field name="name">6. Operaciones Reg. Simplificado - Act. Agrícolas y Ganaderas - Actividad 3 - Cuota derivada Regimen Simplificado [K3]</field>
        <field name="fixed_value">0</field>
        <field name="export_type">float</field>
        <field name="apply_sign" eval="True"/>
        <field name="size">17</field>
        <field name="decimal_size">2</field>
        <field name="alignment">right</field>
    </record>

    <record id="aeat_mod390_2019_sub05_export_line_72" model="aeat.model.export.config.line">
        <field name="sequence">72</field>
        <field name="export_config_id" ref="aeat_mod390_2019_sub05_export_config"/>
        <field name="name">6. Operaciones Reg. Simplificado - Act. Agrícolas y Ganaderas - Actividad 4-  Código</field>
        <field name="fixed_value">00</field>
        <field name="export_type">string</field>
        <field name="size">2</field>
        <field name="alignment">left</field>
    </record>

    <record id="aeat_mod390_2019_sub05_export_line_73" model="aeat.model.export.config.line">
        <field name="sequence">73</field>
        <field name="export_config_id" ref="aeat_mod390_2019_sub05_export_config"/>
        <field name="name">6. Operaciones Reg. Simplificado - Act. Agrícolas y Ganaderas - Actividad 4- Volumen  ingresos</field>
        <field name="fixed_value">0</field>
        <field name="export_type">float</field>
        <field name="apply_sign" eval="False"/>
        <field name="size">17</field>
        <field name="decimal_size">2</field>
        <field name="alignment">right</field>
    </record>

    <record id="aeat_mod390_2019_sub05_export_line_74" model="aeat.model.export.config.line">
        <field name="sequence">74</field>
        <field name="export_config_id" ref="aeat_mod390_2019_sub05_export_config"/>
        <field name="name">6. Operaciones Reg. Simplificado - Act. Agrícolas y Ganaderas - Actividad 4 - Indice cuota</field>
        <field name="fixed_value">0</field>
        <field name="export_type">float</field>
        <field name="apply_sign" eval="False"/>
        <field name="size">6</field>
        <field name="decimal_size">5</field>
        <field name="alignment">right</field>
    </record>

    <record id="aeat_mod390_2019_sub05_export_line_75" model="aeat.model.export.config.line">
        <field name="sequence">75</field>
        <field name="export_config_id" ref="aeat_mod390_2019_sub05_export_config"/>
        <field name="name">6. Operaciones Reg. Simplificado - Act. Agrícolas y Ganaderas - Actividad 4 - Cuota devengada</field>
        <field name="fixed_value">0</field>
        <field name="export_type">float</field>
        <field name="apply_sign" eval="False"/>
        <field name="size">17</field>
        <field name="decimal_size">2</field>
        <field name="alignment">right</field>
    </record>

    <record id="aeat_mod390_2019_sub05_export_line_76" model="aeat.model.export.config.line">
        <field name="sequence">76</field>
        <field name="export_config_id" ref="aeat_mod390_2019_sub05_export_config"/>
        <field name="name">6. Operaciones Reg. Simplificado - Act. Agrícolas y Ganaderas - Actividad 4 - Cuota soportada</field>
        <field name="fixed_value">0</field>
        <field name="export_type">float</field>
        <field name="apply_sign" eval="False"/>
        <field name="size">17</field>
        <field name="decimal_size">2</field>
        <field name="alignment">right</field>
    </record>

    <record id="aeat_mod390_2019_sub05_export_line_77" model="aeat.model.export.config.line">
        <field name="sequence">77</field>
        <field name="export_config_id" ref="aeat_mod390_2019_sub05_export_config"/>
        <field name="name">6. Operaciones Reg. Simplificado - Act. Agrícolas y Ganaderas - Actividad 4 - Cuota derivada Regimen Simplificado [K4]</field>
        <field name="fixed_value">0</field>
        <field name="export_type">float</field>
        <field name="apply_sign" eval="True"/>
        <field name="size">17</field>
        <field name="decimal_size">2</field>
        <field name="alignment">right</field>
    </record>

    <record id="aeat_mod390_2019_sub05_export_line_78" model="aeat.model.export.config.line">
        <field name="sequence">78</field>
        <field name="export_config_id" ref="aeat_mod390_2019_sub05_export_config"/>
        <field name="name">6. Operaciones Reg. Simplificado - Act. Agrícolas y Ganaderas - Actividad 5-  Código</field>
        <field name="fixed_value">00</field>
        <field name="export_type">string</field>
        <field name="size">2</field>
        <field name="alignment">left</field>
    </record>

    <record id="aeat_mod390_2019_sub05_export_line_79" model="aeat.model.export.config.line">
        <field name="sequence">79</field>
        <field name="export_config_id" ref="aeat_mod390_2019_sub05_export_config"/>
        <field name="name">6. Operaciones Reg. Simplificado - Act. Agrícolas y Ganaderas - Actividad 5 - Volumen  ingresos</field>
        <field name="fixed_value">0</field>
        <field name="export_type">float</field>
        <field name="apply_sign" eval="False"/>
        <field name="size">17</field>
        <field name="decimal_size">2</field>
        <field name="alignment">right</field>
    </record>

    <record id="aeat_mod390_2019_sub05_export_line_80" model="aeat.model.export.config.line">
        <field name="sequence">80</field>
        <field name="export_config_id" ref="aeat_mod390_2019_sub05_export_config"/>
        <field name="name">6. Operaciones Reg. Simplificado - Act. Agrícolas y Ganaderas - Actividad 5 - Indice cuota</field>
        <field name="fixed_value">0</field>
        <field name="export_type">float</field>
        <field name="apply_sign" eval="False"/>
        <field name="size">6</field>
        <field name="decimal_size">5</field>
        <field name="alignment">right</field>
    </record>

    <record id="aeat_mod390_2019_sub05_export_line_81" model="aeat.model.export.config.line">
        <field name="sequence">81</field>
        <field name="export_config_id" ref="aeat_mod390_2019_sub05_export_config"/>
        <field name="name">6. Operaciones Reg. Simplificado - Act. Agrícolas y Ganaderas - Actividad 5 - Cuota devengada</field>
        <field name="fixed_value">0</field>
        <field name="export_type">float</field>
        <field name="apply_sign" eval="False"/>
        <field name="size">17</field>
        <field name="decimal_size">2</field>
        <field name="alignment">right</field>
    </record>

    <record id="aeat_mod390_2019_sub05_export_line_82" model="aeat.model.export.config.line">
        <field name="sequence">82</field>
        <field name="export_config_id" ref="aeat_mod390_2019_sub05_export_config"/>
        <field name="name">6. Operaciones Reg. Simplificado - Act. Agrícolas y Ganaderas - Actividad 5 - Cuota soportada</field>
        <field name="fixed_value">0</field>
        <field name="export_type">float</field>
        <field name="apply_sign" eval="False"/>
        <field name="size">17</field>
        <field name="decimal_size">2</field>
        <field name="alignment">right</field>
    </record>

    <record id="aeat_mod390_2019_sub05_export_line_83" model="aeat.model.export.config.line">
        <field name="sequence">83</field>
        <field name="export_config_id" ref="aeat_mod390_2019_sub05_export_config"/>
        <field name="name">6. Operaciones Reg. Simplificado - Act. Agrícolas y Ganaderas - Actividad 5 - Cuota derivada Regimen Simplificado [K5]</field>
        <field name="fixed_value">0</field>
        <field name="export_type">float</field>
        <field name="apply_sign" eval="True"/>
        <field name="size">17</field>
        <field name="decimal_size">2</field>
        <field name="alignment">right</field>
    </record>

    <record id="aeat_mod390_2019_sub05_export_line_84" model="aeat.model.export.config.line">
        <field name="sequence">84</field>
        <field name="export_config_id" ref="aeat_mod390_2019_sub05_export_config"/>
        <field name="name">6. Operaciones Reg. Simplificado - IVA devengado - Suma cuotas actividades no agríc., ganad. y forest.  [74]</field>
        <field name="fixed_value">0</field>
        <field name="export_type">float</field>
        <field name="apply_sign" eval="True"/>
        <field name="size">17</field>
        <field name="decimal_size">2</field>
        <field name="alignment">right</field>
    </record>

    <record id="aeat_mod390_2019_sub05_export_line_85" model="aeat.model.export.config.line">
        <field name="sequence">85</field>
        <field name="export_config_id" ref="aeat_mod390_2019_sub05_export_config"/>
        <field name="name">6. Operaciones Reg. Simplificado - IVA devengado - Suma cuotas  actividades agríc., ganad. y forest. [75]</field>
        <field name="fixed_value">0</field>
        <field name="export_type">float</field>
        <field name="apply_sign" eval="True"/>
        <field name="size">17</field>
        <field name="decimal_size">2</field>
        <field name="alignment">right</field>
    </record>

    <record id="aeat_mod390_2019_sub05_export_line_86" model="aeat.model.export.config.line">
        <field name="sequence">86</field>
        <field name="export_config_id" ref="aeat_mod390_2019_sub05_export_config"/>
        <field name="name">6. Operaciones Reg. Simplificado - IVA devengado en adquisiciones intracomunitarias [76]</field>
        <field name="fixed_value">0</field>
        <field name="export_type">float</field>
        <field name="apply_sign" eval="True"/>
        <field name="size">17</field>
        <field name="decimal_size">2</field>
        <field name="alignment">right</field>
    </record>

    <record id="aeat_mod390_2019_sub05_export_line_87" model="aeat.model.export.config.line">
        <field name="sequence">87</field>
        <field name="export_config_id" ref="aeat_mod390_2019_sub05_export_config"/>
        <field name="name">6. Operaciones Reg. Simplificado - IVA devengado - IVA devengado por inversión del sujeto pasivo [77]</field>
        <field name="fixed_value">0</field>
        <field name="export_type">float</field>
        <field name="apply_sign" eval="True"/>
        <field name="size">17</field>
        <field name="decimal_size">2</field>
        <field name="alignment">right</field>
    </record>

    <record id="aeat_mod390_2019_sub05_export_line_88" model="aeat.model.export.config.line">
        <field name="sequence">88</field>
        <field name="export_config_id" ref="aeat_mod390_2019_sub05_export_config"/>
        <field name="name">6. Operaciones Reg. Simplificado - IVA devengado - IVA devengado en entregas de activos fijos [78]</field>
        <field name="fixed_value">0</field>
        <field name="export_type">float</field>
        <field name="apply_sign" eval="True"/>
        <field name="size">17</field>
        <field name="decimal_size">2</field>
        <field name="alignment">right</field>
    </record>

    <record id="aeat_mod390_2019_sub05_export_line_89" model="aeat.model.export.config.line">
        <field name="sequence">89</field>
        <field name="export_config_id" ref="aeat_mod390_2019_sub05_export_config"/>
        <field name="name">6. Operaciones Reg. Simplificado - IVA devengado - Total cuota resultante [79]</field>
        <field name="fixed_value">0</field>
        <field name="export_type">float</field>
        <field name="apply_sign" eval="True"/>
        <field name="size">17</field>
        <field name="decimal_size">2</field>
        <field name="alignment">right</field>
    </record>

    <record id="aeat_mod390_2019_sub05_export_line_90" model="aeat.model.export.config.line">
        <field name="sequence">90</field>
        <field name="export_config_id" ref="aeat_mod390_2019_sub05_export_config"/>
        <field name="name">6. Operaciones Reg. Simplificado - Deducciones - IVA soportado en adquisicion de activos fijos [80]</field>
        <field name="fixed_value">0</field>
        <field name="export_type">float</field>
        <field name="apply_sign" eval="True"/>
        <field name="size">17</field>
        <field name="decimal_size">2</field>
        <field name="alignment">right</field>
    </record>

    <record id="aeat_mod390_2019_sub05_export_line_91" model="aeat.model.export.config.line">
        <field name="sequence">91</field>
        <field name="export_config_id" ref="aeat_mod390_2019_sub05_export_config"/>
        <field name="name">6. Operaciones Reg. Simplificado - Deducciones - Regularización de bienes de inversion [81]</field>
        <field name="fixed_value">0</field>
        <field name="export_type">float</field>
        <field name="apply_sign" eval="True"/>
        <field name="size">17</field>
        <field name="decimal_size">2</field>
        <field name="alignment">right</field>
    </record>

    <record id="aeat_mod390_2019_sub05_export_line_92" model="aeat.model.export.config.line">
        <field name="sequence">92</field>
        <field name="export_config_id" ref="aeat_mod390_2019_sub05_export_config"/>
        <field name="name">6. Operaciones Reg. Simplificado - Deducciones - Suma de deducciones [82]</field>
        <field name="fixed_value">0</field>
        <field name="export_type">float</field>
        <field name="apply_sign" eval="True"/>
        <field name="size">17</field>
        <field name="decimal_size">2</field>
        <field name="alignment">right</field>
    </record>

    <record id="aeat_mod390_2019_sub05_export_line_93" model="aeat.model.export.config.line">
        <field name="sequence">93</field>
        <field name="export_config_id" ref="aeat_mod390_2019_sub05_export_config"/>
        <field name="name">6. Operaciones Reg. Simplificado - Resultado régimen simplificado [83]</field>
        <field name="fixed_value">0</field>
        <field name="export_type">float</field>
        <field name="apply_sign" eval="True"/>
        <field name="size">17</field>
        <field name="decimal_size">2</field>
        <field name="alignment">right</field>
    </record>

    <record id="aeat_mod390_2019_sub05_export_line_94" model="aeat.model.export.config.line">
        <field name="sequence">94</field>
        <field name="export_config_id" ref="aeat_mod390_2019_sub05_export_config"/>
        <field name="name">Reservado para la A.E.A.T. (Dejar en blanco)</field>
        <field name="fixed_value"/>
        <field name="export_type">string</field>
        <field name="size">150</field>
        <field name="alignment">left</field>
    </record>

    <record id="aeat_mod390_2019_sub05_export_line_95" model="aeat.model.export.config.line">
        <field name="sequence">95</field>
        <field name="export_config_id" ref="aeat_mod390_2019_sub05_export_config"/>
        <field name="name">Indicador de fin de registro: &lt;/T39005000&gt;</field>
        <field name="fixed_value">&lt;/T39005000&gt;</field>
        <field name="export_type">string</field>
        <field name="size">12</field>
        <field name="alignment">left</field>
    </record>

</odoo>
