<?xml version="1.0" encoding="utf-8"?>
<!-- Copyright 2017 Tecnativa - Pedro M. Baeza <pedro.baeza@tecnativa.com>
     License AGPL-3.0 or later (http://www.gnu.org/licenses/agpl). -->
<odoo>

    <record id="aeat_mod390_main_export_config" model="aeat.model.export.config">
        <field name="name">Mod.390 2017</field>
        <field name="date_start">2017-01-01</field>
        <field name="date_end">2017-12-31</field>
        <field name="model_number">390</field>
        <field name="model_id" ref="l10n_es_aeat_mod390.model_l10n_es_aeat_mod390_report"/>
    </record>

    <record id="aeat_mod390_main_export_line_01" model="aeat.model.export.config.line">
        <field name="sequence">1</field>
        <field name="export_config_id" ref="aeat_mod390_main_export_config"/>
        <field name="name">Constante: &lt;T</field>
        <field name="fixed_value">&lt;T</field>
        <field name="export_type">string</field>
        <field name="size">2</field>
        <field name="alignment">left</field>
    </record>

    <record id="aeat_mod390_main_export_line_02" model="aeat.model.export.config.line">
        <field name="sequence">2</field>
        <field name="export_config_id" ref="aeat_mod390_main_export_config"/>
        <field name="name">Constante: 390</field>
        <field name="fixed_value">390</field>
        <field name="export_type">string</field>
        <field name="size">3</field>
        <field name="alignment">left</field>
    </record>

    <record id="aeat_mod390_main_export_line_03" model="aeat.model.export.config.line">
        <field name="sequence">3</field>
        <field name="export_config_id" ref="aeat_mod390_main_export_config"/>
        <field name="name">Constante: 0</field>
        <field name="fixed_value">0</field>
        <field name="export_type">string</field>
        <field name="size">1</field>
        <field name="alignment">left</field>
    </record>

    <record id="aeat_mod390_main_export_line_04" model="aeat.model.export.config.line">
        <field name="sequence">4</field>
        <field name="export_config_id" ref="aeat_mod390_main_export_config"/>
        <field name="name">Ejercicio devengo</field>
        <field name="expression">${object.year}</field>
        <field name="export_type">string</field>
        <field name="size">4</field>
        <field name="alignment">left</field>
    </record>

    <record id="aeat_mod390_main_export_line_05" model="aeat.model.export.config.line">
        <field name="sequence">5</field>
        <field name="export_config_id" ref="aeat_mod390_main_export_config"/>
        <field name="name">Identificación Periodo</field>
        <field name="expression">${object.period_type}</field>
        <field name="export_type">string</field>
        <field name="size">2</field>
        <field name="alignment">left</field>
    </record>

    <record id="aeat_mod390_main_export_line_06" model="aeat.model.export.config.line">
        <field name="sequence">6</field>
        <field name="export_config_id" ref="aeat_mod390_main_export_config"/>
        <field name="name">Constante: 0000&gt;</field>
        <field name="fixed_value">0000&gt;</field>
        <field name="export_type">string</field>
        <field name="size">5</field>
        <field name="alignment">left</field>
    </record>

    <record id="aeat_mod390_main_export_line_07" model="aeat.model.export.config.line">
        <field name="sequence">7</field>
        <field name="export_config_id" ref="aeat_mod390_main_export_config"/>
        <field name="name">Constante: &lt;AUX&gt;</field>
        <field name="fixed_value">&lt;AUX&gt;</field>
        <field name="export_type">string</field>
        <field name="size">5</field>
        <field name="alignment">left</field>
    </record>

    <record id="aeat_mod390_main_export_line_08" model="aeat.model.export.config.line">
        <field name="sequence">8</field>
        <field name="export_config_id" ref="aeat_mod390_main_export_config"/>
        <field name="name">Reservado para la Administración: Rellenar con blancos</field>
        <field name="fixed_value"/>
        <field name="export_type">string</field>
        <field name="size">70</field>
        <field name="alignment">left</field>
    </record>

    <record id="aeat_mod390_main_export_line_09" model="aeat.model.export.config.line">
        <field name="sequence">9</field>
        <field name="export_config_id" ref="aeat_mod390_main_export_config"/>
        <field name="name">Versión del programa</field>
        <field name="fixed_value">11.0</field>
        <field name="export_type">string</field>
        <field name="size">4</field>
        <field name="alignment">left</field>
    </record>

    <record id="aeat_mod390_main_export_line_10" model="aeat.model.export.config.line">
        <field name="sequence">10</field>
        <field name="export_config_id" ref="aeat_mod390_main_export_config"/>
        <field name="name">Reservado para la Administración. Rellenar con blancos</field>
        <field name="fixed_value"/>
        <field name="export_type">string</field>
        <field name="size">4</field>
        <field name="alignment">left</field>
    </record>

    <record id="aeat_mod390_main_export_line_11" model="aeat.model.export.config.line">
        <field name="sequence">11</field>
        <field name="export_config_id" ref="aeat_mod390_main_export_config"/>
        <field name="name">NIF Empresa Desarrollo</field>
        <field name="fixed_value">Odoo</field>
        <field name="export_type">string</field>
        <field name="size">9</field>
        <field name="alignment">left</field>
    </record>

    <record id="aeat_mod390_main_export_line_12" model="aeat.model.export.config.line">
        <field name="sequence">12</field>
        <field name="export_config_id" ref="aeat_mod390_main_export_config"/>
        <field name="name">Reservado para la Administración. Rellenar con blancos</field>
        <field name="fixed_value"/>
        <field name="export_type">string</field>
        <field name="size">213</field>
        <field name="alignment">left</field>
    </record>

    <record id="aeat_mod390_main_export_line_13" model="aeat.model.export.config.line">
        <field name="sequence">13</field>
        <field name="export_config_id" ref="aeat_mod390_main_export_config"/>
        <field name="name">Constante: &lt;/AUX&gt;</field>
        <field name="fixed_value">&lt;/AUX&gt;</field>
        <field name="export_type">string</field>
        <field name="size">6</field>
        <field name="alignment">left</field>
    </record>

    <record id="aeat_mod390_main_export_line_14" model="aeat.model.export.config.line">
        <field name="sequence">14</field>
        <field name="export_config_id" ref="aeat_mod390_main_export_config"/>
        <field name="name">Contenido del fichero [sub01]</field>
        <field name="conditional_expression">True</field>
        <field name="subconfig_id" ref="aeat_mod390_sub01_export_config"/>
        <field name="export_type">subconfig</field>
    </record>

    <record id="aeat_mod390_main_export_line_15" model="aeat.model.export.config.line">
        <field name="sequence">15</field>
        <field name="export_config_id" ref="aeat_mod390_main_export_config"/>
        <field name="name">Contenido del fichero [sub02]</field>
        <field name="conditional_expression">True</field>
        <field name="subconfig_id" ref="aeat_mod390_sub02_export_config"/>
        <field name="export_type">subconfig</field>
    </record>

    <record id="aeat_mod390_main_export_line_16" model="aeat.model.export.config.line">
        <field name="sequence">16</field>
        <field name="export_config_id" ref="aeat_mod390_main_export_config"/>
        <field name="name">Contenido del fichero [sub03]</field>
        <field name="conditional_expression">True</field>
        <field name="subconfig_id" ref="aeat_mod390_sub03_export_config"/>
        <field name="export_type">subconfig</field>
    </record>

    <record id="aeat_mod390_main_export_line_17" model="aeat.model.export.config.line">
        <field name="sequence">17</field>
        <field name="export_config_id" ref="aeat_mod390_main_export_config"/>
        <field name="name">Contenido del fichero [sub04]</field>
        <field name="conditional_expression">True</field>
        <field name="subconfig_id" ref="aeat_mod390_sub04_export_config"/>
        <field name="export_type">subconfig</field>
    </record>

    <record id="aeat_mod390_main_export_line_18" model="aeat.model.export.config.line">
        <field name="sequence">18</field>
        <field name="export_config_id" ref="aeat_mod390_main_export_config"/>
        <field name="name">Contenido del fichero [sub05]</field>
        <field name="conditional_expression">False</field>
        <field name="subconfig_id" ref="aeat_mod390_sub05_export_config"/>
        <field name="export_type">subconfig</field>
    </record>

    <record id="aeat_mod390_main_export_line_19" model="aeat.model.export.config.line">
        <field name="sequence">19</field>
        <field name="export_config_id" ref="aeat_mod390_main_export_config"/>
        <field name="name">Contenido del fichero [sub06]</field>
        <field name="conditional_expression">True</field>
        <field name="subconfig_id" ref="aeat_mod390_sub06_export_config"/>
        <field name="export_type">subconfig</field>
    </record>

    <record id="aeat_mod390_main_export_line_20" model="aeat.model.export.config.line">
        <field name="sequence">20</field>
        <field name="export_config_id" ref="aeat_mod390_main_export_config"/>
        <field name="name">Contenido del fichero [sub07]</field>
        <field name="conditional_expression">True</field>
        <field name="subconfig_id" ref="aeat_mod390_sub07_export_config"/>
        <field name="export_type">subconfig</field>
    </record>

    <record id="aeat_mod390_main_export_line_21" model="aeat.model.export.config.line">
        <field name="sequence">21</field>
        <field name="export_config_id" ref="aeat_mod390_main_export_config"/>
        <field name="name">Contenido del fichero [sub08]</field>
        <field name="conditional_expression">False</field>
        <field name="subconfig_id" ref="aeat_mod390_sub08_export_config"/>
        <field name="export_type">subconfig</field>
    </record>

    <record id="aeat_mod390_main_export_line_22" model="aeat.model.export.config.line">
        <field name="sequence">22</field>
        <field name="export_config_id" ref="aeat_mod390_main_export_config"/>
        <field name="name">Constante: &lt;/T3900+Ejercicio+periodo+0000&gt;</field>
        <field name="expression">&lt;/T3900${object.year}${object.period_type}0000&gt;</field>
        <field name="export_type">string</field>
        <field name="size">18</field>
        <field name="alignment">left</field>
    </record>

    <record id="aeat_mod390_main_export_line_23" model="aeat.model.export.config.line">
        <field name="sequence">23</field>
        <field name="export_config_id" ref="aeat_mod390_main_export_config"/>
        <field name="name">Fin de Registro. Constante CRLF (Hexadecimal 0D0A, Decimal 1310)</field>
        <field name="expression">${"\r\n".encode("ascii")}</field>
        <field name="export_type">string</field>
        <field name="size">2</field>
        <field name="alignment">left</field>
    </record>

</odoo>
