<?xml version="1.0" encoding="utf-8"?>
<openerp>
    <data noupdate="0">
        <!-- Bases incluidas en el Modelo 340
             Ignacio Ibeas (Acysos) - ignacio@acysos.com (2013-05-13)
             Víctor Sánchez Coma (OpenMind systems) - victor@openmindsystems.com.es (2015-05-20)
        -->
        <!--IVA Devengado Base imponible-->
        <record id="l10n_es.account_tax_code_template_IDBI" model="account.tax.code.template">
            <field name="mod340" eval="True"/>
        </record>
        <!-- Exentas IVA -->
        <record id="l10n_es.account_tax_code_template_AEBI" model="account.tax.code.template">
            <field name="mod340" eval="True"/>
        </record>

        <record id="l10n_es.account_tax_code_template_OESDAD" model="account.tax.code.template">
            <field name="mod340" eval="True"/>
        </record>
        <!--Regimen general-->
        <record id="l10n_es.account_tax_code_template_RGIDBI4" model="account.tax.code.template">
            <field name="mod340" eval="True"/>
        </record>

        <record id="l10n_es.account_tax_code_template_RGIDBI10" model="account.tax.code.template">
            <field name="mod340" eval="True"/>
        </record>

        <record id="l10n_es.account_tax_code_template_RGIDBI21" model="account.tax.code.template">
            <field name="mod340" eval="True"/>
        </record>
        <!-- ADQUISICIONES INTRACOMUNITARIAS -->
        <record id="l10n_es.account_tax_code_template_AIDBYSBI" model="account.tax.code.template">
            <field name="mod340" eval="True"/>
        </record>
        <!--IVA DEDUCIBLE -->
        <record id="l10n_es.account_tax_code_template_AISBI" model="account.tax.code.template">
            <field name="mod340" eval="True"/>
        </record>
        <!-- Base en OPERACIONES INTERIORES CORRIENTES-->
        <record id="l10n_es.account_tax_code_template_OICBI" model="account.tax.code.template">
            <field name="mod340" eval="True"/>
        </record>

        <record id="l10n_es.account_tax_code_template_OICBI4" model="account.tax.code.template">
            <field name="mod340" eval="True"/>
        </record>

        <record id="l10n_es.account_tax_code_template_OICBI10" model="account.tax.code.template">
            <field name="mod340" eval="True"/>
        </record>

        <record id="l10n_es.account_tax_code_template_OICBI21" model="account.tax.code.template">
            <field name="mod340" eval="True"/>
        </record>
        <!-- Base en OPERACIONES INTERIORES CON BIENES DE INVERSIÓN-->
        <record id="l10n_es.account_tax_code_template_OIBIBI" model="account.tax.code.template">
            <field name="mod340" eval="True"/>
        </record>

        <record id="l10n_es.account_tax_code_template_OICBI4" model="account.tax.code.template">
            <field name="mod340" eval="True"/>
        </record>

        <record id="l10n_es.account_tax_code_template_OICBI10" model="account.tax.code.template">
            <field name="mod340" eval="True"/>
        </record>

        <record id="l10n_es.account_tax_code_template_OICBI21" model="account.tax.code.template">
            <field name="mod340" eval="True"/>
        </record>
        <!-- ADQUISICIONES INTRACOMUNITARIAS DE BIENES CORRIENTES-->
        <record id="l10n_es.account_tax_code_template_AIBYSCBI" model="account.tax.code.template">
            <field name="mod340" eval="True"/>
        </record>

        <record id="l10n_es.account_tax_code_template_AIBYSCBI4" model="account.tax.code.template">
            <field name="mod340" eval="True"/>
        </record>

        <record id="l10n_es.account_tax_code_template_AIBYSCBI10" model="account.tax.code.template">
            <field name="mod340" eval="True"/>
        </record>

        <record id="l10n_es.account_tax_code_template_AIBYSCBI21" model="account.tax.code.template">
            <field name="mod340" eval="True"/>
        </record>
        <!-- ADQUISICIONES INTRACOMUNITARIAS DE BIENES DE INVERSIÓN-->
        <record id="l10n_es.account_tax_code_template_AIBIBI" model="account.tax.code.template">
            <field name="mod340" eval="True"/>
        </record>

        <record id="l10n_es.account_tax_code_template_AIBIBI4" model="account.tax.code.template">
            <field name="mod340" eval="True"/>
        </record>

        <record id="l10n_es.account_tax_code_template_AIBIBI10" model="account.tax.code.template">
            <field name="mod340" eval="True"/>
        </record>

        <record id="l10n_es.account_tax_code_template_AIBIBI21" model="account.tax.code.template">
            <field name="mod340" eval="True"/>
        </record>
        <!-- INVERSION DEL SUJETO PASIVO -->
        <record id="l10n_es.account_tax_code_template_OCIDSPEAIBI" model="account.tax.code.template">
            <field name="mod340" eval="True"/>
        </record>
        <record id="l10n_es.account_tax_code_template_ONSOCIDSPQOEDAD" model="account.tax.code.template">
            <field name="mod340" eval="True"/>
        </record>
        <record id="l10n_es.account_tax_code_template_VISP" model="account.tax.code.template">
            <field name="mod340" eval="True"/>
        </record>
        <record id="l10n_es.account_tax_code_template_RDDSBI" model="account.tax.code.template">
            <field name="mod340" eval="True"/>
        </record>
        <!--Otros Códigos de Impuestos-->
        <record id="l10n_es.account_tax_code_template_EIDBYS" model="account.tax.code.template">
            <field name="mod340" eval="True"/>
        </record>

        <record id="l10n_es.account_tax_code_template_EIDBYS" model="account.tax.code.template">
            <field name="mod340" eval="True"/>
        </record>

        <!-- Impuestos incluidos en el Modelo 340 como inversion del sujeto pasivo
        -->
        <record id="l10n_es.account_tax_template_p_iva21_isp" model="account.tax.template">
            <field name="is_340_reserve_charge" eval="True"/>
        </record>
        <record id="l10n_es.account_tax_template_s_iva0_isp" model="account.tax.template">
            <field name="is_340_reserve_charge" eval="True"/>
        </record>
        <record id="l10n_es.account_tax_template_p_iva4_isp" model="account.tax.template">
            <field name="is_340_reserve_charge" eval="True"/>
        </record>
        <record id="l10n_es.account_tax_template_p_iva10_isp" model="account.tax.template">
            <field name="is_340_reserve_charge" eval="True"/>
        </record>
    </data>
</openerp>
