<?xml version="1.0" encoding="UTF-8"?>
<!-- Copyright 2020 Binovo IT Human Project SL
     License AGPL-3.0 or later (https://www.gnu.org/licenses/agpl). -->
<odoo noupdate="1">
    <data>
        <record id="ir_cron_l10n_es_ticketbai_send_pending_invoices" model="ir.cron">
            <field name="name">TicketBAI - Send pending invoices</field>
            <field name="interval_number">1</field>
            <field name="interval_type">minutes</field>
            <field name="numbercall">-1</field>
            <field ref="model_account_invoice" name="model_id"/>
            <field name="state">code</field>
            <field name="code">model.tbai_send_pending_invoices()</field>
        </record>
    </data>
</odoo>
