<?xml version="1.0" encoding="UTF-8"?>
<openerp>
<data>

    <!--  11501  -->
    <record id="aeat_mod115_2017_sub01_export_config" model="aeat.model.export.config">
        <field name="name">Exportación modelo 115 2017 - Contenido del fichero</field>
        <field name="model_number">115</field>
    </record>

    <record id="aeat_mod115_2017_sub01_export_line_01" model="aeat.model.export.config.line">
        <field name="sequence">1</field>
        <field name="export_config_id" ref="aeat_mod115_2017_sub01_export_config"/>
        <field name="name">Constante: &lt;T</field>
        <field name="fixed_value">&lt;T</field>
        <field name="export_type">string</field>
        <field name="size">2</field>
        <field name="alignment">left</field>
    </record>

    <record id="aeat_mod115_2017_sub01_export_line_02" model="aeat.model.export.config.line">
        <field name="sequence">2</field>
        <field name="export_config_id" ref="aeat_mod115_2017_sub01_export_config"/>
        <field name="name">Modelo: 115</field>
        <field name="fixed_value">115</field>
        <field name="export_type">string</field>
        <field name="size">3</field>
        <field name="alignment">left</field>
    </record>

    <record id="aeat_mod115_2017_sub01_export_line_03" model="aeat.model.export.config.line">
        <field name="sequence">3</field>
        <field name="export_config_id" ref="aeat_mod115_2017_sub01_export_config"/>
        <field name="name">Constante: 01000</field>
        <field name="fixed_value">01000</field>
        <field name="export_type">string</field>
        <field name="size">5</field>
        <field name="alignment">left</field>
    </record>

    <record id="aeat_mod115_2017_sub01_export_line_04" model="aeat.model.export.config.line">
        <field name="sequence">4</field>
        <field name="export_config_id" ref="aeat_mod115_2017_sub01_export_config"/>
        <field name="name">Constante: &gt;</field>
        <field name="fixed_value">&gt;</field>
        <field name="export_type">string</field>
        <field name="size">1</field>
        <field name="alignment">left</field>
    </record>

    <record id="aeat_mod115_2017_sub01_export_line_05" model="aeat.model.export.config.line">
        <field name="sequence">5</field>
        <field name="export_config_id" ref="aeat_mod115_2017_sub01_export_config"/>
        <field name="name">Indicador de página complementaria</field>
        <field name="expression">${(object.type == 'C' and 'C') or ''}</field>
        <field name="export_type">string</field>
        <field name="size">1</field>
        <field name="alignment">left</field>
    </record>

    <record id="aeat_mod115_2017_sub01_export_line_06" model="aeat.model.export.config.line">
        <field name="sequence">6</field>
        <field name="export_config_id" ref="aeat_mod115_2017_sub01_export_config"/>
        <field name="name">Tipo de declaración</field>
        <field name="expression">${object.tipo_declaracion}</field>
        <field name="export_type">string</field>
        <field name="size">1</field>
        <field name="alignment">left</field>
    </record>

    <record id="aeat_mod115_2017_sub01_export_line_07" model="aeat.model.export.config.line">
        <field name="sequence">7</field>
        <field name="export_config_id" ref="aeat_mod115_2017_sub01_export_config"/>
        <field name="name">Identificación: NIF</field>
        <field name="expression">${object.company_vat}</field>
        <field name="export_type">string</field>
        <field name="size">9</field>
        <field name="alignment">left</field>
    </record>

    <record id="aeat_mod115_2017_sub01_export_line_08" model="aeat.model.export.config.line">
        <field name="sequence">8</field>
        <field name="export_config_id" ref="aeat_mod115_2017_sub01_export_config"/>
        <field name="name">Identificación: Apellidos o Razón social</field>
        <field name="expression">${object.company_id.name}</field>
        <field name="export_type">string</field>
        <field name="size">60</field>
        <field name="alignment">left</field>
    </record>

    <record id="aeat_mod115_2017_sub01_export_line_09" model="aeat.model.export.config.line">
        <field name="sequence">9</field>
        <field name="export_config_id" ref="aeat_mod115_2017_sub01_export_config"/>
        <field name="name">Identificación: Nombre</field>
        <field name="fixed_value"/>
        <field name="export_type">string</field>
        <field name="size">20</field>
        <field name="alignment">left</field>
    </record>

    <record id="aeat_mod115_2017_sub01_export_line_10" model="aeat.model.export.config.line">
        <field name="sequence">10</field>
        <field name="export_config_id" ref="aeat_mod115_2017_sub01_export_config"/>
        <field name="name">Devengo: Ejercicio</field>
        <field name="expression">${object.fiscalyear_id.date_start[:4]}</field>
        <field name="export_type">string</field>
        <field name="size">4</field>
        <field name="alignment">left</field>
    </record>

    <record id="aeat_mod115_2017_sub01_export_line_11" model="aeat.model.export.config.line">
        <field name="sequence">11</field>
        <field name="export_config_id" ref="aeat_mod115_2017_sub01_export_config"/>
        <field name="name">Devengo: Periodo</field>
        <field name="expression">${object.period_type}</field>
        <field name="export_type">string</field>
        <field name="size">2</field>
        <field name="alignment">left</field>
    </record>

    <record id="aeat_mod115_2017_sub01_export_line_12" model="aeat.model.export.config.line">
        <field name="sequence">12</field>
        <field name="export_config_id" ref="aeat_mod115_2017_sub01_export_config"/>
        <field name="name">Retenciones e ingresos a cuenta. Número perceptores [01]</field>
        <field name="expression">${object.casilla_01}</field>
        <field name="export_type">integer</field>
        <field name="apply_sign" eval="False"/>
        <field name="size">15</field>
        <field name="alignment">right</field>
    </record>

    <record id="aeat_mod115_2017_sub01_export_line_13" model="aeat.model.export.config.line">
        <field name="sequence">13</field>
        <field name="export_config_id" ref="aeat_mod115_2017_sub01_export_config"/>
        <field name="name">Retenciones e ingresos a cuenta. Base retenciones e ingresos a cuenta [02]</field>
        <field name="expression">${object.casilla_02}</field>
        <field name="export_type">float</field>
        <field name="apply_sign" eval="False"/>
        <field name="size">17</field>
        <field name="decimal_size">2</field>
        <field name="alignment">right</field>
    </record>

    <record id="aeat_mod115_2017_sub01_export_line_14" model="aeat.model.export.config.line">
        <field name="sequence">14</field>
        <field name="export_config_id" ref="aeat_mod115_2017_sub01_export_config"/>
        <field name="name">Retenciones e ingresos a cuenta. Retenciones e ingresos a cuenta [03]</field>
        <field name="expression">${object.casilla_03}</field>
        <field name="export_type">float</field>
        <field name="apply_sign" eval="False"/>
        <field name="size">17</field>
        <field name="decimal_size">2</field>
        <field name="alignment">right</field>
    </record>

    <record id="aeat_mod115_2017_sub01_export_line_15" model="aeat.model.export.config.line">
        <field name="sequence">15</field>
        <field name="export_config_id" ref="aeat_mod115_2017_sub01_export_config"/>
        <field name="name">Retenciones e ingresos a cuenta. Resultado anteriores declaraciones [04]</field>
        <field name="expression">${object.casilla_04}</field>
        <field name="export_type">float</field>
        <field name="apply_sign" eval="False"/>
        <field name="size">17</field>
        <field name="decimal_size">2</field>
        <field name="alignment">right</field>
    </record>

    <record id="aeat_mod115_2017_sub01_export_line_16" model="aeat.model.export.config.line">
        <field name="sequence">16</field>
        <field name="export_config_id" ref="aeat_mod115_2017_sub01_export_config"/>
        <field name="name">Retenciones e ingresos a cuenta. Resultado a ingresar [03] - [04]</field>
        <field name="expression">${object.casilla_05}</field>
        <field name="export_type">float</field>
        <field name="apply_sign" eval="False"/>
        <field name="size">17</field>
        <field name="decimal_size">2</field>
        <field name="alignment">right</field>
    </record>

    <record id="aeat_mod115_2017_sub01_export_line_17" model="aeat.model.export.config.line">
        <field name="sequence">17</field>
        <field name="export_config_id" ref="aeat_mod115_2017_sub01_export_config"/>
        <field name="name">Indicador de página complementaria</field>
        <field name="expression">${object.type == 'C'}</field>
        <field name="export_type">boolean</field>
        <field name="size">1</field>
        <field name="bool_yes">X</field>
        <field name="bool_no"> </field>
        <field name="alignment">left</field>
    </record>

    <record id="aeat_mod115_2017_sub01_export_line_18" model="aeat.model.export.config.line">
        <field name="sequence">18</field>
        <field name="export_config_id" ref="aeat_mod115_2017_sub01_export_config"/>
        <field name="name">Numero justificante declaración anterior</field>
        <field name="expression">${object.previous_number}</field>
        <field name="export_type">string</field>
        <field name="size">13</field>
        <field name="alignment">left</field>
    </record>

    <record id="aeat_mod115_2017_sub01_export_line_19" model="aeat.model.export.config.line">
        <field name="sequence">19</field>
        <field name="export_config_id" ref="aeat_mod115_2017_sub01_export_config"/>
        <field name="name">Domiciliación IBAN</field>
        <field name="expression">${object.tipo_declaracion == 'U' and object.partner_bank_id and object.partner_bank_id.acc_number.replace(' ', '') or ''}</field>
        <field name="export_type">string</field>
        <field name="size">34</field>
        <field name="alignment">left</field>
    </record>

    <record id="aeat_mod115_2017_sub01_export_line_20" model="aeat.model.export.config.line">
        <field name="sequence">20</field>
        <field name="export_config_id" ref="aeat_mod115_2017_sub01_export_config"/>
        <field name="name">Reservado para la AEAT</field>
        <field name="fixed_value"> </field>
        <field name="export_type">string</field>
        <field name="size">249</field>
        <field name="alignment">left</field>
    </record>

    <record id="aeat_mod115_2017_sub01_export_line_21" model="aeat.model.export.config.line">
        <field name="sequence">21</field>
        <field name="export_config_id" ref="aeat_mod115_2017_sub01_export_config"/>
        <field name="name">Indicador de fin de registro: &lt;/T11501&gt;</field>
        <field name="fixed_value">&lt;/T11501000&gt;</field>
        <field name="export_type">string</field>
        <field name="size">12</field>
        <field name="alignment">left</field>
    </record>

    <!--  MAIN-115 -->
    <record id="aeat_mod115_2017_main_export_config" model="aeat.model.export.config">
        <field name="name">Exportación modelo 115 2017-actualidad</field>
        <field name="date_start">2017-01-01</field>
        <field name="model_number">115</field>
        <field name="model" ref="l10n_es_aeat_mod115.model_l10n_es_aeat_mod115_report"/>
    </record>

    <record id="aeat_mod115_2017_main_export_line_01" model="aeat.model.export.config.line">
        <field name="sequence">1</field>
        <field name="export_config_id" ref="aeat_mod115_2017_main_export_config"/>
        <field name="name">Constante: &lt;T</field>
        <field name="fixed_value">&lt;T</field>
        <field name="export_type">string</field>
        <field name="size">2</field>
        <field name="alignment">left</field>
    </record>

    <record id="aeat_mod115_2017_main_export_line_02" model="aeat.model.export.config.line">
        <field name="sequence">2</field>
        <field name="export_config_id" ref="aeat_mod115_2017_main_export_config"/>
        <field name="name">Modelo: 115</field>
        <field name="fixed_value">115</field>
        <field name="export_type">string</field>
        <field name="size">3</field>
        <field name="alignment">left</field>
    </record>

    <record id="aeat_mod115_2017_main_export_line_03" model="aeat.model.export.config.line">
        <field name="sequence">3</field>
        <field name="export_config_id" ref="aeat_mod115_2017_main_export_config"/>
        <field name="name">Constante: 0</field>
        <field name="fixed_value">0</field>
        <field name="export_type">string</field>
        <field name="size">1</field>
        <field name="alignment">left</field>
    </record>

    <record id="aeat_mod115_2017_main_export_line_04" model="aeat.model.export.config.line">
        <field name="sequence">4</field>
        <field name="export_config_id" ref="aeat_mod115_2017_main_export_config"/>
        <field name="name">Ejercicio devengo: AAAA</field>
        <field name="expression">${object.fiscalyear_id.date_start[:4]}</field>
        <field name="export_type">string</field>
        <field name="size">4</field>
        <field name="alignment">left</field>
    </record>

    <record id="aeat_mod115_2017_main_export_line_05" model="aeat.model.export.config.line">
        <field name="sequence">5</field>
        <field name="export_config_id" ref="aeat_mod115_2017_main_export_config"/>
        <field name="name">Periodo: PP</field>
        <field name="expression">${object.period_type}</field>
        <field name="export_type">string</field>
        <field name="size">2</field>
        <field name="alignment">left</field>
    </record>

    <record id="aeat_mod115_2017_main_export_line_06" model="aeat.model.export.config.line">
        <field name="sequence">6</field>
        <field name="export_config_id" ref="aeat_mod115_2017_main_export_config"/>
        <field name="name">Constante: 0000&gt;</field>
        <field name="fixed_value">0000&gt;</field>
        <field name="export_type">string</field>
        <field name="size">5</field>
        <field name="alignment">left</field>
    </record>

    <record id="aeat_mod115_2017_main_export_line_07" model="aeat.model.export.config.line">
        <field name="sequence">7</field>
        <field name="export_config_id" ref="aeat_mod115_2017_main_export_config"/>
        <field name="name">Constante: &lt;AUX&gt;</field>
        <field name="fixed_value">&lt;AUX&gt;</field>
        <field name="export_type">string</field>
        <field name="size">5</field>
        <field name="alignment">left</field>
    </record>

    <record id="aeat_mod115_2017_main_export_line_08" model="aeat.model.export.config.line">
        <field name="sequence">8</field>
        <field name="export_config_id" ref="aeat_mod115_2017_main_export_config"/>
        <field name="name">Reservado para la Administración: Rellenar con blancos</field>
        <field name="fixed_value"/>
        <field name="export_type">string</field>
        <field name="size">70</field>
        <field name="alignment">left</field>
    </record>

    <record id="aeat_mod115_2017_main_export_line_09" model="aeat.model.export.config.line">
        <field name="sequence">9</field>
        <field name="export_config_id" ref="aeat_mod115_2017_main_export_config"/>
        <field name="name">Versión del Programa: </field>
        <field name="fixed_value">8.0</field>
        <field name="export_type">string</field>
        <field name="size">4</field>
        <field name="alignment">left</field>
    </record>

    <record id="aeat_mod115_2017_main_export_line_10" model="aeat.model.export.config.line">
        <field name="sequence">10</field>
        <field name="export_config_id" ref="aeat_mod115_2017_main_export_config"/>
        <field name="name">Reservado para la Administración: Rellenar con blancos</field>
        <field name="fixed_value"/>
        <field name="export_type">string</field>
        <field name="size">4</field>
        <field name="alignment">left</field>
    </record>

    <record id="aeat_mod115_2017_main_export_line_11" model="aeat.model.export.config.line">
        <field name="sequence">11</field>
        <field name="export_config_id" ref="aeat_mod115_2017_main_export_config"/>
        <field name="name">NIF Empresa Desarrollo</field>
        <field name="fixed_value">Odoo</field>
        <field name="export_type">string</field>
        <field name="size">9</field>
        <field name="alignment">left</field>
    </record>

    <record id="aeat_mod115_2017_main_export_line_12" model="aeat.model.export.config.line">
        <field name="sequence">12</field>
        <field name="export_config_id" ref="aeat_mod115_2017_main_export_config"/>
        <field name="name">Reservado para la Administración: Rellenar con blancos</field>
        <field name="fixed_value"/>
        <field name="export_type">string</field>
        <field name="size">213</field>
        <field name="alignment">left</field>
    </record>

    <record id="aeat_mod115_2017_main_export_line_13" model="aeat.model.export.config.line">
        <field name="sequence">13</field>
        <field name="export_config_id" ref="aeat_mod115_2017_main_export_config"/>
        <field name="name">Constante: &lt;/AUX&gt;</field>
        <field name="fixed_value">&lt;/AUX&gt;</field>
        <field name="export_type">string</field>
        <field name="size">6</field>
        <field name="alignment">left</field>
    </record>

    <record id="aeat_mod115_2017_main_export_line_14" model="aeat.model.export.config.line">
        <field name="sequence">14</field>
        <field name="export_config_id" ref="aeat_mod115_2017_main_export_config"/>
        <field name="name">Contenido del fichero</field>
        <field name="conditional_expression">True</field>
        <field name="sub_config" ref="aeat_mod115_2017_sub01_export_config"/>
        <field name="export_type">subconfig</field>
    </record>

    <record id="aeat_mod115_2017_main_export_line_15" model="aeat.model.export.config.line">
        <field name="sequence">15</field>
        <field name="export_config_id" ref="aeat_mod115_2017_main_export_config"/>
        <field name="name">Constante. &lt;/T1150+Ejercicio+periodo+0000&gt;</field>
        <field name="expression">&lt;/T1150${object.fiscalyear_id.date_start[:4]}${object.period_type}0000&gt;</field>
        <field name="export_type">string</field>
        <field name="size">18</field>
        <field name="alignment">left</field>
    </record>

    <record id="aeat_mod115_2017_main_export_line_16" model="aeat.model.export.config.line">
        <field name="sequence">16</field>
        <field name="export_config_id" ref="aeat_mod115_2017_main_export_config"/>
        <field name="name">Fin de Registro. Constante CRLF( Hexadecimal 0D0A, Decimal 1310)</field>
        <field name="expression"/>
        <field name="export_type">string</field>
        <field name="size">0</field>
        <field name="alignment">left</field>
    </record>
</data>
</openerp>
