<?xml version="1.0" encoding="utf-8"?>
<openerp>
<data noupdate="0">

<!-- Retenciones IRPF No residentes 24,75% -->

<record id="account_tax_code_template_IRACBINR2475" model="account.tax.code.template">
  <field name="parent_id" ref="l10n_es.account_tax_code_template_IRACBI"/>
  <field name="code">IRACBINR2475</field>
  <field name="name">IRPF retenciones a cuenta. Base imponible (24,75%) no residentes</field>
  <field name="sign">1.0</field>
</record>

<record id="account_tax_code_template_IRACCNR2475" model="account.tax.code.template">
  <field name="parent_id" ref="l10n_es.account_tax_code_template_ITRACC"/>
  <field name="code">IRACCNR2475</field>
  <field name="name">IRPF retenciones a cuenta. Cuota (24,75%) no residentes</field>
  <field name="sign">1.0</field>
</record>

<record id="account_tax_code_template_IRPCNR2475" model="account.tax.code.template">
    <field name="parent_id" ref="l10n_es.account_tax_code_template_ITRPCAE"/>
    <field name="code">IRPCNR2475</field>
    <field name="name">IRPF retenciones practicadas. Cuota (24,75%) Act. Económicas (dinerarias) no residentes</field>
    <field name="sign">1.0</field>
</record>

<record id="account_tax_code_template_IRPBINR2475" model="account.tax.code.template">
    <field name="parent_id" ref="l10n_es.account_tax_code_template_IRPBIAE"/>
    <field name="code">IRPBINR2475</field>
    <field name="name">IRPF retenciones practicadas. Base imponible (24,75%) Act. Económicas (dinerarias) no residentes</field>
    <field name="sign">1.0</field>
</record>

<!-- Retenciones IRPF No residentes no-UE 24% -->

<record id="account_tax_code_template_IRACBINRNUE24" model="account.tax.code.template">
  <field name="parent_id" ref="l10n_es.account_tax_code_template_IRACBI"/>
  <field name="code">IRACBINRNUE24</field>
  <field name="name">IRPF retenciones a cuenta. Base imponible (24%) no residentes no-UE</field>
  <field name="sign">1.0</field>
</record>

<record id="account_tax_code_template_IRACCNRNUE24" model="account.tax.code.template">
  <field name="parent_id" ref="l10n_es.account_tax_code_template_ITRACC"/>
  <field name="code">IRACCNRNUE24</field>
  <field name="name">IRPF retenciones a cuenta. Cuota (24%) no residentes no-UE</field>
  <field name="sign">1.0</field>
</record>

<record id="account_tax_code_template_IRPCNRNUE24" model="account.tax.code.template">
    <field name="parent_id" ref="l10n_es.account_tax_code_template_ITRPCAE"/>
    <field name="code">IRPCNRNUE24</field>
    <field name="name">IRPF retenciones practicadas. Cuota (24%) Act. Económicas (dinerarias) no residentes no-UE</field>
    <field name="sign">1.0</field>
</record>

<record id="account_tax_code_template_IRPBINRNUE24" model="account.tax.code.template">
    <field name="parent_id" ref="l10n_es.account_tax_code_template_IRPBIAE"/>
    <field name="code">IRPBINRNUE24</field>
    <field name="name">IRPF retenciones practicadas. Base imponible (24%) Act. Económicas (dinerarias) no residentes no-UE</field>
    <field name="sign">1.0</field>
</record>

<!-- Retenciones IRPF No residentes UE 20% -->

<record id="account_tax_code_template_IRACBINRUE20" model="account.tax.code.template">
  <field name="parent_id" ref="l10n_es.account_tax_code_template_IRACBI"/>
  <field name="code">IRACBINRUE20</field>
  <field name="name">IRPF retenciones a cuenta. Base imponible (20%) no residentes UE</field>
  <field name="sign">1.0</field>
</record>

<record id="account_tax_code_template_IRACCNRUE20" model="account.tax.code.template">
  <field name="parent_id" ref="l10n_es.account_tax_code_template_ITRACC"/>
  <field name="code">IRACCNRUE20</field>
  <field name="name">IRPF retenciones a cuenta. Cuota (20%) no residentes UE</field>
  <field name="sign">1.0</field>
</record>

<record id="account_tax_code_template_IRPCNRUE20" model="account.tax.code.template">
    <field name="parent_id" ref="l10n_es.account_tax_code_template_ITRPCAE"/>
    <field name="code">IRPCNRUE20</field>
    <field name="name">IRPF retenciones practicadas. Cuota (20%) Act. Económicas (dinerarias) no residentes UE</field>
    <field name="sign">1.0</field>
</record>

<record id="account_tax_code_template_IRPBINRUE20" model="account.tax.code.template">
    <field name="parent_id" ref="l10n_es.account_tax_code_template_IRPBIAE"/>
    <field name="code">IRPBINRUE20</field>
    <field name="name">IRPF retenciones practicadas. Base imponible (20%) Act. Económicas (dinerarias) no residentes UE</field>
    <field name="sign">1.0</field>
</record>

<!-- Retenciones IRPF No residentes UE 19,5% -->

<record id="account_tax_code_template_IRACBINRUE195" model="account.tax.code.template">
  <field name="parent_id" ref="l10n_es.account_tax_code_template_IRACBI"/>
  <field name="code">IRACBINRUE195</field>
  <field name="name">IRPF retenciones a cuenta. Base imponible (19,5%) no residentes UE</field>
  <field name="sign">1.0</field>
</record>

<record id="account_tax_code_template_IRACCNRUE195" model="account.tax.code.template">
  <field name="parent_id" ref="l10n_es.account_tax_code_template_ITRACC"/>
  <field name="code">IRACCNRUE195</field>
  <field name="name">IRPF retenciones a cuenta. Cuota (19,5%) no residentes UE</field>
  <field name="sign">1.0</field>
</record>

<record id="account_tax_code_template_IRPCNRUE195" model="account.tax.code.template">
    <field name="parent_id" ref="l10n_es.account_tax_code_template_ITRPCAE"/>
    <field name="code">IRPCNRUE195</field>
    <field name="name">IRPF retenciones practicadas. Cuota (19,5%) Act. Económicas (dinerarias) no residentes UE</field>
    <field name="sign">1.0</field>
</record>

<record id="account_tax_code_template_IRPBINRUE195" model="account.tax.code.template">
    <field name="parent_id" ref="l10n_es.account_tax_code_template_IRPBIAE"/>
    <field name="code">IRPBINRUE195</field>
    <field name="name">IRPF retenciones practicadas. Base imponible (19,5%) Act. Económicas (dinerarias) no residentes UE</field>
    <field name="sign">1.0</field>
</record>

<!-- Retenciones IRPF No residentes UE 19% -->

<record id="account_tax_code_template_IRACBINRUE19" model="account.tax.code.template">
  <field name="parent_id" ref="l10n_es.account_tax_code_template_IRACBI"/>
  <field name="code">IRACBINRUE19</field>
  <field name="name">IRPF retenciones a cuenta. Base imponible (19%) no residentes UE</field>
  <field name="sign">1.0</field>
</record>

<record id="account_tax_code_template_IRACCNRUE19" model="account.tax.code.template">
  <field name="parent_id" ref="l10n_es.account_tax_code_template_ITRACC"/>
  <field name="code">IRACCNRUE19</field>
  <field name="name">IRPF retenciones a cuenta. Cuota (19%) no residentes UE</field>
  <field name="sign">1.0</field>
</record>

<record id="account_tax_code_template_IRPCNRUE19" model="account.tax.code.template">
    <field name="parent_id" ref="l10n_es.account_tax_code_template_ITRPCAE"/>
    <field name="code">IRPCNRUE19</field>
    <field name="name">IRPF retenciones practicadas. Cuota (19%) Act. Económicas (dinerarias) no residentes UE</field>
    <field name="sign">1.0</field>
</record>

<record id="account_tax_code_template_IRPBINRUE19" model="account.tax.code.template">
    <field name="parent_id" ref="l10n_es.account_tax_code_template_IRPBIAE"/>
    <field name="code">IRPBINRUE19</field>
    <field name="name">IRPF retenciones practicadas. Base imponible (19%) Act. Económicas (dinerarias) no residentes UE</field>
    <field name="sign">1.0</field>
</record>

</data>
</openerp>
