<?xml version="1.0" encoding="utf-8"?>
<openerp>
<data noupdate="0">

<!-- Retenciones IRPF No residentes 24,75% -->

<record id="account_tax_template_s_irpfnr2475" model="account.tax.template">
  <field name="ref_base_code_id" ref="account_tax_code_template_IRACBINR2475"/>
  <field name="ref_base_sign" eval="-1.0"/>
  <field name="description">S_IRPFNR2475</field>
  <field name="ref_tax_code_id" ref="account_tax_code_template_IRACCNR2475"/>
  <field name="type_tax_use">sale</field>
  <field name="account_paid_id" ref="l10n_es.pgc_473_child"/>
  <field name="base_sign" eval="1.0"/>
  <field name="base_code_id" ref="account_tax_code_template_IRACBINR2475"/>
  <field name="ref_tax_sign" eval="1.0"/>
  <field name="name">Retenciones a cuenta IRPF No residentes 24,75%</field>
  <field name="account_collected_id" ref="l10n_es.pgc_473_child"/>
  <field name="chart_template_id" ref="l10n_es.account_chart_template_common"/>
  <field name="tax_code_id" ref="account_tax_code_template_IRACCNR2475"/>
  <field name="amount" eval="-0.2475"/>
  <field name="tax_sign" eval="-1.0"/>
  <field name="type">percent</field>
</record>

<record id="account_tax_template_p_irpfnr2475p" model="account.tax.template">
    <field name="ref_base_code_id" ref="account_tax_code_template_IRPBINR2475"/>
    <field name="ref_base_sign" eval="-1.0"/>
    <field name="description">P_IRPFNR2475P</field>
    <field name="type_tax_use">purchase</field>
    <field name="account_paid_id" ref="l10n_es.pgc_4751_child"/>
    <field name="base_sign" eval="1.0"/>
    <field name="base_code_id" ref="account_tax_code_template_IRPBINR2475"/>
    <field name="ref_tax_sign" eval="1.0"/>
    <field name="ref_tax_code_id" ref="account_tax_code_template_IRPCNR2475"/>
    <field name="name">Retenciones IRPF No residentes 24,75%</field>
    <field name="account_collected_id" ref="l10n_es.pgc_4751_child"/>
    <field name="chart_template_id" ref="l10n_es.account_chart_template_common"/>
    <field name="amount" eval="-0.2475"/>
    <field name="tax_sign" eval="-1.0"/>
    <field name="tax_code_id" ref="account_tax_code_template_IRPCNR2475"/>
    <field name="type">percent</field>
</record>

<!-- Retenciones IRPF No residentes no-UE 24% -->

<record id="account_tax_template_s_irpfnrnue24" model="account.tax.template">
  <field name="ref_base_code_id" ref="account_tax_code_template_IRACBINRNUE24"/>
  <field name="ref_base_sign" eval="-1.0"/>
  <field name="description">S_IRPFNRNUE24</field>
  <field name="ref_tax_code_id" ref="account_tax_code_template_IRACCNRNUE24"/>
  <field name="type_tax_use">sale</field>
  <field name="account_paid_id" ref="l10n_es.pgc_473_child"/>
  <field name="base_sign" eval="1.0"/>
  <field name="base_code_id" ref="account_tax_code_template_IRACBINRNUE24"/>
  <field name="ref_tax_sign" eval="1.0"/>
  <field name="name">Retenciones a cuenta IRPF No residentes no-UE 24%</field>
  <field name="account_collected_id" ref="l10n_es.pgc_473_child"/>
  <field name="chart_template_id" ref="l10n_es.account_chart_template_common"/>
  <field name="tax_code_id" ref="account_tax_code_template_IRACCNRNUE24"/>
  <field name="amount" eval="-0.24"/>
  <field name="tax_sign" eval="-1.0"/>
  <field name="type">percent</field>
</record>

<record id="account_tax_template_p_irpfnrnue24p" model="account.tax.template">
    <field name="ref_base_code_id" ref="account_tax_code_template_IRPBINRNUE24"/>
    <field name="ref_base_sign" eval="-1.0"/>
    <field name="description">P_IRPFNRNUE24P</field>
    <field name="type_tax_use">purchase</field>
    <field name="account_paid_id" ref="l10n_es.pgc_4751_child"/>
    <field name="base_sign" eval="1.0"/>
    <field name="base_code_id" ref="account_tax_code_template_IRPBINRNUE24"/>
    <field name="ref_tax_sign" eval="1.0"/>
    <field name="ref_tax_code_id" ref="account_tax_code_template_IRPCNRNUE24"/>
    <field name="name">Retenciones IRPF No residentes no-UE 24%</field>
    <field name="account_collected_id" ref="l10n_es.pgc_4751_child"/>
    <field name="chart_template_id" ref="l10n_es.account_chart_template_common"/>
    <field name="amount" eval="-0.24"/>
    <field name="tax_sign" eval="-1.0"/>
    <field name="tax_code_id" ref="account_tax_code_template_IRPCNRNUE24"/>
    <field name="type">percent</field>
</record>

<!-- Retenciones IRPF No residentes UE 20% -->

<record id="account_tax_template_s_irpfnrue20" model="account.tax.template">
  <field name="ref_base_code_id" ref="account_tax_code_template_IRACBINRUE20"/>
  <field name="ref_base_sign" eval="-1.0"/>
  <field name="description">S_IRPFNRUE20</field>
  <field name="ref_tax_code_id" ref="account_tax_code_template_IRACCNRUE20"/>
  <field name="type_tax_use">sale</field>
  <field name="account_paid_id" ref="l10n_es.pgc_473_child"/>
  <field name="base_sign" eval="1.0"/>
  <field name="base_code_id" ref="account_tax_code_template_IRACBINRUE20"/>
  <field name="ref_tax_sign" eval="1.0"/>
  <field name="name">Retenciones a cuenta IRPF No residentes UE 20%</field>
  <field name="account_collected_id" ref="l10n_es.pgc_473_child"/>
  <field name="chart_template_id" ref="l10n_es.account_chart_template_common"/>
  <field name="tax_code_id" ref="account_tax_code_template_IRACCNRUE20"/>
  <field name="amount" eval="-0.20"/>
  <field name="tax_sign" eval="-1.0"/>
  <field name="type">percent</field>
</record>

<record id="account_tax_template_p_irpfnrue20p" model="account.tax.template">
    <field name="ref_base_code_id" ref="account_tax_code_template_IRPBINRUE20"/>
    <field name="ref_base_sign" eval="-1.0"/>
    <field name="description">P_IRPFNRUE20P</field>
    <field name="type_tax_use">purchase</field>
    <field name="account_paid_id" ref="l10n_es.pgc_4751_child"/>
    <field name="base_sign" eval="1.0"/>
    <field name="base_code_id" ref="account_tax_code_template_IRPBINRUE20"/>
    <field name="ref_tax_sign" eval="1.0"/>
    <field name="ref_tax_code_id" ref="account_tax_code_template_IRPCNRUE20"/>
    <field name="name">Retenciones IRPF No residentes UE 20%</field>
    <field name="account_collected_id" ref="l10n_es.pgc_4751_child"/>
    <field name="chart_template_id" ref="l10n_es.account_chart_template_common"/>
    <field name="amount" eval="-0.20"/>
    <field name="tax_sign" eval="-1.0"/>
    <field name="tax_code_id" ref="account_tax_code_template_IRPCNRUE20"/>
    <field name="type">percent</field>
</record>

<!-- Retenciones IRPF No residentes UE 19,5% -->

<record id="account_tax_template_s_irpfnrue195" model="account.tax.template">
  <field name="ref_base_code_id" ref="account_tax_code_template_IRACBINRUE195"/>
  <field name="ref_base_sign" eval="-1.0"/>
  <field name="description">S_IRPFNRUE195</field>
  <field name="ref_tax_code_id" ref="account_tax_code_template_IRACCNRUE195"/>
  <field name="type_tax_use">sale</field>
  <field name="account_paid_id" ref="l10n_es.pgc_473_child"/>
  <field name="base_sign" eval="1.0"/>
  <field name="base_code_id" ref="account_tax_code_template_IRACBINRUE195"/>
  <field name="ref_tax_sign" eval="1.0"/>
  <field name="name">Retenciones a cuenta IRPF No residentes UE 19,5%</field>
  <field name="account_collected_id" ref="l10n_es.pgc_473_child"/>
  <field name="chart_template_id" ref="l10n_es.account_chart_template_common"/>
  <field name="tax_code_id" ref="account_tax_code_template_IRACCNRUE195"/>
  <field name="amount" eval="-0.195"/>
  <field name="tax_sign" eval="-1.0"/>
  <field name="type">percent</field>
</record>

<record id="account_tax_template_p_irpfnrue195p" model="account.tax.template">
    <field name="ref_base_code_id" ref="account_tax_code_template_IRPBINRUE195"/>
    <field name="ref_base_sign" eval="-1.0"/>
    <field name="description">P_IRPFNRUE195P</field>
    <field name="type_tax_use">purchase</field>
    <field name="account_paid_id" ref="l10n_es.pgc_4751_child"/>
    <field name="base_sign" eval="1.0"/>
    <field name="base_code_id" ref="account_tax_code_template_IRPBINRUE195"/>
    <field name="ref_tax_sign" eval="1.0"/>
    <field name="ref_tax_code_id" ref="account_tax_code_template_IRPCNRUE195"/>
    <field name="name">Retenciones IRPF No residentes UE 19,5%</field>
    <field name="account_collected_id" ref="l10n_es.pgc_4751_child"/>
    <field name="chart_template_id" ref="l10n_es.account_chart_template_common"/>
    <field name="amount" eval="-0.195"/>
    <field name="tax_sign" eval="-1.0"/>
    <field name="tax_code_id" ref="account_tax_code_template_IRPCNRUE195"/>
    <field name="type">percent</field>
</record>

<!-- Retenciones IRPF No residentes UE 19% -->

<record id="account_tax_template_s_irpfnrue19" model="account.tax.template">
  <field name="ref_base_code_id" ref="account_tax_code_template_IRACBINRUE19"/>
  <field name="ref_base_sign" eval="-1.0"/>
  <field name="description">S_IRPFNRUE19</field>
  <field name="ref_tax_code_id" ref="account_tax_code_template_IRACCNRUE19"/>
  <field name="type_tax_use">sale</field>
  <field name="account_paid_id" ref="l10n_es.pgc_473_child"/>
  <field name="base_sign" eval="1.0"/>
  <field name="base_code_id" ref="account_tax_code_template_IRACBINRUE19"/>
  <field name="ref_tax_sign" eval="1.0"/>
  <field name="name">Retenciones a cuenta IRPF No residentes UE 19%</field>
  <field name="account_collected_id" ref="l10n_es.pgc_473_child"/>
  <field name="chart_template_id" ref="l10n_es.account_chart_template_common"/>
  <field name="tax_code_id" ref="account_tax_code_template_IRACCNRUE19"/>
  <field name="amount" eval="-0.19"/>
  <field name="tax_sign" eval="-1.0"/>
  <field name="type">percent</field>
</record>

<record id="account_tax_template_p_irpfnrue19p" model="account.tax.template">
    <field name="ref_base_code_id" ref="account_tax_code_template_IRPBINRUE19"/>
    <field name="ref_base_sign" eval="-1.0"/>
    <field name="description">P_IRPFNRUE19P</field>
    <field name="type_tax_use">purchase</field>
    <field name="account_paid_id" ref="l10n_es.pgc_4751_child"/>
    <field name="base_sign" eval="1.0"/>
    <field name="base_code_id" ref="account_tax_code_template_IRPBINRUE19"/>
    <field name="ref_tax_sign" eval="1.0"/>
    <field name="ref_tax_code_id" ref="account_tax_code_template_IRPCNRUE19"/>
    <field name="name">Retenciones IRPF No residentes UE 19%</field>
    <field name="account_collected_id" ref="l10n_es.pgc_4751_child"/>
    <field name="chart_template_id" ref="l10n_es.account_chart_template_common"/>
    <field name="amount" eval="-0.19"/>
    <field name="tax_sign" eval="-1.0"/>
    <field name="tax_code_id" ref="account_tax_code_template_IRPCNRUE19"/>
    <field name="type">percent</field>
</record>

</data>
</openerp>
