<?xml version="1.0" encoding="UTF-8"?>
<odoo>

    <record id="aeat_m190_perception_subkey_01"
            model="l10n.es.aeat.report.perception.subkey">
        <field name="aeat_perception_key_id" ref="aeat_m190_perception_key_02"/>
        <field name="name">01</field>
        <field name="aeat_number">190</field>
        <field name="description">
            Se consignará esta subclave cuando se trate de
            percepciones consistentes en pensiones y haberes
            pasivos de los regímenes de la Seguridad Social y Clases
            Pasivas, con excepción de las que deban relacionarse
            bajo la subclave 02.
            También se consignarán en esta subclave las
            percepciones en concepto de incapacidad laboral
            abonadas directamente al trabajador por alguno de los
            regímenes públicos de la Seguridad Social o Clases
            Pasivas o, en su caso, por la respectiva Mutua
            Colaboradora con la Seguridad Social. Si dichas
            prestaciones son directamente abonadas por el empleador
            (en virtud del respectivo acuerdo de colaboración con la
            Seguridad Social), se reflejarán en la clave A.
        </field>
        <field name="active">True</field>
        <field name="additional_data_required">1</field>
    </record>

    <record id="aeat_m190_perception_subkey_02"
            model="l10n.es.aeat.report.perception.subkey">
        <field name="aeat_perception_key_id" ref="aeat_m190_perception_key_02"/>
        <field name="name">02</field>
        <field name="aeat_number">190</field>
        <field name="description">
            Se consignará esta subclave en todas las percepciones
            de la clave B en las que el importe de las retenciones se
            haya determinado con arreglo al procedimiento especial
            previsto en el artículo 89.A del Reglamento del Impuesto.
        </field>
        <field name="active">True</field>
        <field name="additional_data_required">0</field>
    </record>

    <record id="aeat_m190_perception_subkey_03"
            model="l10n.es.aeat.report.perception.subkey">
        <field name="aeat_perception_key_id" ref="aeat_m190_perception_key_02"/>
        <field name="name">03</field>
        <field name="aeat_number">190</field>
        <field name="description">
            Se consignará esta subclave en todas las percepciones
            de la clave B distintas de las que deban relacionarse bajo
            las subclaves 01 y 02.
        </field>
        <field name="active">True</field>
        <field name="additional_data_required">1</field>
    </record>

    <record id="aeat_m190_perception_subkey_04"
            model="l10n.es.aeat.report.perception.subkey">
        <field name="aeat_perception_key_id" ref="aeat_m190_perception_key_05"/>
        <field name="name">01</field>
        <field name="aeat_number">190</field>
        <field name="description">
            Se consignará esta subclave únicamente cuando el
            Consejero o Administrador esté incluido en el régimen
            general de la Seguridad Social como trabajador «asimilado»
            a trabajadores por cuenta ajena, y los rendimientos percibidos
            no deban reflejarse en la subclave 02.
        </field>
        <field name="active">True</field>
        <field name="additional_data_required">1</field>
    </record>

    <record id="aeat_m190_perception_subkey_05"
            model="l10n.es.aeat.report.perception.subkey">
        <field name="aeat_perception_key_id" ref="aeat_m190_perception_key_05"/>
        <field name="name">02</field>
        <field name="aeat_number">190</field>
        <field name="description">
            Se consignará esta subclave únicamente cuando el
            Consejero o Administrador esté incluido en el régimen
            general de la Seguridad Social como trabajador
            «asimilado» a trabajadores por cuenta ajena, y los
            rendimientos procedan de entidades cuyo importe neto de
            la cifra de negocios del último período impositivo finalizado
            con anterioridad al pago de los rendimientos sea inferior a
            100.000 euros.
        </field>
        <field name="active">True</field>
        <field name="additional_data_required">1</field>
    </record>

    <record id="aeat_m190_perception_subkey_06"
            model="l10n.es.aeat.report.perception.subkey">
        <field name="aeat_perception_key_id" ref="aeat_m190_perception_key_05"/>
        <field name="name">03</field>
        <field name="aeat_number">190</field>
        <field name="description">
            Se consignará esta subclave únicamente cuando el
            Consejero o Administrador esté incluido en el régimen
            especial de la Seguridad Social de trabajadores
            autónomos, y los rendimientos procedan de entidades
            cuyo importe neto de la cifra de negocios del último
            período impositivo finalizado con anterioridad al pago de
            los rendimientos sea inferior a 100.000 euros.
        </field>
        <field name="active">True</field>
        <field name="additional_data_required">0</field>
    </record>

    <record id="aeat_m190_perception_subkey_07"
            model="l10n.es.aeat.report.perception.subkey">
        <field name="aeat_perception_key_id" ref="aeat_m190_perception_key_05"/>
        <field name="name">04</field>
        <field name="aeat_number">190</field>
        <field name="description">
            Se consignará esta subclave en todas las percepciones
            de la clave E distintas de las que deban relacionarse bajo
            las subclaves 01, 02 y 03.
        </field>
        <field name="active">True</field>
        <field name="additional_data_required">0</field>
    </record>

    <record id="aeat_m190_perception_subkey_08"
            model="l10n.es.aeat.report.perception.subkey">
        <field name="aeat_perception_key_id" ref="aeat_m190_perception_key_06"/>
        <field name="name">01</field>
        <field name="aeat_number">190</field>
        <field name="description">
            Se consignará esta subclave cuando las percepciones
            correspondan a alguno de los premios literarios, científicos o
            artísticos no exentos del Impuesto a que se refiere el
            artículo 12.1, letra g), del Reglamento del Impuesto.
        </field>
        <field name="active">True</field>
        <field name="additional_data_required">0</field>
    </record>

    <record id="aeat_m190_perception_subkey_09"
            model="l10n.es.aeat.report.perception.subkey">
       <field name="aeat_perception_key_id" ref="aeat_m190_perception_key_06"/>
        <field name="name">02</field>
        <field name="aeat_number">190</field>
        <field name="description">
            Se consignará esta subclave en todas las percepciones
            de la clave F distintas de las que deban relacionarse bajo
            la subclave 01.
        </field>
        <field name="active">True</field>
        <field name="additional_data_required">0</field>
    </record>

    <record id="aeat_m190_perception_subkey_10"
            model="l10n.es.aeat.report.perception.subkey">
        <field name="aeat_perception_key_id" ref="aeat_m190_perception_key_07"/>
        <field name="name">01</field>
        <field name="aeat_number">190</field>
        <field name="description">
            Se consignará esta subclave cuando se trate de
            percepciones a las que resulte aplicable el tipo de
            retención establecido con carácter general en el artículo
            95.1 del Reglamento del Impuesto.
        </field>
        <field name="active">True</field>
        <field name="additional_data_required">0</field>
    </record>

    <record id="aeat_m190_perception_subkey_11"
            model="l10n.es.aeat.report.perception.subkey">
        <field name="aeat_perception_key_id" ref="aeat_m190_perception_key_07"/>
        <field name="name">02</field>
        <field name="aeat_number">190</field>
        <field name="description">
            Se consignará esta subclave cuando se trate de
            percepciones a las que resulte aplicable el tipo de
            retención específico establecido en el citado artículo del
            Reglamento del Impuesto para los rendimientos
            satisfechos a recaudadores municipales, mediadores de
            seguros que utilicen los servicios de auxiliares externos y
            delegados comerciales de la entidad pública empresarial
            «Loterías y Apuestas del Estado».
        </field>
        <field name="active">True</field>
        <field name="additional_data_required">0</field>
    </record>

    <record id="aeat_m190_perception_subkey_12"
            model="l10n.es.aeat.report.perception.subkey">
        <field name="aeat_perception_key_id" ref="aeat_m190_perception_key_07"/>
        <field name="name">03</field>
        <field name="aeat_number">190</field>
        <field name="description">
            Se consignará esta subclave cuando se trate de
            percepciones a las que resulte aplicable el tipo de
            retención reducido establecido en el artículo 95.1 del
            Reglamento del Impuesto para los rendimientos
            satisfechos a contribuyentes que inicien el ejercicio de
            actividades profesionales, tanto en el período impositivo en
            que se produzca dicho inicio como en los dos siguientes.
        </field>
        <field name="active">True</field>
        <field name="additional_data_required">0</field>
    </record>

    <record id="aeat_m190_perception_subkey_13"
            model="l10n.es.aeat.report.perception.subkey">
        <field name="aeat_perception_key_id" ref="aeat_m190_perception_key_08"/>
        <field name="name">01</field>
        <field name="aeat_number">190</field>
        <field name="description">
            Se consignará esta subclave cuando se trate de
            percepciones a las que resulte aplicable el tipo de
            retención establecido con carácter general en el artículo
            95.4.2.o del Reglamento del Impuesto.
        </field>
        <field name="active">True</field>
        <field name="additional_data_required">0</field>
    </record>

    <record id="aeat_m190_perception_subkey_14"
            model="l10n.es.aeat.report.perception.subkey">
       <field name="aeat_perception_key_id" ref="aeat_m190_perception_key_08"/>
        <field name="name">02</field>
        <field name="aeat_number">190</field>
        <field name="description">
            Se consignará esta subclave cuando se trate de
            percepciones a las que resulte aplicable el tipo de
            retención específico establecido en el artículo 95.4.1.o del
            Reglamento del Impuesto para los rendimientos que sean
            contraprestación de actividades ganaderas de engorde de
            porcino y avicultura.
        </field>
        <field name="active">True</field>
        <field name="additional_data_required">0</field>
    </record>

    <record id="aeat_m190_perception_subkey_15"
            model="l10n.es.aeat.report.perception.subkey">
        <field name="aeat_perception_key_id" ref="aeat_m190_perception_key_08"/>
        <field name="name">03</field>
        <field name="aeat_number">190</field>
        <field name="description">
            03 Se consignará esta subclave cuando las percepciones
            satisfechas sean contraprestación de las actividades
            forestales a que se refiere el artículo 95.5 del Reglamento
            del Impuesto.
        </field>
        <field name="active">True</field>
        <field name="additional_data_required">0</field>
    </record>

    <record id="aeat_m190_perception_subkey_16"
            model="l10n.es.aeat.report.perception.subkey">
        <field name="aeat_perception_key_id" ref="aeat_m190_perception_key_08"/>
        <field name="name">04</field>
        <field name="aeat_number">190</field>
        <field name="description">
            Se consignará esta subclave cuando las percepciones
            satisfechas sean contraprestación de las actividades
            económicas en estimación objetiva recogidas en el artículo
            95.6.2.o del Reglamento del Impuesto.
        </field>
        <field name="active">True</field>
        <field name="additional_data_required">0</field>
    </record>

    <record id="aeat_m190_perception_subkey_17"
            model="l10n.es.aeat.report.perception.subkey">
        <field name="aeat_perception_key_id" ref="aeat_m190_perception_key_09"/>
        <field name="name">01</field>
        <field name="aeat_number">190</field>
        <field name="description">
            Se consignará esta subclave cuando se trate de
            percepciones satisfechas por la persona o entidad
            declarante en concepto de rendimientos procedentes de la
            cesión del derecho a la explotación del derecho de
            imagen.
        </field>
        <field name="active">True</field>
        <field name="additional_data_required">0</field>
    </record>

    <record id="aeat_m190_perception_subkey_18"
            model="l10n.es.aeat.report.perception.subkey">
        <field name="aeat_perception_key_id" ref="aeat_m190_perception_key_09"/>
        <field name="name">02</field>
        <field name="aeat_number">190</field>
        <field name="description">
            Se consignará esta subclave cuando se trate de
            percepciones satisfechas por la persona o entidad
            declarante por cualquier otro de los conceptos a que se
            refiere el artículo 75.2, letra b) del Reglamento del
            Impuesto.
        </field>
        <field name="active">True</field>
        <field name="additional_data_required">0</field>
    </record>

    <record id="aeat_m190_perception_subkey_19"
            model="l10n.es.aeat.report.perception.subkey">
        <field name="aeat_perception_key_id" ref="aeat_m190_perception_key_11"/>
        <field name="name">01</field>
        <field name="aeat_number">190</field>
        <field name="description">
            Se consignará esta subclave cuando las percepciones
            correspondan a premios por la participación en juegos,
            rifas o combinaciones aleatorias sin fines publicitarios,
            enmarcables en la definición del concepto de "juego" que
            se contiene en el artículo 3.a) de la Ley 13/2011, de 27 de
            mayo, de regulación del juego, caracterizado por
            arriesgarse cantidades de dinero u otros elementos
            patrimoniales a cambio de la posibilidad de obtener un
            premio o ganancia. Estos premios se consignarán por su
            importe íntegro, sin perjuicio del derecho del perceptor a
            minorar su importe en las pérdidas en el juego obtenidas
            en el mismo período impositivo, en los términos
            establecidos en el artículo 35.5.d) de la Ley del impuesto.
        </field>
        <field name="active">True</field>
        <field name="additional_data_required">0</field>
    </record>

    <record id="aeat_m190_perception_subkey_20"
            model="l10n.es.aeat.report.perception.subkey">
        <field name="aeat_perception_key_id" ref="aeat_m190_perception_key_11"/>
        <field name="name">02</field>
        <field name="aeat_number">190</field>
        <field name="description">
            Se consignará esta subclave cuando las percepciones
            correspondan a ganancias patrimoniales obtenidas por los
            vecinos como consecuencia de aprovechamientos
            forestales en montes públicos.
        </field>
        <field name="active">True</field>
        <field name="additional_data_required">0</field>
    </record>

    <record id="aeat_m190_perception_subkey_21"
            model="l10n.es.aeat.report.perception.subkey">
        <field name="aeat_perception_key_id" ref="aeat_m190_perception_key_11"/>
        <field name="name">03</field>
        <field name="aeat_number">190</field>
        <field name="description">
            Se consignará esta subclave cuando las percepciones
            correspondan a premios por la participación en concursos
            o combinaciones aleatorias con fines publicitarios, en los
            que no se realice un desembolso económico por su
            participación en ellos, y por tanto, no enmarcables en la
            definición del concepto de "juego" que se contiene en el
            artículo 3.a) de la Ley 13/2011, de 27 de mayo, de regulación
            del juego. Se incluyen aquí premios derivados de programas
            desarrollados en medios de comunicación, así como los derivados
            de combinaciones aleatorias con fines publicitarios y
            promocionales definidas en el art. 3.i) de la Ley 13/2011.
        </field>
        <field name="active">True</field>
        <field name="additional_data_required">0</field>
    </record>

    <record id="aeat_m190_perception_subkey_22"
            model="l10n.es.aeat.report.perception.subkey">
        <field name="aeat_perception_key_id" ref="aeat_m190_perception_key_12"/>
        <field name="name">01</field>
        <field name="aeat_number">190</field>
        <field name="description">
            Dietas y asignaciones para gastos de viaje
            exceptuadas de gravamen conforme a lo previsto en el
            artículo 9 del Reglamento del Impuesto.
        </field>
        <field name="active">True</field>
        <field name="additional_data_required">0</field>
    </record>

    <record id="aeat_m190_perception_subkey_23"
            model="l10n.es.aeat.report.perception.subkey">
        <field name="aeat_perception_key_id" ref="aeat_m190_perception_key_12"/>
        <field name="name">02</field>
        <field name="aeat_number">190</field>
        <field name="description">
            Prestaciones públicas extraordinarias por actos de
            terrorismo y pensiones derivadas de medallas y
            condecoraciones concedidas por actos de terrorismo que
            estén exentas en virtud de lo establecido en la letra a) del
            artículo 7 de la Ley del Impuesto.
        </field>
        <field name="active">True</field>
        <field name="additional_data_required">0</field>
    </record>

    <record id="aeat_m190_perception_subkey_24"
            model="l10n.es.aeat.report.perception.subkey">
        <field name="aeat_perception_key_id" ref="aeat_m190_perception_key_12"/>
        <field name="name">03</field>
        <field name="aeat_number">190</field>
        <field name="description">
            Ayudas percibidas por los afectados por el virus de la
            inmunodeficiencia humana a que se refiere la letra b) del
            artículo 7 de la Ley del Impuesto.
        </field>
        <field name="active">True</field>
        <field name="additional_data_required">0</field>
    </record>

    <record id="aeat_m190_perception_subkey_25"
            model="l10n.es.aeat.report.perception.subkey">
        <field name="aeat_perception_key_id" ref="aeat_m190_perception_key_12"/>
        <field name="name">04</field>
        <field name="aeat_number">190</field>
        <field name="description">
            Pensiones por lesiones o mutilaciones sufridas con
            ocasión o como consecuencia de la Guerra Civil
            1936/1939 que estén exentas en virtud de lo establecido
            en la letra c) del artículo 7 de la Ley del Impuesto.
        </field>
        <field name="active">True</field>
        <field name="additional_data_required">0</field>
    </record>

    <record id="aeat_m190_perception_subkey_26"
            model="l10n.es.aeat.report.perception.subkey">
        <field name="aeat_perception_key_id" ref="aeat_m190_perception_key_12"/>
        <field name="name">05</field>
        <field name="aeat_number">190</field>
        <field name="description">
            Indemnizaciones por despido o cese del trabajador que
            estén exentas en virtud de lo establecido en la letra e) del
            artículo 7 de la Ley del Impuesto y en el artículo 1 del
            Reglamento.
        </field>
        <field name="active">True</field>
        <field name="additional_data_required">0</field>
    </record>

    <record id="aeat_m190_perception_subkey_27"
            model="l10n.es.aeat.report.perception.subkey">
        <field name="aeat_perception_key_id" ref="aeat_m190_perception_key_12"/>
        <field name="name">06</field>
        <field name="aeat_number">190</field>
        <field name="description">
            Prestaciones por incapacidad permanente absoluta o
            gran invalidez que estén exentas conforme a lo
            establecido en la letra f) del artículo 7 de la Ley del
            Impuesto.
        </field>
        <field name="active">True</field>
        <field name="additional_data_required">0</field>
    </record>

    <record id="aeat_m190_perception_subkey_28"
            model="l10n.es.aeat.report.perception.subkey">
       <field name="aeat_perception_key_id" ref="aeat_m190_perception_key_12"/>
        <field name="name">07</field>
        <field name="aeat_number">190</field>
        <field name="description">
            Pensiones por inutilidad o incapacidad permanente del
            régimen de clases pasivas a que se refiere la letra g) del
            artículo 7 de la Ley del Impuesto.
        </field>
        <field name="active">True</field>
        <field name="additional_data_required">0</field>
    </record>

    <record id="aeat_m190_perception_subkey_29"
            model="l10n.es.aeat.report.perception.subkey">
        <field name="aeat_perception_key_id" ref="aeat_m190_perception_key_12"/>
        <field name="name">08</field>
        <field name="aeat_number">190</field>
        <field name="description">
            Prestaciones, pensiones y haberes pasivos que estén
            exentos en virtud de lo establecido en la letra h) del
            artículo 7 de la Ley del Impuesto.
        </field>
        <field name="active">True</field>
        <field name="additional_data_required">0</field>
    </record>

    <record id="aeat_m190_perception_subkey_30"
            model="l10n.es.aeat.report.perception.subkey">
        <field name="aeat_perception_key_id" ref="aeat_m190_perception_key_12"/>
        <field name="name">09</field>
        <field name="aeat_number">190</field>
        <field name="description">
            Prestaciones económicas de instituciones públicas con
            motivo del acogimiento de personas con discapacidad,
            mayores de sesenta y cinco años o menores y ayudas
            económicas otorgadas por instituciones públicas a
            personas con discapacidad o mayores de sesenta y cinco
            años para financiar su estancia en residencias o centros
            de día, que estén exentas en virtud de lo establecido en la
            letra i) del artículo 7 de la Ley del Impuesto.
        </field>
        <field name="active">True</field>
        <field name="additional_data_required">0</field>
    </record>

    <record id="aeat_m190_perception_subkey_31"
            model="l10n.es.aeat.report.perception.subkey">
        <field name="aeat_perception_key_id" ref="aeat_m190_perception_key_12"/>
        <field name="name">10</field>
        <field name="aeat_number">190</field>
        <field name="description">
            Becas que estén exentas en virtud de lo establecido en
            la letra j) del artículo 7 de la Ley del Impuesto.
        </field>
        <field name="active">True</field>
        <field name="additional_data_required">0</field>
    </record>

    <record id="aeat_m190_perception_subkey_32"
            model="l10n.es.aeat.report.perception.subkey">
        <field name="aeat_perception_key_id" ref="aeat_m190_perception_key_12"/>
        <field name="name">11</field>
        <field name="aeat_number">190</field>
        <field name="description">
            Premios literarios, artísticos o científicos relevantes, así
            como los premios «Príncipe de Asturias», que estén
            exentos en virtud de lo establecido en la letra l) del artículo
            7 de la Ley del Impuesto y en el artículo 3 del Reglamento.
        </field>
        <field name="active">True</field>
        <field name="additional_data_required">0</field>
    </record>

    <record id="aeat_m190_perception_subkey_33"
            model="l10n.es.aeat.report.perception.subkey">
        <field name="aeat_perception_key_id" ref="aeat_m190_perception_key_12"/>
        <field name="name">12</field>
        <field name="aeat_number">190</field>
        <field name="description">
            Ayudas económicas a los deportistas de alto nivel que
            estén exentas en virtud de lo establecido en la letra m) del
            artículo 7 de la Ley del Impuesto y en el artículo 4 del
            Reglamento.
        </field>
        <field name="active">True</field>
        <field name="additional_data_required">0</field>
    </record>

    <record id="aeat_m190_perception_subkey_34"
            model="l10n.es.aeat.report.perception.subkey">
       <field name="aeat_perception_key_id" ref="aeat_m190_perception_key_12"/>
        <field name="name">13</field>
        <field name="aeat_number">190</field>
        <field name="description">
            Prestaciones por desempleo abonadas en la modalidad
            de pago único que estén exentas en virtud de lo
            establecido en la letra n) del artículo 7 de la Ley del
            Impuesto.
        </field>
        <field name="active">True</field>
        <field name="additional_data_required">0</field>
    </record>

    <record id="aeat_m190_perception_subkey_35"
            model="l10n.es.aeat.report.perception.subkey">
        <field name="aeat_perception_key_id" ref="aeat_m190_perception_key_12"/>
        <field name="name">14</field>
        <field name="aeat_number">190</field>
        <field name="description">
            Gratificaciones extraordinarias satisfechas por el
            Estado español por la participación en misiones
            internacionales de paz o humanitarias que estén exentas
            en virtud de lo establecido en la letra o) del artículo 7 de la
            Ley del Impuesto y en el artículo 5 del Reglamento.
        </field>
        <field name="active">True</field>
        <field name="additional_data_required">0</field>
    </record>

    <record id="aeat_m190_perception_subkey_36"
            model="l10n.es.aeat.report.perception.subkey">
        <field name="aeat_perception_key_id" ref="aeat_m190_perception_key_12"/>
        <field name="name">15</field>
        <field name="aeat_number">190</field>
        <field name="description">
            Rendimientos del trabajo percibidos por trabajos
            realizados en el extranjero que estén exentos en virtud de
            lo establecido en la letra p) del artículo 7 de la Ley del
            Impuesto y en el artículo 6 del Reglamento.
        </field>
        <field name="active">True</field>
        <field name="additional_data_required">0</field>
    </record>

    <record id="aeat_m190_perception_subkey_37"
            model="l10n.es.aeat.report.perception.subkey">
        <field name="aeat_perception_key_id" ref="aeat_m190_perception_key_12"/>
        <field name="name">16</field>
        <field name="aeat_number">190</field>
        <field name="description">
            Prestaciones por entierro o sepelio que estén exentasen
            virtud de lo establecido en la letra r) del artículo 7 de la
            Ley del Impuesto.
        </field>
        <field name="active">True</field>
        <field name="additional_data_required">0</field>
    </record>

    <record id="aeat_m190_perception_subkey_38"
            model="l10n.es.aeat.report.perception.subkey">
        <field name="aeat_perception_key_id" ref="aeat_m190_perception_key_12"/>
        <field name="name">17</field>
        <field name="aeat_number">190</field>
        <field name="description">
            Ayudas a favor de las personas que hayan desarrollado
            la hepatitis C como consecuencia de haber recibido
            tratamiento en el ámbito del sistema sanitario público, que
            estén exentas en virtud de lo establecido en la letra s) del
            artículo 7 de la Ley del Impuesto.
        </field>
        <field name="active">True</field>
        <field name="additional_data_required">0</field>
    </record>

    <record id="aeat_m190_perception_subkey_39"
            model="l10n.es.aeat.report.perception.subkey">
       <field name="aeat_perception_key_id" ref="aeat_m190_perception_key_12"/>
        <field name="name">18</field>
        <field name="aeat_number">190</field>
        <field name="description">
            Prestaciones en forma de renta obtenidas por las personas
            con discapacidad correspondientes a aportaciones a sistemas
            de previsión social constituidos en favor de las mismas,
            que estén exentas en virtud de lo establecido en la letra w)
            del artículo 7 de la Ley del Impuesto.
        </field>
        <field name="active">True</field>
        <field name="additional_data_required">0</field>
    </record>

    <record id="aeat_m190_perception_subkey_40"
            model="l10n.es.aeat.report.perception.subkey">
        <field name="aeat_perception_key_id" ref="aeat_m190_perception_key_12"/>
        <field name="name">19</field>
        <field name="aeat_number">190</field>
        <field name="description">
            Prestaciones económicas públicas vinculadas al
            servicio para cuidados en el entorno familiar y de
            asistencia personalizada que se derivan de la Ley de
            promoción de la autonomía personal y atención a las
            personas en situación de dependencia, que estén exentas
            en virtud de lo establecido en la letra x) del artículo 7 de la
            Ley del Impuesto.
        </field>
        <field name="active">True</field>
        <field name="additional_data_required">0</field>
    </record>

    <record id="aeat_m190_perception_subkey_41"
            model="l10n.es.aeat.report.perception.subkey">
       <field name="aeat_perception_key_id" ref="aeat_m190_perception_key_12"/>
        <field name="name">20</field>
        <field name="aeat_number">190</field>
        <field name="description">
            Prestaciones y ayudas familiares públicas vinculadas al
            nacimiento, adopción, acogimiento o cuidado de hijos
            menores, que estén exentas en virtud de lo establecido en
            la letra z) del artículo 7 de la Ley del Impuesto.
        </field>
        <field name="active">True</field>
        <field name="additional_data_required">0</field>
    </record>

    <record id="aeat_m190_perception_subkey_42"
            model="l10n.es.aeat.report.perception.subkey">
        <field name="aeat_perception_key_id" ref="aeat_m190_perception_key_12"/>
        <field name="name">21</field>
        <field name="aeat_number">190</field>
        <field name="description">
            Rendimientos del trabajo de la persona titular de un
            patrimonio protegido a que se refiere la disposición
            adicional decimoctava de la Ley del Impuesto, derivados
            de las aportaciones a dichos patrimonios protegidos, que
            estén exentos en virtud de lo establecido en el segundo
            párrafo de la letra w) del artículo 7 de la Ley del Impuesto.
        </field>
        <field name="active">True</field>
        <field name="additional_data_required">0</field>
    </record>

    <record id="aeat_m190_perception_subkey_43"
            model="l10n.es.aeat.report.perception.subkey">
        <field name="aeat_perception_key_id" ref="aeat_m190_perception_key_12"/>
        <field name="name">22</field>
        <field name="aeat_number">190</field>
        <field name="description">
            Prestaciones económicas establecidas por las Comunidades
            Autónomas en concepto de renta mínima de inserción para
            garantizar recursos económicos de subsistencia a las personas
            que carezcan de ellos, así como las demás ayudas establecidas
            por estas o por entidades locales para atender, con arreglo a su
            normativa, a colectivos en riesgo de exclusión social, situaciones
            de emergencia social, necesidades habitacionales de personas sin
            recursos o necesidades de alimentación, escolarización y demás
            necesidades básicas de menores o personas con discapacidad cuando
            ellos y las personas a su cargo, carezcan de medios económicos
            suficientes, que estén exentas en virtud de lo establecido en el
            primer párrafo de la letra y) del artículo 7 de la Ley del Impuesto.
        </field>
        <field name="active">True</field>
        <field name="additional_data_required">0</field>
    </record>

    <record id="aeat_m190_perception_subkey_44"
            model="l10n.es.aeat.report.perception.subkey">
       <field name="aeat_perception_key_id" ref="aeat_m190_perception_key_12"/>
        <field name="name">23</field>
        <field name="aeat_number">190</field>
        <field name="description">
            Ayudas concedidas a víctimas de delitos violentos a
            que se refiere la Ley 35/1995, de 11 de diciembre, de
            ayudas y asistencia a las víctimas de delitos violentos y
            contra la libertad sexual, ayudas previstas en la Ley
            Orgánica 1/2004, de 28 de diciembre, de Medidas de
            Protección Integral contra la Violencia de Género, y demás
            ayudas públicas satisfechas a víctimas de violencia de
            género por tal condición, que estén exentas en virtud de lo
            establecido en el segundo párrafo de la letra y) del artículo
            7 de la Ley del Impuesto.
        </field>
        <field name="active">True</field>
        <field name="additional_data_required">0</field>
    </record>

    <record id="aeat_m190_perception_subkey_45"
            model="l10n.es.aeat.report.perception.subkey">
        <field name="aeat_perception_key_id" ref="aeat_m190_perception_key_12"/>
        <field name="name">24</field>
        <field name="aeat_number">190</field>
        <field name="description">
            Rendimientos del trabajo en especie exentos de
            acuerdo con lo dispuesto en las letras a) a f) del artículo
            42.3 de la Ley del Impuesto. No obstante, respecto de los
            rendimientos del trabajo exentos previstos en las letras a)
            y b) de dicho apartado, únicamente se exigirán datos
            cuando para la prestación de los servicios se utilicen
            fórmulas indirectas.
        </field>
        <field name="active">True</field>
        <field name="additional_data_required">0</field>
    </record>

    <record id="aeat_m190_perception_subkey_46"
            model="l10n.es.aeat.report.perception.subkey">
        <field name="aeat_perception_key_id" ref="aeat_m190_perception_key_12"/>
        <field name="name">25</field>
        <field name="aeat_number">190</field>
        <field name="description">
            Otras rentas exentas. Se incluirán en esta subclave las
            rentas exentas del Impuesto sobre la Renta de las
            Personas Físicas que, debiendo relacionarse en el modelo
            190, sean distintas de las específicamente señaladas en
            las subclaves anteriores.
        </field>
        <field name="active">True</field>
        <field name="additional_data_required">0</field>
    </record>

</odoo>
