<?xml version="1.0" encoding="utf-8"?>
<!-- Copyright 2016 RGB Consulting SL (http://www.rgbconsulting.com)
     Copyright 2019 Tecnativa - Pedro M. Baeza
     License AGPL-3.0 or later (https://www.gnu.org/licenses/agpl). -->
<odoo>

    <!--  SUB-111-01  -->
    <record id="aeat_mod111_sub01_export_config" model="aeat.model.export.config">
        <field name="name">Mod.111 2016 - Página</field>
        <field name="model_number">111</field>
        <field name="active" eval="False"/>
    </record>

    <record id="aeat_mod111_sub01_export_line_01" model="aeat.model.export.config.line">
        <field name="sequence">1</field>
        <field name="export_config_id" ref="aeat_mod111_sub01_export_config"/>
        <field name="name">Constante: &lt;T</field>
        <field name="fixed_value">&lt;T</field>
        <field name="export_type">string</field>
        <field name="size">2</field>
        <field name="alignment">left</field>
    </record>

    <record id="aeat_mod111_sub01_export_line_02" model="aeat.model.export.config.line">
        <field name="sequence">2</field>
        <field name="export_config_id" ref="aeat_mod111_sub01_export_config"/>
        <field name="name">Constante: 111</field>
        <field name="fixed_value">111</field>
        <field name="export_type">string</field>
        <field name="size">3</field>
        <field name="alignment">left</field>
    </record>

    <record id="aeat_mod111_sub01_export_line_03" model="aeat.model.export.config.line">
        <field name="sequence">3</field>
        <field name="export_config_id" ref="aeat_mod111_sub01_export_config"/>
        <field name="name">Constante: 01</field>
        <field name="fixed_value">01</field>
        <field name="export_type">string</field>
        <field name="size">2</field>
        <field name="alignment">left</field>
    </record>

    <record id="aeat_mod111_sub01_export_line_04" model="aeat.model.export.config.line">
        <field name="sequence">4</field>
        <field name="export_config_id" ref="aeat_mod111_sub01_export_config"/>
        <field name="name">Constante: 000&gt;</field>
        <field name="fixed_value">000&gt;</field>
        <field name="export_type">string</field>
        <field name="size">4</field>
        <field name="alignment">left</field>
    </record>

    <record id="aeat_mod111_sub01_export_line_05" model="aeat.model.export.config.line">
        <field name="sequence">5</field>
        <field name="export_config_id" ref="aeat_mod111_sub01_export_config"/>
        <field name="name">Indicador de página complementaria: En blanco</field>
        <field name="fixed_value"/>
        <field name="export_type">string</field>
        <field name="size">1</field>
        <field name="alignment">left</field>
    </record>

    <record id="aeat_mod111_sub01_export_line_06" model="aeat.model.export.config.line">
        <field name="sequence">6</field>
        <field name="export_config_id" ref="aeat_mod111_sub01_export_config"/>
        <field name="name">Tipo de declaración</field>
        <field name="expression">${object.tipo_declaracion}</field>
        <field name="export_type">string</field>
        <field name="size">1</field>
        <field name="alignment">left</field>
    </record>

    <record id="aeat_mod111_sub01_export_line_07" model="aeat.model.export.config.line">
        <field name="sequence">7</field>
        <field name="export_config_id" ref="aeat_mod111_sub01_export_config"/>
        <field name="name">Identificación: NIF</field>
        <field name="expression">${object.company_vat}</field>
        <field name="export_type">string</field>
        <field name="size">9</field>
        <field name="alignment">left</field>
    </record>

    <record id="aeat_mod111_sub01_export_line_08" model="aeat.model.export.config.line">
        <field name="sequence">8</field>
        <field name="export_config_id" ref="aeat_mod111_sub01_export_config"/>
        <field name="name">Identificación: Denominación o Apellidos</field>
        <field name="expression">${object.company_id.name}</field>
        <field name="export_type">string</field>
        <field name="size">60</field>
        <field name="alignment">left</field>
    </record>

    <record id="aeat_mod111_sub01_export_line_09" model="aeat.model.export.config.line">
        <field name="sequence">9</field>
        <field name="export_config_id" ref="aeat_mod111_sub01_export_config"/>
        <field name="name">Identificación: Nombre</field>
        <field name="fixed_value"/>
        <field name="export_type">string</field>
        <field name="size">20</field>
        <field name="alignment">left</field>
    </record>

    <record id="aeat_mod111_sub01_export_line_10" model="aeat.model.export.config.line">
        <field name="sequence">10</field>
        <field name="export_config_id" ref="aeat_mod111_sub01_export_config"/>
        <field name="name">Identificación: Ejercicio</field>
        <field name="expression">${object.year}</field>
        <field name="export_type">string</field>
        <field name="size">4</field>
        <field name="alignment">left</field>
    </record>

    <record id="aeat_mod111_sub01_export_line_11" model="aeat.model.export.config.line">
        <field name="sequence">11</field>
        <field name="export_config_id" ref="aeat_mod111_sub01_export_config"/>
        <field name="name">Identificación: Periodo</field>
        <field name="expression">${object.period_type}</field>
        <field name="export_type">string</field>
        <field name="size">2</field>
        <field name="alignment">left</field>
    </record>

    <record id="aeat_mod111_sub01_export_line_12" model="aeat.model.export.config.line">
        <field name="sequence">12</field>
        <field name="export_config_id" ref="aeat_mod111_sub01_export_config"/>
        <field name="name">Rendimientos del trabajo - Rendimientos dinerarios - Número de perceptores [01]</field>
        <field name="expression">${object.casilla_01}</field>
        <field name="export_type">integer</field>
        <field name="size">8</field>
        <field name="alignment">right</field>
    </record>

    <record id="aeat_mod111_sub01_export_line_13" model="aeat.model.export.config.line">
        <field name="sequence">13</field>
        <field name="export_config_id" ref="aeat_mod111_sub01_export_config"/>
        <field name="name">Rendimientos del trabajo - Rendimientos dinerarios - Importe de las percepciones [02]</field>
        <field name="expression">${object.tax_line_ids.filtered(lambda r: r.field_number==2).amount}</field>
        <field name="export_type">float</field>
        <field name="apply_sign" eval="True"/>
        <field name="size">17</field>
        <field name="decimal_size">2</field>
        <field name="alignment">right</field>
    </record>

    <record id="aeat_mod111_sub01_export_line_14" model="aeat.model.export.config.line">
        <field name="sequence">14</field>
        <field name="export_config_id" ref="aeat_mod111_sub01_export_config"/>
        <field name="name">Rendimientos del trabajo - Rendimientos dinerarios - Importe de las retenciones [03]</field>
        <field name="expression">${object.tax_line_ids.filtered(lambda r: r.field_number==3).amount}</field>
        <field name="export_type">float</field>
        <field name="apply_sign" eval="True"/>
        <field name="size">17</field>
        <field name="decimal_size">2</field>
        <field name="alignment">right</field>
    </record>

    <record id="aeat_mod111_sub01_export_line_15" model="aeat.model.export.config.line">
        <field name="sequence">15</field>
        <field name="export_config_id" ref="aeat_mod111_sub01_export_config"/>
        <field name="name">Rendimientos del trabajo - Rendimientos en especie - Número de perceptores [04]</field>
        <field name="expression">${object.casilla_04}</field>
        <field name="export_type">integer</field>
        <field name="size">8</field>
        <field name="alignment">right</field>
    </record>

    <record id="aeat_mod111_sub01_export_line_16" model="aeat.model.export.config.line">
        <field name="sequence">16</field>
        <field name="export_config_id" ref="aeat_mod111_sub01_export_config"/>
        <field name="name">Rendimientos del trabajo - Rendimientos en especie - Importe de las percepciones [05]</field>
        <field name="expression">${object.tax_line_ids.filtered(lambda r: r.field_number==5).amount}</field>
        <field name="export_type">float</field>
        <field name="apply_sign" eval="True"/>
        <field name="size">17</field>
        <field name="decimal_size">2</field>
        <field name="alignment">right</field>
    </record>

    <record id="aeat_mod111_sub01_export_line_17" model="aeat.model.export.config.line">
        <field name="sequence">17</field>
        <field name="export_config_id" ref="aeat_mod111_sub01_export_config"/>
        <field name="name">Rendimientos del trabajo - Rendimientos en especie - Importe de las retenciones [06]</field>
        <field name="expression">${object.tax_line_ids.filtered(lambda r: r.field_number==6).amount}</field>
        <field name="export_type">float</field>
        <field name="apply_sign" eval="True"/>
        <field name="size">17</field>
        <field name="decimal_size">2</field>
        <field name="alignment">right</field>
    </record>

    <record id="aeat_mod111_sub01_export_line_18" model="aeat.model.export.config.line">
        <field name="sequence">18</field>
        <field name="export_config_id" ref="aeat_mod111_sub01_export_config"/>
        <field name="name">Rendimientos de actividades económicas - Rendimientos dinerarios - Número de perceptores [07]</field>
        <field name="expression">${object.casilla_07}</field>
        <field name="export_type">integer</field>
        <field name="size">8</field>
        <field name="alignment">right</field>
    </record>

    <record id="aeat_mod111_sub01_export_line_19" model="aeat.model.export.config.line">
        <field name="sequence">19</field>
        <field name="export_config_id" ref="aeat_mod111_sub01_export_config"/>
        <field name="name">Rendimientos de actividades económicas - Rendimientos dinerarios - Importe de las percepciones [08]</field>
        <field name="expression">${object.tax_line_ids.filtered(lambda r: r.field_number==8).amount}</field>
        <field name="export_type">float</field>
        <field name="apply_sign" eval="True"/>
        <field name="size">17</field>
        <field name="decimal_size">2</field>
        <field name="alignment">right</field>
    </record>

    <record id="aeat_mod111_sub01_export_line_20" model="aeat.model.export.config.line">
        <field name="sequence">20</field>
        <field name="export_config_id" ref="aeat_mod111_sub01_export_config"/>
        <field name="name">Rendimientos de actividades económicas - Rendimientos dinerarios - Importe de las retenciones [09]</field>
        <field name="expression">${object.tax_line_ids.filtered(lambda r: r.field_number==9).amount}</field>
        <field name="export_type">float</field>
        <field name="apply_sign" eval="True"/>
        <field name="size">17</field>
        <field name="decimal_size">2</field>
        <field name="alignment">right</field>
    </record>

    <record id="aeat_mod111_sub01_export_line_21" model="aeat.model.export.config.line">
        <field name="sequence">21</field>
        <field name="export_config_id" ref="aeat_mod111_sub01_export_config"/>
        <field name="name">Rendimientos de actividades económicas - Rendimientos en especie - Número de perceptores [10]</field>
        <field name="expression">${object.casilla_10}</field>
        <field name="export_type">integer</field>
        <field name="size">8</field>
        <field name="alignment">right</field>
    </record>

    <record id="aeat_mod111_sub01_export_line_22" model="aeat.model.export.config.line">
        <field name="sequence">22</field>
        <field name="export_config_id" ref="aeat_mod111_sub01_export_config"/>
        <field name="name">Rendimientos de actividades económicas - Rendimientos en especie - Importe de las percepciones [11]</field>
        <field name="expression">${object.casilla_11}</field>
        <field name="export_type">float</field>
        <field name="apply_sign" eval="True"/>
        <field name="size">17</field>
        <field name="decimal_size">2</field>
        <field name="alignment">right</field>
    </record>

    <record id="aeat_mod111_sub01_export_line_23" model="aeat.model.export.config.line">
        <field name="sequence">23</field>
        <field name="export_config_id" ref="aeat_mod111_sub01_export_config"/>
        <field name="name">Rendimientos de actividades económicas - Rendimientos en especie - Importe de las retenciones [12]</field>
        <field name="expression">${object.casilla_12}</field>
        <field name="export_type">float</field>
        <field name="apply_sign" eval="True"/>
        <field name="size">17</field>
        <field name="decimal_size">2</field>
        <field name="alignment">right</field>
    </record>

    <record id="aeat_mod111_sub01_export_line_24" model="aeat.model.export.config.line">
        <field name="sequence">24</field>
        <field name="export_config_id" ref="aeat_mod111_sub01_export_config"/>
        <field name="name">Premios por la participación en juegos, concursos, rifas o combinaciones aleatorias - Rendimientos dinerarios - Número de perceptores [13]</field>
        <field name="expression">${object.casilla_13}</field>
        <field name="export_type">integer</field>
        <field name="size">8</field>
        <field name="alignment">right</field>
    </record>

    <record id="aeat_mod111_sub01_export_line_25" model="aeat.model.export.config.line">
        <field name="sequence">25</field>
        <field name="export_config_id" ref="aeat_mod111_sub01_export_config"/>
        <field name="name">Premios por la participación en juegos, concursos, rifas o combinaciones aleatorias - Rendimientos dinerarios - Importe de las percepciones [14]</field>
        <field name="expression">${object.casilla_14}</field>
        <field name="export_type">float</field>
        <field name="apply_sign" eval="True"/>
        <field name="size">17</field>
        <field name="decimal_size">2</field>
        <field name="alignment">right</field>
    </record>

    <record id="aeat_mod111_sub01_export_line_26" model="aeat.model.export.config.line">
        <field name="sequence">26</field>
        <field name="export_config_id" ref="aeat_mod111_sub01_export_config"/>
        <field name="name">Premios por la participación en juegos, concursos, rifas o combinaciones aleatorias - Rendimientos dinerarios - Importe de las retenciones [15]</field>
        <field name="expression">${object.casilla_15}</field>
        <field name="export_type">float</field>
        <field name="apply_sign" eval="True"/>
        <field name="size">17</field>
        <field name="decimal_size">2</field>
        <field name="alignment">right</field>
    </record>

    <record id="aeat_mod111_sub01_export_line_27" model="aeat.model.export.config.line">
        <field name="sequence">27</field>
        <field name="export_config_id" ref="aeat_mod111_sub01_export_config"/>
        <field name="name">Premios por la participación en juegos, concursos, rifas o combinaciones aleatorias - Rendimientos en especie - Número de perceptores [16]</field>
        <field name="expression">${object.casilla_16}</field>
        <field name="export_type">integer</field>
        <field name="size">8</field>
        <field name="alignment">right</field>
    </record>

    <record id="aeat_mod111_sub01_export_line_28" model="aeat.model.export.config.line">
        <field name="sequence">28</field>
        <field name="export_config_id" ref="aeat_mod111_sub01_export_config"/>
        <field name="name">Premios por la participación en juegos, concursos, rifas o combinaciones aleatorias - Rendimientos en especie - Importe de las percepciones [17]</field>
        <field name="expression">${object.casilla_17}</field>
        <field name="export_type">float</field>
        <field name="apply_sign" eval="True"/>
        <field name="size">17</field>
        <field name="decimal_size">2</field>
        <field name="alignment">right</field>
    </record>

    <record id="aeat_mod111_sub01_export_line_29" model="aeat.model.export.config.line">
        <field name="sequence">29</field>
        <field name="export_config_id" ref="aeat_mod111_sub01_export_config"/>
        <field name="name">Premios por la participación en juegos, concursos, rifas o combinaciones aleatorias - Rendimientos en especie - Importe de las retenciones [18]</field>
        <field name="expression">${object.casilla_18}</field>
        <field name="export_type">float</field>
        <field name="apply_sign" eval="True"/>
        <field name="size">17</field>
        <field name="decimal_size">2</field>
        <field name="alignment">right</field>
    </record>

    <record id="aeat_mod111_sub01_export_line_30" model="aeat.model.export.config.line">
        <field name="sequence">30</field>
        <field name="export_config_id" ref="aeat_mod111_sub01_export_config"/>
        <field name="name">Ganancias patrimoniales derivadas de los aprovechamientos forestales de los vecinos en los montes públicos - Rendimientos dinerarios - Número de perceptores [19]</field>
        <field name="expression">${object.casilla_19}</field>
        <field name="export_type">integer</field>
        <field name="size">8</field>
        <field name="alignment">right</field>
    </record>

    <record id="aeat_mod111_sub01_export_line_31" model="aeat.model.export.config.line">
        <field name="sequence">31</field>
        <field name="export_config_id" ref="aeat_mod111_sub01_export_config"/>
        <field name="name">Ganancias patrimoniales derivadas de los aprovechamientos forestales de los vecinos en los montes públicos - Rendimientos dinerarios - Importe de las percepciones [20]</field>
        <field name="expression">${object.casilla_20}</field>
        <field name="export_type">float</field>
        <field name="apply_sign" eval="True"/>
        <field name="size">17</field>
        <field name="decimal_size">2</field>
        <field name="alignment">right</field>
    </record>

    <record id="aeat_mod111_sub01_export_line_32" model="aeat.model.export.config.line">
        <field name="sequence">32</field>
        <field name="export_config_id" ref="aeat_mod111_sub01_export_config"/>
        <field name="name">Ganancias patrimoniales derivadas de los aprovechamientos forestales de los vecinos en los montes públicos - Rendimientos dinerarios - Importe de las retenciones [21]</field>
        <field name="expression">${object.casilla_21}</field>
        <field name="export_type">float</field>
        <field name="apply_sign" eval="True"/>
        <field name="size">17</field>
        <field name="decimal_size">2</field>
        <field name="alignment">right</field>
    </record>

    <record id="aeat_mod111_sub01_export_line_33" model="aeat.model.export.config.line">
        <field name="sequence">33</field>
        <field name="export_config_id" ref="aeat_mod111_sub01_export_config"/>
        <field name="name">Ganancias patrimoniales derivadas de los aprovechamientos forestales de los vecinos en los montes públicos - Rendimientos en especie - Número de perceptores [22]</field>
        <field name="expression">${object.casilla_22}</field>
        <field name="export_type">integer</field>
        <field name="size">8</field>
        <field name="alignment">right</field>
    </record>

    <record id="aeat_mod111_sub01_export_line_34" model="aeat.model.export.config.line">
        <field name="sequence">34</field>
        <field name="export_config_id" ref="aeat_mod111_sub01_export_config"/>
        <field name="name">Ganancias patrimoniales derivadas de los aprovechamientos forestales de los vecinos en los montes públicos - Rendimientos en especie - Importe de las percepciones [23]</field>
        <field name="expression">${object.casilla_23}</field>
        <field name="export_type">float</field>
        <field name="apply_sign" eval="True"/>
        <field name="size">17</field>
        <field name="decimal_size">2</field>
        <field name="alignment">right</field>
    </record>

    <record id="aeat_mod111_sub01_export_line_35" model="aeat.model.export.config.line">
        <field name="sequence">35</field>
        <field name="export_config_id" ref="aeat_mod111_sub01_export_config"/>
        <field name="name">Ganancias patrimoniales derivadas de los aprovechamientos forestales de los vecinos en los montes públicos - Rendimientos en especie - Importe de las retenciones [24]</field>
        <field name="expression">${object.casilla_24}</field>
        <field name="export_type">float</field>
        <field name="apply_sign" eval="True"/>
        <field name="size">17</field>
        <field name="decimal_size">2</field>
        <field name="alignment">right</field>
    </record>

    <record id="aeat_mod111_sub01_export_line_36" model="aeat.model.export.config.line">
        <field name="sequence">36</field>
        <field name="export_config_id" ref="aeat_mod111_sub01_export_config"/>
        <field name="name">Contraprestaciones por la cesión de derechos de imagen, ingresos a cuenta previstos en el artículo 92.8 de la Ley del Impuesto - Contrapartidas dinerarias o en especie - Número de perceptores [25]</field>
        <field name="expression">${object.casilla_25}</field>
        <field name="export_type">integer</field>
        <field name="size">8</field>
        <field name="alignment">right</field>
    </record>

    <record id="aeat_mod111_sub01_export_line_37" model="aeat.model.export.config.line">
        <field name="sequence">37</field>
        <field name="export_config_id" ref="aeat_mod111_sub01_export_config"/>
        <field name="name">Contraprestaciones por la cesión de derechos de imagen, ingresos a cuenta previstos en el artículo 92.8 de la Ley del Impuesto - Contrapartidas dinerarias o en especie - Contraprestaciones satisfechas [26]</field>
        <field name="expression">${object.casilla_26}</field>
        <field name="export_type">float</field>
        <field name="apply_sign" eval="True"/>
        <field name="size">17</field>
        <field name="decimal_size">2</field>
        <field name="alignment">right</field>
    </record>

    <record id="aeat_mod111_sub01_export_line_38" model="aeat.model.export.config.line">
        <field name="sequence">38</field>
        <field name="export_config_id" ref="aeat_mod111_sub01_export_config"/>
        <field name="name">Contraprestaciones por la cesión de derechos de imagen, ingresos a cuenta previstos en el artículo 92.8 de la Ley del Impuesto - Contrapartidas dinerarias o en especie - Importe de los ingresos a cuenta [27]</field>
        <field name="expression">${object.casilla_27}</field>
        <field name="export_type">float</field>
        <field name="apply_sign" eval="True"/>
        <field name="size">17</field>
        <field name="decimal_size">2</field>
        <field name="alignment">right</field>
    </record>

    <record id="aeat_mod111_sub01_export_line_39" model="aeat.model.export.config.line">
        <field name="sequence">39</field>
        <field name="export_config_id" ref="aeat_mod111_sub01_export_config"/>
        <field name="name">Total liquidación - Suma de las retenciones e ingresos a cuenta [28]</field>
        <field name="expression">${object.casilla_28}</field>
        <field name="export_type">float</field>
        <field name="apply_sign" eval="True"/>
        <field name="size">17</field>
        <field name="decimal_size">2</field>
        <field name="alignment">right</field>
    </record>

    <record id="aeat_mod111_sub01_export_line_40" model="aeat.model.export.config.line">
        <field name="sequence">40</field>
        <field name="export_config_id" ref="aeat_mod111_sub01_export_config"/>
        <field name="name">Total liquidación - Resultado a ingresar de la anterior o anteriores autoliquidaciones por el mismo concepto, ejercicio y período [29]</field>
        <field name="expression">${object.casilla_29}</field>
        <field name="export_type">float</field>
        <field name="apply_sign" eval="True"/>
        <field name="size">17</field>
        <field name="decimal_size">2</field>
        <field name="alignment">right</field>
    </record>

    <record id="aeat_mod111_sub01_export_line_41" model="aeat.model.export.config.line">
        <field name="sequence">41</field>
        <field name="export_config_id" ref="aeat_mod111_sub01_export_config"/>
        <field name="name">Total liquidación - Resultado a ingresar [30]</field>
        <field name="expression">${object.casilla_30}</field>
        <field name="export_type">float</field>
        <field name="apply_sign" eval="True"/>
        <field name="size">17</field>
        <field name="decimal_size">2</field>
        <field name="alignment">right</field>
    </record>

    <record id="aeat_mod111_sub01_export_line_42" model="aeat.model.export.config.line">
        <field name="sequence">42</field>
        <field name="export_config_id" ref="aeat_mod111_sub01_export_config"/>
        <field name="name">Complementaria - Declaración complementaria</field>
        <field name="expression">${object.type == 'C'}</field>
        <field name="export_type">boolean</field>
        <field name="size">1</field>
        <field name="bool_yes">X</field>
        <field name="bool_no"> </field>
        <field name="alignment">left</field>
    </record>

    <record id="aeat_mod111_sub01_export_line_43" model="aeat.model.export.config.line">
        <field name="sequence">43</field>
        <field name="export_config_id" ref="aeat_mod111_sub01_export_config"/>
        <field name="name">Complementaria - Número justificante de la declaración anterior</field>
        <field name="expression">${object.previous_number if object.type in ('C', 'S') else ''}</field>
        <field name="export_type">string</field>
        <field name="size">13</field>
        <field name="alignment">left</field>
    </record>

    <record id="aeat_mod111_sub01_export_line_44" model="aeat.model.export.config.line">
        <field name="sequence">44</field>
        <field name="export_config_id" ref="aeat_mod111_sub01_export_config"/>
        <field name="name">Administración presentando declaración de Colegio Concertado (CC)</field>
        <field name="expression">${object.colegio_concertado}</field>
        <field name="export_type">boolean</field>
        <field name="size">1</field>
        <field name="bool_yes">X</field>
        <field name="bool_no"> </field>
        <field name="alignment">left</field>
    </record>

    <record id="aeat_mod111_sub01_export_line_45" model="aeat.model.export.config.line">
        <field name="sequence">45</field>
        <field name="export_config_id" ref="aeat_mod111_sub01_export_config"/>
        <field name="name">Domiciliación - IBAN</field>
        <field name="expression">${object.partner_bank_id and object.partner_bank_id.acc_number and object.partner_bank_id.acc_number.replace(" ", "") or ""}</field>
        <field name="export_type">string</field>
        <field name="size">34</field>
        <field name="alignment">left</field>
    </record>

    <record id="aeat_mod111_sub01_export_line_46" model="aeat.model.export.config.line">
        <field name="sequence">46</field>
        <field name="export_config_id" ref="aeat_mod111_sub01_export_config"/>
        <field name="name">Reservado para la Administración (389)</field>
        <field name="fixed_value"/>
        <field name="export_type">string</field>
        <field name="size">389</field>
        <field name="alignment">left</field>
    </record>

    <record id="aeat_mod111_sub01_export_line_47" model="aeat.model.export.config.line">
        <field name="sequence">47</field>
        <field name="export_config_id" ref="aeat_mod111_sub01_export_config"/>
        <field name="name">Reservado para el sello electrónico de la AEAT (13)</field>
        <field name="fixed_value"/>
        <field name="export_type">string</field>
        <field name="size">13</field>
        <field name="alignment">left</field>
    </record>

    <record id="aeat_mod111_sub01_export_line_48" model="aeat.model.export.config.line">
        <field name="sequence">48</field>
        <field name="export_config_id" ref="aeat_mod111_sub01_export_config"/>
        <field name="name">Indicador de fin de registro: &lt;/T11101000&gt;</field>
        <field name="fixed_value">&lt;/T11101000&gt;</field>
        <field name="export_type">string</field>
        <field name="size">12</field>
        <field name="alignment">left</field>
    </record>

    <!--  MAIN-111  -->
    <record id="aeat_mod111_main_export_config" model="aeat.model.export.config">
        <field name="name">Mod.111 2016-actualidad</field>
        <field name="date_start">2016-01-01</field>
        <field name="model_number">111</field>
        <field name="model_id" ref="l10n_es_aeat_mod111.model_l10n_es_aeat_mod111_report"/>
    </record>

    <record id="aeat_mod111_main_export_line_01" model="aeat.model.export.config.line">
        <field name="sequence">1</field>
        <field name="export_config_id" ref="aeat_mod111_main_export_config"/>
        <field name="name">Constante: &lt;T</field>
        <field name="fixed_value">&lt;T</field>
        <field name="export_type">string</field>
        <field name="size">2</field>
        <field name="alignment">left</field>
    </record>

    <record id="aeat_mod111_main_export_line_02" model="aeat.model.export.config.line">
        <field name="sequence">2</field>
        <field name="export_config_id" ref="aeat_mod111_main_export_config"/>
        <field name="name">Constante: 111</field>
        <field name="fixed_value">111</field>
        <field name="export_type">string</field>
        <field name="size">3</field>
        <field name="alignment">left</field>
    </record>

    <record id="aeat_mod111_main_export_line_03" model="aeat.model.export.config.line">
        <field name="sequence">3</field>
        <field name="export_config_id" ref="aeat_mod111_main_export_config"/>
        <field name="name">Constante: 0</field>
        <field name="fixed_value">0</field>
        <field name="export_type">string</field>
        <field name="size">1</field>
        <field name="alignment">left</field>
    </record>

    <record id="aeat_mod111_main_export_line_04" model="aeat.model.export.config.line">
        <field name="sequence">4</field>
        <field name="export_config_id" ref="aeat_mod111_main_export_config"/>
        <field name="name">Ejercicio devengo</field>
        <field name="expression">${object.year}</field>
        <field name="export_type">string</field>
        <field name="size">4</field>
        <field name="alignment">left</field>
    </record>

    <record id="aeat_mod111_main_export_line_05" model="aeat.model.export.config.line">
        <field name="sequence">5</field>
        <field name="export_config_id" ref="aeat_mod111_main_export_config"/>
        <field name="name">Identificación Periodo</field>
        <field name="expression">${object.period_type}</field>
        <field name="export_type">string</field>
        <field name="size">2</field>
        <field name="alignment">left</field>
    </record>

    <record id="aeat_mod111_main_export_line_06" model="aeat.model.export.config.line">
        <field name="sequence">6</field>
        <field name="export_config_id" ref="aeat_mod111_main_export_config"/>
        <field name="name">Constante: 0000&gt;</field>
        <field name="fixed_value">0000&gt;</field>
        <field name="export_type">string</field>
        <field name="size">5</field>
        <field name="alignment">left</field>
    </record>

    <record id="aeat_mod111_main_export_line_07" model="aeat.model.export.config.line">
        <field name="sequence">7</field>
        <field name="export_config_id" ref="aeat_mod111_main_export_config"/>
        <field name="name">Constante: &lt;AUX&gt;</field>
        <field name="fixed_value">&lt;AUX&gt;</field>
        <field name="export_type">string</field>
        <field name="size">5</field>
        <field name="alignment">left</field>
    </record>

    <record id="aeat_mod111_main_export_line_08" model="aeat.model.export.config.line">
        <field name="sequence">8</field>
        <field name="export_config_id" ref="aeat_mod111_main_export_config"/>
        <field name="name">Reservado para la Administración: Rellenar con blancos</field>
        <field name="fixed_value"/>
        <field name="export_type">string</field>
        <field name="size">70</field>
        <field name="alignment">left</field>
    </record>

    <record id="aeat_mod111_main_export_line_09" model="aeat.model.export.config.line">
        <field name="sequence">9</field>
        <field name="export_config_id" ref="aeat_mod111_main_export_config"/>
        <field name="name">Versión del programa</field>
        <field name="fixed_value">odoo</field>
        <field name="export_type">string</field>
        <field name="size">4</field>
        <field name="alignment">left</field>
    </record>

    <record id="aeat_mod111_main_export_line_10" model="aeat.model.export.config.line">
        <field name="sequence">10</field>
        <field name="export_config_id" ref="aeat_mod111_main_export_config"/>
        <field name="name">Reservado para la Administración. Rellenar con blancos</field>
        <field name="fixed_value"/>
        <field name="export_type">string</field>
        <field name="size">4</field>
        <field name="alignment">left</field>
    </record>

    <record id="aeat_mod111_main_export_line_11" model="aeat.model.export.config.line">
        <field name="sequence">11</field>
        <field name="export_config_id" ref="aeat_mod111_main_export_config"/>
        <field name="name">NIF Empresa Desarrollo</field>
        <field name="fixed_value">G87846952</field>
        <field name="export_type">string</field>
        <field name="size">9</field>
        <field name="alignment">left</field>
    </record>

    <record id="aeat_mod111_main_export_line_12" model="aeat.model.export.config.line">
        <field name="sequence">12</field>
        <field name="export_config_id" ref="aeat_mod111_main_export_config"/>
        <field name="name">Reservado para la Administración. Rellenar con blancos</field>
        <field name="fixed_value"/>
        <field name="export_type">string</field>
        <field name="size">213</field>
        <field name="alignment">left</field>
    </record>

    <record id="aeat_mod111_main_export_line_13" model="aeat.model.export.config.line">
        <field name="sequence">13</field>
        <field name="export_config_id" ref="aeat_mod111_main_export_config"/>
        <field name="name">Constante: &lt;/AUX&gt;</field>
        <field name="fixed_value">&lt;/AUX&gt;</field>
        <field name="export_type">string</field>
        <field name="size">6</field>
        <field name="alignment">left</field>
    </record>

    <record id="aeat_mod111_main_export_line_14" model="aeat.model.export.config.line">
        <field name="sequence">14</field>
        <field name="export_config_id" ref="aeat_mod111_main_export_config"/>
        <field name="name">Contenido del fichero [sub01]</field>
        <field name="conditional_expression">True</field>
        <field name="subconfig_id" ref="aeat_mod111_sub01_export_config"/>
        <field name="export_type">subconfig</field>
    </record>

    <record id="aeat_mod111_main_export_line_15" model="aeat.model.export.config.line">
        <field name="sequence">15</field>
        <field name="export_config_id" ref="aeat_mod111_main_export_config"/>
        <field name="name">Constante: &lt;/T1110+Ejercicio+periodo+0000&gt;</field>
        <field name="expression">&lt;/T1110${object.year}${object.period_type}0000&gt;</field>
        <field name="export_type">string</field>
        <field name="size">18</field>
        <field name="alignment">left</field>
    </record>

    <record id="aeat_mod111_main_export_line_16" model="aeat.model.export.config.line">
        <field name="sequence">16</field>
        <field name="export_config_id" ref="aeat_mod111_main_export_config"/>
        <field name="name">Fin de Registro. Constante CRLF (Hexadecimal 0D0A, Decimal 1310)</field>
        <field name="expression">${"\r\n".encode("ascii")}</field>
        <field name="export_type">string</field>
        <field name="size">2</field>
        <field name="alignment">left</field>
    </record>

</odoo>
