<?xml version="1.0" encoding="utf-8"?>
<openerp>

      <!--
          Cuentas que sólo están en el PGC asociaciones:
            (1300), (1301), (1320), (1321);
            (207), (2400), (2401), (2402), (243), (244), (2490), (2491),
                (2492), (2807), (283), (2831), (2832), (2907), (2935), (296),
                (299), (2991), (2992), (2993), (2994);
            (412), (447), (448), (4482), (4489), (464), (4707), (4757);
            (5935), (596);
            (6501), (6502), (6503), (6504), (6512), (6513), (6514), (653),
                (654), (655), (656), (6560), (6561), (658), (6910), (6911);
            (72), (720), (721), (722), (723), (7231), (7233), (728), (7962),
                (7963);

        Cuentas que tienen un nombre distinto al de los otros dos:
            (100), (103), (104), (1040), (1044), (12), (130);
            (240), (249);
            (490);
            (65), (671), (691), (694);
            (791), (794);

        (2013-10-07)
        Pedro M. Baeza - pedro.baeza@serviciosbaeza.com
        Serv. Tecnol. Avanzados - http://www.serviciosbaeza.com
        Refactorización general

    -->

    <data noupdate="0">

        <record id="pgc_assoc_100" model="account.account.template">
            <field name="code">100</field>
            <field name="reconcile" eval="False"/>
            <field name="parent_id" ref="pgc_10"/>
            <field name="type">view</field>
            <field name="name">Dotación fundacional</field>
            <field name="user_type" ref="l10n_es.account_type_capital"/>
            <field name="chart_template_id" ref="l10n_es.account_chart_template_assoc"/>
        </record>
        <record id="pgc_assoc_100_child" model="account.account.template">
            <field name="code">100</field>
            <field name="reconcile" eval="False"/>
            <field name="parent_id" ref="pgc_assoc_100"/>
            <field name="type">other</field>
            <field name="name">Dotación fundacional</field>
            <field name="user_type" ref="l10n_es.account_type_capital"/>
            <field name="chart_template_id" ref="l10n_es.account_chart_template_assoc"/>
        </record>
        <record id="pgc_assoc_103" model="account.account.template">
            <field name="code">103</field>
            <field name="reconcile" eval="False"/>
            <field name="parent_id" ref="pgc_10"/>
            <field name="type">view</field>
            <field name="name">Fundadores/asociados por desembolsos no exigidos</field>
            <field name="user_type" ref="l10n_es.account_type_capital"/>
            <field name="chart_template_id" ref="l10n_es.account_chart_template_assoc"/>
        </record>
        <record id="pgc_assoc_1030" model="account.account.template">
            <field name="code">1030</field>
            <field name="reconcile" eval="False"/>
            <field name="parent_id" ref="pgc_assoc_103"/>
            <field name="type">view</field>
            <field name="name">Fundadores, parte no desembolsada en fundaciones</field>
            <field name="user_type" ref="l10n_es.account_type_capital"/>
            <field name="chart_template_id" ref="l10n_es.account_chart_template_assoc"/>
        </record>
        <record id="pgc_assoc_1030_child" model="account.account.template">
            <field name="code">1030</field>
            <field name="reconcile" eval="False"/>
            <field name="parent_id" ref="pgc_assoc_1030"/>
            <field name="type">other</field>
            <field name="name">Fundadores, parte no desembolsada en fundaciones</field>
            <field name="user_type" ref="l10n_es.account_type_capital"/>
            <field name="chart_template_id" ref="l10n_es.account_chart_template_assoc"/>
        </record>
        <record id="pgc_assoc_1034" model="account.account.template">
            <field name="code">1034</field>
            <field name="reconcile" eval="False"/>
            <field name="parent_id" ref="pgc_assoc_103"/>
            <field name="type">view</field>
            <field name="name">Asociados, parte no desembolsada en asociaciones</field>
            <field name="user_type" ref="l10n_es.account_type_capital"/>
            <field name="chart_template_id" ref="l10n_es.account_chart_template_assoc"/>
        </record>
        <record id="pgc_assoc_1034_child" model="account.account.template">
            <field name="code">1034</field>
            <field name="reconcile" eval="False"/>
            <field name="parent_id" ref="pgc_assoc_1034"/>
            <field name="type">other</field>
            <field name="name">Asociados, parte no desembolsada en asociaciones</field>
            <field name="user_type" ref="l10n_es.account_type_capital"/>
            <field name="chart_template_id" ref="l10n_es.account_chart_template_assoc"/>
        </record>
        <record id="pgc_assoc_104" model="account.account.template">
            <field name="code">104</field>
            <field name="reconcile" eval="False"/>
            <field name="parent_id" ref="pgc_10"/>
            <field name="type">view</field>
            <field name="name">Fundadores/asociados por aportaciones no dinerarias pendientes</field>
            <field name="user_type" ref="l10n_es.account_type_capital"/>
            <field name="chart_template_id" ref="l10n_es.account_chart_template_assoc"/>
        </record>
        <record id="pgc_assoc_1040" model="account.account.template">
            <field name="code">1040</field>
            <field name="reconcile" eval="False"/>
            <field name="parent_id" ref="pgc_assoc_104"/>
            <field name="type">view</field>
            <field name="name">Fundadores, por aportaciones no dinerarias pendientes, en fundaciones</field>
            <field name="user_type" ref="l10n_es.account_type_capital"/>
            <field name="chart_template_id" ref="l10n_es.account_chart_template_assoc"/>
        </record>
        <record id="pgc_assoc_1040_child" model="account.account.template">
            <field name="code">1040</field>
            <field name="reconcile" eval="False"/>
            <field name="parent_id" ref="pgc_assoc_1040"/>
            <field name="type">other</field>
            <field name="name">Fundadores, por aportaciones no dinerarias pendientes, en fundaciones</field>
            <field name="user_type" ref="l10n_es.account_type_capital"/>
            <field name="chart_template_id" ref="l10n_es.account_chart_template_assoc"/>
        </record>
        <record id="pgc_assoc_1044" model="account.account.template">
            <field name="code">1044</field>
            <field name="reconcile" eval="False"/>
            <field name="parent_id" ref="pgc_assoc_104"/>
            <field name="type">view</field>
            <field name="name">Asociados, por aportaciones no dinerarias pendientes, en asociaciones</field>
            <field name="user_type" ref="l10n_es.account_type_capital"/>
            <field name="chart_template_id" ref="l10n_es.account_chart_template_assoc"/>
        </record>
        <record id="pgc_assoc_1044_child" model="account.account.template">
            <field name="code">1044</field>
            <field name="reconcile" eval="False"/>
            <field name="parent_id" ref="pgc_assoc_1044"/>
            <field name="type">other</field>
            <field name="name">Asociados, por aportaciones no dinerarias pendientes, en asociaciones</field>
            <field name="user_type" ref="l10n_es.account_type_capital"/>
            <field name="chart_template_id" ref="l10n_es.account_chart_template_assoc"/>
        </record>
        <record id="pgc_assoc_12" model="account.account.template">
            <field name="code">12</field>
            <field name="reconcile" eval="False"/>
            <field name="parent_id" ref="pgc_1"/>
            <field name="type">view</field>
            <field name="name">Excedentes pendientes de aplicación</field>
            <field name="user_type" ref="l10n_es.account_type_capital"/>
            <field name="chart_template_id" ref="l10n_es.account_chart_template_assoc"/>
        </record>
        <record id="pgc_assoc_120" model="account.account.template">
            <field name="code">120</field>
            <field name="reconcile" eval="False"/>
            <field name="parent_id" ref="pgc_assoc_12"/>
            <field name="type">view</field>
            <field name="name">Remanente</field>
            <field name="user_type" ref="l10n_es.account_type_capital"/>
            <field name="chart_template_id" ref="l10n_es.account_chart_template_assoc"/>
        </record>
        <record id="pgc_assoc_120_child" model="account.account.template">
            <field name="code">120</field>
            <field name="reconcile" eval="False"/>
            <field name="parent_id" ref="pgc_assoc_120"/>
            <field name="type">other</field>
            <field name="name">Remanente</field>
            <field name="user_type" ref="l10n_es.account_type_capital"/>
            <field name="chart_template_id" ref="l10n_es.account_chart_template_assoc"/>
        </record>
        <record id="pgc_assoc_121" model="account.account.template">
            <field name="code">121</field>
            <field name="reconcile" eval="False"/>
            <field name="parent_id" ref="pgc_assoc_12"/>
            <field name="type">view</field>
            <field name="name">Resultados negativos de ejercicios anteriores</field>
            <field name="user_type" ref="l10n_es.account_type_capital"/>
            <field name="chart_template_id" ref="l10n_es.account_chart_template_assoc"/>
        </record>
        <record id="pgc_assoc_121_child" model="account.account.template">
            <field name="code">121</field>
            <field name="reconcile" eval="False"/>
            <field name="parent_id" ref="pgc_assoc_121"/>
            <field name="type">other</field>
            <field name="name">Resultados negativos de ejercicios anteriores</field>
            <field name="user_type" ref="l10n_es.account_type_capital"/>
            <field name="chart_template_id" ref="l10n_es.account_chart_template_assoc"/>
        </record>
        <record id="pgc_assoc_129" model="account.account.template">
            <field name="code">129</field>
            <field name="reconcile" eval="False"/>
            <field name="parent_id" ref="pgc_assoc_12"/>
            <field name="type">view</field>
            <field name="name">Resultado del ejercicio</field>
            <field name="user_type" ref="l10n_es.account_type_capital"/>
            <field name="chart_template_id" ref="l10n_es.account_chart_template_assoc"/>
        </record>
        <record id="pgc_assoc_129_child" model="account.account.template">
            <field name="code">129</field>
            <field name="reconcile" eval="False"/>
            <field name="parent_id" ref="pgc_assoc_129"/>
            <field name="type">other</field>
            <field name="name">Resultado del ejercicio</field>
            <field name="user_type" ref="l10n_es.account_type_capital"/>
            <field name="chart_template_id" ref="l10n_es.account_chart_template_assoc"/>
        </record>
        <record id="pgc_assoc_1300" model="account.account.template">
            <field name="code">1300</field>
            <field name="reconcile" eval="False"/>
            <field name="parent_id" ref="pgc_130"/>
            <field name="type">view</field>
            <field name="name">Subvenciones del Estado</field>
            <field name="user_type" ref="l10n_es.account_type_capital"/>
            <field name="chart_template_id" ref="l10n_es.account_chart_template_assoc"/>
        </record>
        <record id="pgc_assoc_1300_child" model="account.account.template">
            <field name="code">1300</field>
            <field name="reconcile" eval="False"/>
            <field name="parent_id" ref="pgc_assoc_1300"/>
            <field name="type">other</field>
            <field name="name">Subvenciones del Estado</field>
            <field name="user_type" ref="l10n_es.account_type_capital"/>
            <field name="chart_template_id" ref="l10n_es.account_chart_template_assoc"/>
        </record>
        <record id="pgc_assoc_1301" model="account.account.template">
            <field name="code">1301</field>
            <field name="reconcile" eval="False"/>
            <field name="parent_id" ref="pgc_130"/>
            <field name="type">view</field>
            <field name="name">Subvenciones de otras Administraciones Públicas</field>
            <field name="user_type" ref="l10n_es.account_type_capital"/>
            <field name="chart_template_id" ref="l10n_es.account_chart_template_assoc"/>
        </record>
        <record id="pgc_assoc_1301_child" model="account.account.template">
            <field name="code">1301</field>
            <field name="reconcile" eval="False"/>    
            <field name="parent_id" ref="pgc_assoc_1301"/>
            <field name="type">other</field>
            <field name="name">Subvenciones de otras Administraciones Públicas</field>
            <field name="user_type" ref="l10n_es.account_type_capital"/>
            <field name="chart_template_id" ref="l10n_es.account_chart_template_assoc"/>
        </record>
        <record id="pgc_assoc_1320" model="account.account.template">
            <field name="code">1320</field>
            <field name="reconcile" eval="False"/>
            <field name="parent_id" ref="pgc_132"/>
            <field name="type">view</field>
            <field name="name">Otras subvenciones</field>
            <field name="user_type" ref="l10n_es.account_type_capital"/>
            <field name="chart_template_id" ref="l10n_es.account_chart_template_assoc"/>
        </record>
        <record id="pgc_assoc_1320_child" model="account.account.template">
            <field name="code">1320</field>
            <field name="reconcile" eval="False"/>
            <field name="parent_id" ref="pgc_assoc_1320"/>
            <field name="type">other</field>
            <field name="name">Otras subvenciones</field>
            <field name="user_type" ref="l10n_es.account_type_capital"/>
            <field name="chart_template_id" ref="l10n_es.account_chart_template_assoc"/>
        </record>
        <record id="pgc_assoc_1321" model="account.account.template">
            <field name="code">1321</field>
            <field name="reconcile" eval="False"/>
            <field name="parent_id" ref="pgc_132"/>
            <field name="type">view</field>
            <field name="name">Otras donaciones y legados</field>
            <field name="user_type" ref="l10n_es.account_type_capital"/>
            <field name="chart_template_id" ref="l10n_es.account_chart_template_assoc"/>
        </record>
        <record id="pgc_assoc_1321_child" model="account.account.template">
            <field name="code">1321</field>
            <field name="reconcile" eval="False"/>    
            <field name="parent_id" ref="pgc_assoc_1321"/>
            <field name="type">other</field>
            <field name="name">Otras donaciones y legados</field>
            <field name="user_type" ref="l10n_es.account_type_capital"/>
            <field name="chart_template_id" ref="l10n_es.account_chart_template_assoc"/>
        </record>
        <record id="pgc_assoc_207" model="account.account.template">
            <field name="code">207</field>
            <field name="reconcile" eval="False"/>
            <field name="parent_id" ref="pgc_20"/>
            <field name="type">view</field>
            <field name="name">Derechos sobre activos cedidos en uso</field>
            <field name="user_type" ref="l10n_es.account_type_inmo"/>
            <field name="chart_template_id" ref="l10n_es.account_chart_template_assoc"/>
        </record>
        <record id="pgc_assoc_207_child" model="account.account.template">
            <field name="code">207</field>
            <field name="reconcile" eval="False"/>
            <field name="parent_id" ref="pgc_assoc_207"/>
            <field name="type">other</field>
            <field name="name">Derechos sobre activos cedidos en uso</field>
            <field name="user_type" ref="l10n_es.account_type_inmo"/>
            <field name="chart_template_id" ref="l10n_es.account_chart_template_assoc"/>
        </record>
        <record id="pgc_assoc_240" model="account.account.template">
            <field name="code">240</field>
            <field name="reconcile" eval="False"/>
            <field name="parent_id" ref="pgc_24"/>
            <field name="type">view</field>
            <field name="name">Bienes inmuebles</field>
            <field name="user_type" ref="l10n_es.account_type_inmo"/>
            <field name="chart_template_id" ref="l10n_es.account_chart_template_assoc"/>
        </record>
        <record id="pgc_assoc_2400" model="account.account.template">
            <field name="code">2400</field>
            <field name="reconcile" eval="False"/>
            <field name="parent_id" ref="pgc_assoc_240"/>
            <field name="type">view</field>
            <field name="name">Monumentos</field>
            <field name="user_type" ref="l10n_es.account_type_inmo"/>
            <field name="chart_template_id" ref="l10n_es.account_chart_template_assoc"/>
        </record>
        <record id="pgc_assoc_2400_child" model="account.account.template">
            <field name="code">2400</field>
            <field name="reconcile" eval="False"/>
            <field name="parent_id" ref="pgc_assoc_2400"/>
            <field name="type">other</field>
            <field name="name">Monumentos</field>
            <field name="user_type" ref="l10n_es.account_type_inmo"/>
            <field name="chart_template_id" ref="l10n_es.account_chart_template_assoc"/>
        </record>
        <record id="pgc_assoc_2401" model="account.account.template">
            <field name="code">2401</field>
            <field name="reconcile" eval="False"/>
            <field name="parent_id" ref="pgc_assoc_240"/>
            <field name="type">view</field>
            <field name="name">Jardines históricos</field>
            <field name="user_type" ref="l10n_es.account_type_inmo"/>
            <field name="chart_template_id" ref="l10n_es.account_chart_template_assoc"/>
        </record>
        <record id="pgc_assoc_2401_child" model="account.account.template">
            <field name="code">2401</field>
            <field name="reconcile" eval="False"/>
            <field name="parent_id" ref="pgc_assoc_2401"/>
            <field name="type">other</field>
            <field name="name">Jardines históricos</field>
            <field name="user_type" ref="l10n_es.account_type_inmo"/>
            <field name="chart_template_id" ref="l10n_es.account_chart_template_assoc"/>
        </record>
        <record id="pgc_assoc_2402" model="account.account.template">
            <field name="code">2402</field>
            <field name="reconcile" eval="False"/>
            <field name="parent_id" ref="pgc_assoc_240"/>
            <field name="type">view</field>
            <field name="name">Conjuntos históricos</field>
            <field name="user_type" ref="l10n_es.account_type_inmo"/>
            <field name="chart_template_id" ref="l10n_es.account_chart_template_assoc"/>
        </record>
        <record id="pgc_assoc_2402_child" model="account.account.template">
            <field name="code">2402</field>
            <field name="reconcile" eval="False"/>
            <field name="parent_id" ref="pgc_assoc_2402"/>
            <field name="type">other</field>
            <field name="name">Conjuntos históricos</field>
            <field name="user_type" ref="l10n_es.account_type_inmo"/>
            <field name="chart_template_id" ref="l10n_es.account_chart_template_assoc"/>
        </record>
        <record id="pgc_assoc_2403" model="account.account.template">
            <field name="code">2403</field>
            <field name="reconcile" eval="False"/>
            <field name="parent_id" ref="pgc_assoc_240"/>
            <field name="type">view</field>
            <field name="name">Sitios históricos</field>
            <field name="user_type" ref="l10n_es.account_type_inmo"/>
            <field name="chart_template_id" ref="l10n_es.account_chart_template_assoc"/>
        </record>
        <record id="pgc_assoc_2403_child" model="account.account.template">
            <field name="code">2403</field>
            <field name="reconcile" eval="False"/>
            <field name="parent_id" ref="pgc_assoc_2403"/>
            <field name="type">other</field>
            <field name="name">Sitios históricos</field>
            <field name="user_type" ref="l10n_es.account_type_inmo"/>
            <field name="chart_template_id" ref="l10n_es.account_chart_template_assoc"/>
        </record>
        <record id="pgc_assoc_2404" model="account.account.template">
            <field name="code">2404</field>
            <field name="reconcile" eval="False"/>
            <field name="parent_id" ref="pgc_assoc_240"/>
            <field name="type">view</field>
            <field name="name">Zonas arqueológicas</field>
            <field name="user_type" ref="l10n_es.account_type_inmo"/>
            <field name="chart_template_id" ref="l10n_es.account_chart_template_assoc"/>
        </record>
        <record id="pgc_assoc_2404_child" model="account.account.template">
            <field name="code">2404</field>
            <field name="reconcile" eval="False"/>
            <field name="parent_id" ref="pgc_assoc_2404"/>
            <field name="type">other</field>
            <field name="name">Zonas arqueológicas</field>
            <field name="user_type" ref="l10n_es.account_type_inmo"/>
            <field name="chart_template_id" ref="l10n_es.account_chart_template_assoc"/>
        </record>
        <record id="pgc_assoc_249" model="account.account.template">
            <field name="code">249</field>
            <field name="reconcile" eval="False"/>
            <field name="parent_id" ref="pgc_24"/>
            <field name="type">view</field>
            <field name="name">Anticipos sobre bienes del Patrimonio Histórico</field>
            <field name="user_type" ref="account.data_account_type_asset"/>
            <field name="chart_template_id" ref="l10n_es.account_chart_template_assoc"/>
        </record>
       <record id="pgc_assoc_2490" model="account.account.template">
            <field name="code">2490</field>
            <field name="reconcile" eval="False"/>
            <field name="parent_id" ref="pgc_assoc_249"/>
            <field name="type">view</field>
            <field name="name">Anticipos sobre bienes inmuebles del Patrimonio Histórico</field>
            <field name="user_type" ref="l10n_es.account_type_inmo"/>
            <field name="chart_template_id" ref="l10n_es.account_chart_template_assoc"/>
        </record>
        <record id="pgc_assoc_2490_child" model="account.account.template">
            <field name="code">2490</field>
            <field name="reconcile" eval="False"/>
            <field name="parent_id" ref="pgc_assoc_2490"/>
            <field name="type">other</field>
            <field name="name">Anticipos sobre bienes inmuebles del Patrimonio Histórico</field>
            <field name="user_type" ref="l10n_es.account_type_inmo"/>
            <field name="chart_template_id" ref="l10n_es.account_chart_template_assoc"/>
        </record>
       <record id="pgc_assoc_2491" model="account.account.template">
            <field name="code">2491</field>
            <field name="reconcile" eval="False"/>
            <field name="parent_id" ref="pgc_assoc_249"/>
            <field name="type">view</field>
            <field name="name">Anticipos sobre archivos del Patrimonio Histórico</field>
            <field name="user_type" ref="l10n_es.account_type_inmo"/>
            <field name="chart_template_id" ref="l10n_es.account_chart_template_assoc"/>
        </record>
        <record id="pgc_assoc_2491_child" model="account.account.template">
            <field name="code">2491</field>
            <field name="reconcile" eval="False"/>
            <field name="parent_id" ref="pgc_assoc_2491"/>
            <field name="type">other</field>
            <field name="name">Anticipos sobre archivos del Patrimonio Histórico</field>
            <field name="user_type" ref="l10n_es.account_type_inmo"/>
            <field name="chart_template_id" ref="l10n_es.account_chart_template_assoc"/>
        </record>
       <record id="pgc_assoc_2492" model="account.account.template">
            <field name="code">2492</field>
            <field name="reconcile" eval="False"/>
            <field name="parent_id" ref="pgc_assoc_249"/>
            <field name="type">view</field>
            <field name="name">Anticipos sobre bibliotecas del Patrimonio Histórico</field>
            <field name="user_type" ref="l10n_es.account_type_inmo"/>
            <field name="chart_template_id" ref="l10n_es.account_chart_template_assoc"/>
        </record>
        <record id="pgc_assoc_2492_child" model="account.account.template">
            <field name="code">2492</field>
            <field name="reconcile" eval="False"/>
            <field name="parent_id" ref="pgc_assoc_2492"/>
            <field name="type">other</field>
            <field name="name">Anticipos sobre bibliotecas del Patrimonio Histórico</field>
            <field name="user_type" ref="l10n_es.account_type_inmo"/>
            <field name="chart_template_id" ref="l10n_es.account_chart_template_assoc"/>
        </record>
        <record id="pgc_assoc_2493" model="account.account.template">
            <field name="code">2493</field>
            <field name="reconcile" eval="False"/>
            <field name="parent_id" ref="pgc_assoc_249"/>
            <field name="type">view</field>
            <field name="name">Anticipos sobre museos del Patrimonio Histórico</field>
            <field name="user_type" ref="account.data_account_type_asset"/>
            <field name="chart_template_id" ref="l10n_es.account_chart_template_assoc"/>
        </record>
        <record id="pgc_assoc_2493_child" model="account.account.template">
            <field name="code">2493</field>
            <field name="reconcile" eval="False"/>
            <field name="parent_id" ref="pgc_assoc_2493"/>
            <field name="type">other</field>
            <field name="name">Anticipos sobre museos del Patrimonio Histórico</field>
            <field name="user_type" ref="account.data_account_type_asset"/>
            <field name="chart_template_id" ref="l10n_es.account_chart_template_assoc"/>
        </record>
        <record id="pgc_assoc_2494" model="account.account.template">
            <field name="code">2494</field>
            <field name="reconcile" eval="False"/>
            <field name="parent_id" ref="pgc_assoc_249"/>
            <field name="type">view</field>
            <field name="name">Anticipos sobre bienes muebles del Patrimonio Histórico</field>
            <field name="user_type" ref="account.data_account_type_asset"/>
            <field name="chart_template_id" ref="l10n_es.account_chart_template_assoc"/>
        </record>
        <record id="pgc_assoc_2494_child" model="account.account.template">
            <field name="code">2494</field>
            <field name="reconcile" eval="False"/>
            <field name="parent_id" ref="pgc_assoc_2494"/>
            <field name="type">other</field>
            <field name="name">Anticipos sobre bienes muebles del Patrimonio Histórico</field>
            <field name="user_type" ref="account.data_account_type_asset"/>
            <field name="chart_template_id" ref="l10n_es.account_chart_template_assoc"/>
        </record>
        <record id="pgc_assoc_2807" model="account.account.template">
            <field name="code">2807</field>
            <field name="reconcile" eval="False"/>
            <field name="parent_id" ref="pgc_280"/>
            <field name="type">view</field>
            <field name="name">Amortización acumulada de derechos sobre activos cedidos en uso</field>
            <field name="user_type" ref="l10n_es.account_type_inmo"/>
            <field name="chart_template_id" ref="l10n_es.account_chart_template_assoc"/>
        </record>
        <record id="pgc_assoc_2807_child" model="account.account.template">
            <field name="code">2807</field>
            <field name="reconcile" eval="False"/>
            <field name="parent_id" ref="pgc_assoc_2807"/>
            <field name="type">other</field>
            <field name="name">Amortización acumulada de derechos sobre activos cedidos en uso</field>
            <field name="user_type" ref="l10n_es.account_type_inmo"/>
            <field name="chart_template_id" ref="l10n_es.account_chart_template_assoc"/>
        </record>
        <record id="pgc_assoc_283" model="account.account.template">
            <field name="code">283</field>
            <field name="reconcile" eval="False"/>
            <field name="parent_id" ref="pgc_28"/>
            <field name="type">view</field>
            <field name="name">Cesiones de uso sin contraprestación</field>
            <field name="user_type" ref="l10n_es.account_type_inmo"/>
            <field name="chart_template_id" ref="l10n_es.account_chart_template_assoc"/>
        </record>
        <record id="pgc_assoc_2830" model="account.account.template">
            <field name="code">2830</field>
            <field name="reconcile" eval="False"/>
            <field name="parent_id" ref="pgc_assoc_283"/>
            <field name="type">view</field>
            <field name="name">Cesiones de uso del inmovilizado intangible</field>
            <field name="user_type" ref="l10n_es.account_type_inmo"/>
            <field name="chart_template_id" ref="l10n_es.account_chart_template_assoc"/>
        </record>
        <record id="pgc_assoc_2830_child" model="account.account.template">
            <field name="code">2830</field>
            <field name="reconcile" eval="False"/>
            <field name="parent_id" ref="pgc_assoc_2830"/>
            <field name="type">other</field>
            <field name="name">Cesiones de uso del inmovilizado intangible</field>
            <field name="user_type" ref="l10n_es.account_type_inmo"/>
            <field name="chart_template_id" ref="l10n_es.account_chart_template_assoc"/>
        </record>
        <record id="pgc_assoc_2831" model="account.account.template">
            <field name="code">2831</field>
            <field name="reconcile" eval="False"/>
            <field name="parent_id" ref="pgc_assoc_283"/>
            <field name="type">view</field>
            <field name="name">Cesiones de uso del inmovilizado material</field>
            <field name="user_type" ref="l10n_es.account_type_inmo"/>
            <field name="chart_template_id" ref="l10n_es.account_chart_template_assoc"/>
        </record>
        <record id="pgc_assoc_2831_child" model="account.account.template">
            <field name="code">2831</field>
            <field name="reconcile" eval="False"/>
            <field name="parent_id" ref="pgc_assoc_2831"/>
            <field name="type">other</field>
            <field name="name">Cesiones de uso del inmovilizado material</field>
            <field name="user_type" ref="l10n_es.account_type_inmo"/>
            <field name="chart_template_id" ref="l10n_es.account_chart_template_assoc"/>
        </record>
        <record id="pgc_assoc_2832" model="account.account.template">
            <field name="code">2832</field>
            <field name="reconcile" eval="False"/>
            <field name="parent_id" ref="pgc_assoc_283"/>
            <field name="type">view</field>
            <field name="name">Cesiones de uso de las inversiones inmobiliarias</field>
            <field name="user_type" ref="l10n_es.account_type_inmo"/>
            <field name="chart_template_id" ref="l10n_es.account_chart_template_assoc"/>
        </record>       
        <record id="pgc_assoc_2907" model="account.account.template">
            <field name="code">2907</field>
            <field name="reconcile" eval="False"/>
            <field name="parent_id" ref="pgc_290"/>
            <field name="type">view</field>
            <field name="name">Deterioro del valor sobre activos cedidos en uso</field>
            <field name="user_type" ref="l10n_es.account_type_inmo"/>
            <field name="chart_template_id" ref="l10n_es.account_chart_template_assoc"/>
        </record>
        <record id="pgc_assoc_2907_child" model="account.account.template">
            <field name="code">2907</field>
            <field name="reconcile" eval="False"/>
            <field name="parent_id" ref="pgc_assoc_2907"/>
            <field name="type">other</field>
            <field name="name">Deterioro del valor sobre activos cedidos en uso</field>
            <field name="user_type" ref="l10n_es.account_type_inmo"/>
            <field name="chart_template_id" ref="l10n_es.account_chart_template_assoc"/>
        </record>
        <record id="pgc_assoc_2935" model="account.account.template">
            <field name="code">2935</field>
            <field name="reconcile" eval="False"/>
            <field name="parent_id" ref="pgc_293"/>
            <field name="type">view</field>
            <field name="name">Deterioro de valor de participaciones a largo plazo en otras partes vinculadas</field>
            <field name="user_type" ref="l10n_es.account_type_inmo"/>
            <field name="chart_template_id" ref="l10n_es.account_chart_template_assoc"/>
        </record>
        <record id="pgc_assoc_2935_child" model="account.account.template">
            <field name="code">2935</field>
            <field name="reconcile" eval="False"/>
            <field name="parent_id" ref="pgc_assoc_2935"/>
            <field name="type">other</field>
            <field name="name">Deterioro de valor de participaciones a largo plazo en otras partes vinculadas</field>
            <field name="user_type" ref="l10n_es.account_type_inmo"/>
            <field name="chart_template_id" ref="l10n_es.account_chart_template_assoc"/>
        </record>
        <record id="pgc_assoc_296" model="account.account.template">
            <field name="code">296</field>
            <field name="reconcile" eval="False"/>
            <field name="parent_id" ref="pgc_29"/>
            <field name="type">view</field>
            <field name="name">Deterioro de  valor de participaciones en el patrimonio neto a largo plazo</field>
            <field name="user_type" ref="l10n_es.account_type_inmo"/>
            <field name="chart_template_id" ref="l10n_es.account_chart_template_assoc"/>
        </record>
        <record id="pgc_assoc_296_child" model="account.account.template">
            <field name="code">296</field>
            <field name="reconcile" eval="False"/>
            <field name="parent_id" ref="pgc_assoc_296"/>
            <field name="type">other</field>
            <field name="name">Deterioro de  valor de participaciones en el patrimonio neto a largo plazo</field>
            <field name="user_type" ref="l10n_es.account_type_inmo"/>
            <field name="chart_template_id" ref="l10n_es.account_chart_template_assoc"/>
        </record>
        <record id="pgc_assoc_299" model="account.account.template">
            <field name="code">299</field>
            <field name="reconcile" eval="False"/>
            <field name="parent_id" ref="pgc_29"/>
            <field name="type">view</field>
            <field name="name">Deterioro de valor de bienes</field>
            <field name="user_type" ref="l10n_es.account_type_inmo"/>
            <field name="chart_template_id" ref="l10n_es.account_chart_template_assoc"/>
        </record>
        <record id="pgc_assoc_2990" model="account.account.template">
            <field name="code">2990</field>
            <field name="reconcile" eval="False"/>
            <field name="parent_id" ref="pgc_assoc_299"/>
            <field name="type">view</field>
            <field name="name">Deterioro de valor de bienes inmuebles del Patrimonio Histórico</field>
            <field name="user_type" ref="l10n_es.account_type_inmo"/>
            <field name="chart_template_id" ref="l10n_es.account_chart_template_assoc"/>
        </record>
        <record id="pgc_assoc_2990_child" model="account.account.template">
            <field name="code">2990</field>
            <field name="reconcile" eval="False"/>
            <field name="parent_id" ref="pgc_assoc_2990"/>
            <field name="type">other</field>
            <field name="name">Deterioro de valor de bienes del Patrimonio Histórico</field>
            <field name="user_type" ref="l10n_es.account_type_inmo"/>
            <field name="chart_template_id" ref="l10n_es.account_chart_template_assoc"/>
        </record>
        <record id="pgc_assoc_2991" model="account.account.template">
            <field name="code">2991</field>
            <field name="reconcile" eval="False"/>
            <field name="parent_id" ref="pgc_assoc_299"/>
            <field name="type">view</field>
            <field name="name">Deterioro de valor de archivos</field>
            <field name="user_type" ref="l10n_es.account_type_inmo"/>
            <field name="chart_template_id" ref="l10n_es.account_chart_template_assoc"/>
        </record>
        <record id="pgc_assoc_2991_child" model="account.account.template">
            <field name="code">2991</field>
            <field name="reconcile" eval="False"/>
            <field name="parent_id" ref="pgc_assoc_2991"/>
            <field name="type">other</field>
            <field name="name">Deterioro de valor de archivos</field>
            <field name="user_type" ref="l10n_es.account_type_inmo"/>
            <field name="chart_template_id" ref="l10n_es.account_chart_template_assoc"/>
        </record>
        <record id="pgc_assoc_2992" model="account.account.template">
            <field name="code">2992</field>
            <field name="reconcile" eval="False"/>
            <field name="parent_id" ref="pgc_assoc_299"/>
            <field name="type">view</field>
            <field name="name">Deterioro de valor de bibliotecas</field>
            <field name="user_type" ref="l10n_es.account_type_inmo"/>
            <field name="chart_template_id" ref="l10n_es.account_chart_template_assoc"/>
        </record>
        <record id="pgc_assoc_2992_child" model="account.account.template">
            <field name="code">2992</field>
            <field name="reconcile" eval="False"/>
            <field name="parent_id" ref="pgc_assoc_2992"/>
            <field name="type">other</field>
            <field name="name">Deterioro de valor de bibliotecas</field>
            <field name="user_type" ref="l10n_es.account_type_inmo"/>
            <field name="chart_template_id" ref="l10n_es.account_chart_template_assoc"/>
        </record>
        <record id="pgc_assoc_2993" model="account.account.template">
            <field name="code">2993</field>
            <field name="reconcile" eval="False"/>
            <field name="parent_id" ref="pgc_assoc_299"/>
            <field name="type">view</field>
            <field name="name">Deterioro de valor de Museos</field>
            <field name="user_type" ref="l10n_es.account_type_inmo"/>
            <field name="chart_template_id" ref="l10n_es.account_chart_template_assoc"/>
        </record>
        <record id="pgc_assoc_2993_child" model="account.account.template">
            <field name="code">2993</field>
            <field name="reconcile" eval="False"/>
            <field name="parent_id" ref="pgc_assoc_2993"/>
            <field name="type">other</field>
            <field name="name">Deterioro de valor de Museos</field>
            <field name="user_type" ref="l10n_es.account_type_inmo"/>
            <field name="chart_template_id" ref="l10n_es.account_chart_template_assoc"/>
        </record>
        <record id="pgc_assoc_2994" model="account.account.template">
            <field name="code">2994</field>
            <field name="reconcile" eval="False"/>
            <field name="parent_id" ref="pgc_assoc_299"/>
            <field name="type">view</field>
            <field name="name">Deterioro de valor de bienes muebles</field>
            <field name="user_type" ref="l10n_es.account_type_inmo"/>
            <field name="chart_template_id" ref="l10n_es.account_chart_template_assoc"/>
        </record>
        <record id="pgc_assoc_2994_child" model="account.account.template">
            <field name="code">2994</field>
            <field name="reconcile" eval="False"/>
            <field name="parent_id" ref="pgc_assoc_2994"/>
            <field name="type">other</field>
            <field name="name">Deterioro de valor de bienes muebles</field>
            <field name="user_type" ref="l10n_es.account_type_inmo"/>
            <field name="chart_template_id" ref="l10n_es.account_chart_template_assoc"/>
        </record>
        <record id="pgc_assoc_412" model="account.account.template">
            <field name="code">412</field>
            <field name="reconcile" eval="True"/>
            <field name="parent_id" ref="pgc_41"/>
            <field name="type">view</field>
            <field name="name">Beneficiarios, acreedores</field>
            <field name="user_type" ref="account.data_account_type_payable"/>
            <field name="chart_template_id" ref="l10n_es.account_chart_template_assoc"/>
        </record>
        <record id="pgc_assoc_412_child" model="account.account.template">
            <field name="code">412</field>
            <field name="reconcile" eval="True"/> 
            <field name="parent_id" ref="pgc_assoc_412"/>
            <field name="type">other</field>
            <field name="name">Beneficiarios, acreedores</field>
            <field name="user_type" ref="account.data_account_type_payable"/>
            <field name="chart_template_id" ref="l10n_es.account_chart_template_assoc"/>
        </record>
        <record id="pgc_assoc_447" model="account.account.template">
            <field name="code">447</field>
            <field name="reconcile" eval="True"/>
            <field name="parent_id" ref="pgc_44"/>
            <field name="type">view</field>
            <field name="name">Usuarios, deudores</field>
            <field name="user_type" ref="account.data_account_type_receivable"/>
            <field name="chart_template_id" ref="l10n_es.account_chart_template_assoc"/>
        </record>
        <record id="pgc_assoc_447_child" model="account.account.template">
            <field name="code">447</field>
            <field name="reconcile" eval="True"/>
            <field name="parent_id" ref="pgc_assoc_447"/>
            <field name="type">other</field>
            <field name="name">Usuarios, deudores</field>
            <field name="user_type" ref="account.data_account_type_receivable"/>
            <field name="chart_template_id" ref="l10n_es.account_chart_template_assoc"/>
        </record>
        <record id="pgc_assoc_448" model="account.account.template">
            <field name="code">448</field>
            <field name="reconcile" eval="False"/>
            <field name="parent_id" ref="pgc_44"/>
            <field name="type">view</field>
            <field name="name">Patrocinadores, afiliados y otros deudores</field>
            <field name="user_type" ref="l10n_es.account_type_terceros"/>
            <field name="chart_template_id" ref="l10n_es.account_chart_template_assoc"/>
        </record>
        <record id="pgc_assoc_4480" model="account.account.template">
            <field name="code">4480</field>
            <field name="reconcile" eval="True"/>
            <field name="parent_id" ref="pgc_assoc_448"/>
            <field name="type">view</field>
            <field name="name">Patrocinadores</field>
            <field name="user_type" ref="account.data_account_type_receivable"/>
            <field name="chart_template_id" ref="l10n_es.account_chart_template_assoc"/>
        </record>
        <record id="pgc_assoc_4480_child" model="account.account.template">
            <field name="code">4480</field>
            <field name="reconcile" eval="True"/>
            <field name="parent_id" ref="pgc_assoc_4480"/>
            <field name="type">other</field>
            <field name="name">Patrocinadores</field>
            <field name="user_type" ref="account.data_account_type_receivable"/>
            <field name="chart_template_id" ref="l10n_es.account_chart_template_assoc"/>
        </record>
        <record id="pgc_assoc_4482" model="account.account.template">
            <field name="code">4482</field>
            <field name="reconcile" eval="True"/>
            <field name="parent_id" ref="pgc_assoc_448"/>
            <field name="type">view</field>
            <field name="name">Afiliados</field>
            <field name="user_type" ref="account.data_account_type_receivable"/>
            <field name="chart_template_id" ref="l10n_es.account_chart_template_assoc"/>
        </record>
        <record id="pgc_assoc_4482_child" model="account.account.template">
            <field name="code">4482</field> 
            <field name="reconcile" eval="True"/>
            <field name="parent_id" ref="pgc_assoc_4482"/>
            <field name="type">other</field> 
            <field name="name">Afiliados</field>
            <field name="user_type" ref="account.data_account_type_receivable"/>
            <field name="chart_template_id" ref="l10n_es.account_chart_template_assoc"/>
        </record>
        <record id="pgc_assoc_4489" model="account.account.template">
            <field name="code">4489</field>
            <field name="reconcile" eval="True"/>
            <field name="parent_id" ref="pgc_assoc_448"/>
            <field name="type">view</field>
            <field name="name">Otros deudores</field>
            <field name="user_type" ref="account.data_account_type_receivable"/>
            <field name="chart_template_id" ref="l10n_es.account_chart_template_assoc"/>
        </record>
        <record id="pgc_assoc_4489_child" model="account.account.template">
            <field name="code">4489</field>
            <field name="reconcile" eval="True"/>
            <field name="parent_id" ref="pgc_assoc_4489"/>
            <field name="type">other</field>
            <field name="name">Otros deudores</field>
            <field name="user_type" ref="account.data_account_type_receivable"/>
            <field name="chart_template_id" ref="l10n_es.account_chart_template_assoc"/>
        </record>
        <record id="pgc_assoc_464" model="account.account.template">
            <field name="code">464</field>
            <field name="reconcile" eval="False"/>
            <field name="parent_id" ref="pgc_46"/>
            <field name="type">view</field>
            <field name="name">Entregas para gastos a justificar</field>
            <field name="user_type" ref="account.data_account_type_receivable"/>
            <field name="chart_template_id" ref="l10n_es.account_chart_template_assoc"/>
        </record>
        <record id="pgc_assoc_464_child" model="account.account.template">
            <field name="code">464</field>
            <field name="reconcile" eval="False"/>
            <field name="parent_id" ref="pgc_assoc_464"/>
            <field name="type">other</field>
            <field name="name">Entregas para gastos a justificar</field>
            <field name="user_type" ref="account.data_account_type_receivable"/>
            <field name="chart_template_id" ref="l10n_es.account_chart_template_assoc"/>
        </record>
        <record id="pgc_assoc_4707" model="account.account.template">
            <field name="code">4707</field>
            <field name="reconcile" eval="True"/>
            <field name="parent_id" ref="pgc_470"/>
            <field name="type">view</field>
            <field name="name">Hacienda Pública, deudora por colaboración en la entrega y distribución de subvenciones (art.12 Ley de Subvenciones)</field>
            <field name="user_type" ref="account.conf_account_type_tax"/>
            <field name="chart_template_id" ref="l10n_es.account_chart_template_assoc"/>
        </record>
        <record id="pgc_assoc_4707_child" model="account.account.template">
            <field name="code">4707</field>
            <field name="reconcile" eval="True"/>
            <field name="parent_id" ref="pgc_assoc_4707"/>
            <field name="type">receivable</field>
            <field name="name">Hacienda Pública, deudora por colaboración en la entrega y distribución de subvenciones (art.12 Ley de Subvenciones)</field>
            <field name="user_type" ref="account.conf_account_type_tax"/>
            <field name="chart_template_id" ref="l10n_es.account_chart_template_assoc"/>
        </record>
        <record id="pgc_assoc_4757" model="account.account.template">
            <field name="code">4757</field>
            <field name="reconcile" eval="True"/>
            <field name="parent_id" ref="pgc_475"/>
            <field name="type">view</field>
            <field name="name">Hacienda Pública, acreedora por subvenciones recibidas en concepto de entidad colaboradora (art.12 Ley de Subvenciones)</field>
            <field name="user_type" ref="account.conf_account_type_tax"/>
            <field name="chart_template_id" ref="l10n_es.account_chart_template_assoc"/>
        </record>
        <record id="pgc_assoc_4757_child" model="account.account.template">
            <field name="code">4757</field>
            <field name="reconcile" eval="True"/>
            <field name="parent_id" ref="pgc_assoc_4757"/>
            <field name="type">payable</field>
            <field name="name">Hacienda Pública, acreedora por subvenciones recibidas en concepto de entidad colaboradora (art.12 Ley de Subvencioens)</field>
            <field name="user_type" ref="account.conf_account_type_tax"/>
            <field name="chart_template_id" ref="l10n_es.account_chart_template_assoc"/>
        </record>
        <record id="pgc_assoc_490" model="account.account.template">
            <field name="code">490</field>
            <field name="reconcile" eval="False"/>
            <field name="parent_id" ref="pgc_49"/>
            <field name="type">view</field>
            <field name="name">Deterioro de valor de créditos por operaciones de la actividad</field>
            <field name="user_type" ref="l10n_es.account_type_terceros"/>
            <field name="chart_template_id" ref="l10n_es.account_chart_template_assoc"/>
        </record>
        <record id="pgc_assoc_490_child" model="account.account.template">
            <field name="code">490</field>
            <field name="reconcile" eval="False"/>
            <field name="parent_id" ref="pgc_assoc_490"/>
            <field name="type">other</field>
            <field name="name">Deterioro de valor de créditos por operaciones de la actividad</field>
            <field name="user_type" ref="l10n_es.account_type_terceros"/>
            <field name="chart_template_id" ref="l10n_es.account_chart_template_assoc"/>
        </record>
        <record id="pgc_assoc_551" model="account.account.template">
            <field name="code">551</field>
            <field name="reconcile" eval="False"/>
            <field name="parent_id" ref="pgc_55"/>
            <field name="type">view</field>
            <field name="name">Cuenta corriente con patronos y otros</field>
            <field name="user_type" ref="l10n_es.account_type_financieras"/>
            <field name="chart_template_id" ref="l10n_es.account_chart_template_assoc"/>
        </record>
        <record id="pgc_assoc_551_child" model="account.account.template">
            <field name="code">551</field>
            <field name="reconcile" eval="False"/>
            <field name="parent_id" ref="pgc_assoc_551"/>
            <field name="type">other</field>
            <field name="name">Cuenta corriente con patronos y otros</field>
            <field name="user_type" ref="l10n_es.account_type_financieras"/>
            <field name="chart_template_id" ref="l10n_es.account_chart_template_assoc"/>
        </record>
        <record id="pgc_assoc_5935" model="account.account.template">
            <field name="code">5935</field>
            <field name="reconcile" eval="False"/>
            <field name="parent_id" ref="pgc_593"/>
            <field name="type">view</field>
            <field name="name">Deterioro de valor de participaciones a corto plazo en otras partes vinculadas</field>
            <field name="user_type" ref="l10n_es.account_type_financieras"/>
            <field name="chart_template_id" ref="l10n_es.account_chart_template_assoc"/>
        </record>
        <record id="pgc_assoc_5935_child" model="account.account.template">
            <field name="code">5935</field>
            <field name="reconcile" eval="False"/>
            <field name="parent_id" ref="pgc_assoc_5935"/>
            <field name="type">other</field>
            <field name="name">Deterioro de valor de participaciones a corto plazo en otras partes vinculadas</field>
            <field name="user_type" ref="l10n_es.account_type_financieras"/>
            <field name="chart_template_id" ref="l10n_es.account_chart_template_assoc"/>
        </record>
        <record id="pgc_assoc_596" model="account.account.template">
            <field name="code">596</field>
            <field name="reconcile" eval="False"/>
            <field name="parent_id" ref="pgc_59"/>
            <field name="type">view</field>
            <field name="name">Deterioro de valor de participaciones a corto plazo</field>
            <field name="user_type" ref="l10n_es.account_type_financieras"/>
            <field name="chart_template_id" ref="l10n_es.account_chart_template_assoc"/>
        </record>
        <record id="pgc_assoc_596_child" model="account.account.template">
            <field name="code">596</field>
            <field name="reconcile" eval="False"/>
            <field name="parent_id" ref="pgc_assoc_596"/>
            <field name="type">other</field>
            <field name="name">Deterioro de valor de participaciones a corto plazo</field>
            <field name="user_type" ref="l10n_es.account_type_financieras"/>
            <field name="chart_template_id" ref="l10n_es.account_chart_template_assoc"/>
        </record>
        <record id="pgc_assoc_65" model="account.account.template">
            <field name="code">65</field>
            <field name="reconcile" eval="False"/>
            <field name="parent_id" ref="pgc_6"/>
            <field name="type">view</field>
            <field name="name">Ayudas monetarias de la entidad y otros gastos de gestión</field>
            <field name="user_type" ref="account.data_account_type_expense"/>
            <field name="chart_template_id" ref="l10n_es.account_chart_template_assoc"/>
        </record>
        <record id="pgc_assoc_650" model="account.account.template">
            <field name="code">650</field>
            <field name="reconcile" eval="False"/>
            <field name="parent_id" ref="pgc_assoc_65"/>
            <field name="type">view</field>
            <field name="name">Ayudas monetarias</field>
            <field name="user_type" ref="account.data_account_type_expense"/>
            <field name="chart_template_id" ref="l10n_es.account_chart_template_assoc"/>
        </record>
        <record id="pgc_assoc_6501" model="account.account.template">
            <field name="code">6501</field>
            <field name="reconcile" eval="False"/>
            <field name="parent_id" ref="pgc_assoc_650"/>
            <field name="type">view</field>
            <field name="name">Ayudas monetarias individuales</field>
            <field name="user_type" ref="account.data_account_type_expense"/>
            <field name="chart_template_id" ref="l10n_es.account_chart_template_assoc"/>
        </record>
        <record id="pgc_assoc_6501_child" model="account.account.template">
            <field name="code">6501</field>
            <field name="reconcile" eval="False"/>
            <field name="parent_id" ref="pgc_assoc_6501"/>
            <field name="type">other</field>
            <field name="name">Ayudas monetarias individuales</field>
            <field name="user_type" ref="account.data_account_type_expense"/>
            <field name="chart_template_id" ref="l10n_es.account_chart_template_assoc"/>
        </record>
        <record id="pgc_assoc_6502" model="account.account.template">
            <field name="code">6502</field>
            <field name="reconcile" eval="False"/>
            <field name="parent_id" ref="pgc_assoc_650"/>
            <field name="type">view</field>
            <field name="name">Ayudas monetarias a entidades</field>
            <field name="user_type" ref="account.data_account_type_expense"/>
            <field name="chart_template_id" ref="l10n_es.account_chart_template_assoc"/>
        </record>
        <record id="pgc_assoc_6502_child" model="account.account.template">
            <field name="code">6502</field>
            <field name="reconcile" eval="False"/>
            <field name="parent_id" ref="pgc_assoc_6502"/>
            <field name="type">other</field>
            <field name="name">Ayudas monetarias a entidades</field>
            <field name="user_type" ref="account.data_account_type_expense"/>
            <field name="chart_template_id" ref="l10n_es.account_chart_template_assoc"/>
        </record>
        <record id="pgc_assoc_6503" model="account.account.template">
            <field name="code">6503</field>
            <field name="reconcile" eval="False"/>
            <field name="parent_id" ref="pgc_assoc_650"/>
            <field name="type">view</field>
            <field name="name">Ayudas monetarias realizadas a través de otras entidades o centros</field>
            <field name="user_type" ref="account.data_account_type_expense"/>
            <field name="chart_template_id" ref="l10n_es.account_chart_template_assoc"/>
        </record>
        <record id="pgc_assoc_6503_child" model="account.account.template">
            <field name="code">6503</field>
            <field name="reconcile" eval="False"/>
            <field name="parent_id" ref="pgc_assoc_6503"/>
            <field name="type">other</field>
            <field name="name">Ayudas monetarias realizadas a través de otras entidades o centros</field>
            <field name="user_type" ref="account.data_account_type_expense"/>
            <field name="chart_template_id" ref="l10n_es.account_chart_template_assoc"/>
        </record>
        <record id="pgc_assoc_6504" model="account.account.template">
            <field name="code">6504</field>
            <field name="reconcile" eval="False"/>
            <field name="parent_id" ref="pgc_assoc_650"/>
            <field name="type">view</field>
            <field name="name">Ayudas monetarias de cooperación internacional</field>
            <field name="user_type" ref="account.data_account_type_expense"/>
            <field name="chart_template_id" ref="l10n_es.account_chart_template_assoc"/>
        </record>
        <record id="pgc_assoc_6504_child" model="account.account.template">
            <field name="code">6504</field>
            <field name="reconcile" eval="False"/>
            <field name="parent_id" ref="pgc_assoc_6504"/>
            <field name="type">other</field>
            <field name="name">Ayudas monetarias de cooperación internacional</field>
            <field name="user_type" ref="account.data_account_type_expense"/>
            <field name="chart_template_id" ref="l10n_es.account_chart_template_assoc"/>
        </record>
        <record id="pgc_assoc_651" model="account.account.template">
            <field name="code">651</field>
            <field name="reconcile" eval="False"/>
            <field name="parent_id" ref="pgc_assoc_65"/>
            <field name="type">view</field>
            <field name="name">Ayudas no monetarias</field>
            <field name="user_type" ref="account.data_account_type_expense"/>
            <field name="chart_template_id" ref="l10n_es.account_chart_template_assoc"/>
        </record>
        <record id="pgc_assoc_6510" model="account.account.template">
            <field name="code">6510</field>
            <field name="reconcile" eval="False"/>
            <field name="parent_id" ref="pgc_assoc_651"/>
            <field name="type">view</field>
            <field name="name">Beneficio transferido (gestor)</field>
            <field name="user_type" ref="account.data_account_type_expense"/>
            <field name="chart_template_id" ref="l10n_es.account_chart_template_assoc"/>
        </record>
        <record id="pgc_assoc_6510_child" model="account.account.template">
            <field name="code">6510</field>
            <field name="reconcile" eval="False"/>
            <field name="parent_id" ref="pgc_assoc_6510"/>
            <field name="type">other</field>
            <field name="name">Beneficio transferido (gestor)</field>
            <field name="user_type" ref="account.data_account_type_expense"/>
            <field name="chart_template_id" ref="l10n_es.account_chart_template_assoc"/>
        </record>
        <record id="pgc_assoc_6511" model="account.account.template">
            <field name="code">6511</field>
            <field name="reconcile" eval="False"/>
            <field name="parent_id" ref="pgc_assoc_651"/>
            <field name="type">view</field>
            <field name="name">Ayudas no monetarias individuales</field>
            <field name="user_type" ref="account.data_account_type_expense"/>
            <field name="chart_template_id" ref="l10n_es.account_chart_template_assoc"/>
        </record>
        <record id="pgc_assoc_6511_child" model="account.account.template">
            <field name="code">6511</field>
            <field name="reconcile" eval="False"/>
            <field name="parent_id" ref="pgc_assoc_6511"/>
            <field name="type">other</field>
            <field name="name">Ayudas no monetarias individuales</field>
            <field name="user_type" ref="account.data_account_type_expense"/>
            <field name="chart_template_id" ref="l10n_es.account_chart_template_assoc"/>
        </record>
        <record id="pgc_assoc_6512" model="account.account.template">
            <field name="code">6512</field>
            <field name="reconcile" eval="False"/>
            <field name="parent_id" ref="pgc_assoc_651"/>
            <field name="type">view</field>
            <field name="name">Ayudas no monetarias a entidades</field>
            <field name="user_type" ref="account.data_account_type_expense"/>
            <field name="chart_template_id" ref="l10n_es.account_chart_template_assoc"/>
        </record>
        <record id="pgc_assoc_6512_child" model="account.account.template">
            <field name="code">6512</field>
            <field name="reconcile" eval="False"/>
            <field name="parent_id" ref="pgc_assoc_6512"/>
            <field name="type">other</field>
            <field name="name">Ayudas no monetarias a entidades</field>
            <field name="user_type" ref="account.data_account_type_expense"/>
            <field name="chart_template_id" ref="l10n_es.account_chart_template_assoc"/>
        </record>
        <record id="pgc_assoc_6513" model="account.account.template">
            <field name="code">6513</field>
            <field name="reconcile" eval="False"/>
            <field name="parent_id" ref="pgc_assoc_651"/>
            <field name="type">view</field>
            <field name="name">Ayudas no monetarias realizadas a través de otras entidades o centros</field>
            <field name="user_type" ref="account.data_account_type_expense"/>
            <field name="chart_template_id" ref="l10n_es.account_chart_template_assoc"/>
        </record>
        <record id="pgc_assoc_6513_child" model="account.account.template">
            <field name="code">6513</field>
            <field name="reconcile" eval="False"/>
            <field name="parent_id" ref="pgc_assoc_6513"/>
            <field name="type">other</field>
            <field name="name">Ayudas no monetarias realizadas a través de otras entidades o centros</field>
            <field name="user_type" ref="account.data_account_type_expense"/>
            <field name="chart_template_id" ref="l10n_es.account_chart_template_assoc"/>
        </record>
        <record id="pgc_assoc_6514" model="account.account.template">
            <field name="code">6514</field>
            <field name="reconcile" eval="False"/>
            <field name="parent_id" ref="pgc_assoc_651"/>
            <field name="type">view</field>
            <field name="name">Ayudas no monetarias de cooperación internacional</field>
            <field name="user_type" ref="account.data_account_type_expense"/>
            <field name="chart_template_id" ref="l10n_es.account_chart_template_assoc"/>
        </record>
        <record id="pgc_assoc_6514_child" model="account.account.template">
            <field name="code">6514</field>
            <field name="reconcile" eval="False"/>
            <field name="parent_id" ref="pgc_assoc_6514"/>
            <field name="type">other</field>
            <field name="name">Ayudas no monetarias de cooperación internacional</field>
            <field name="user_type" ref="account.data_account_type_expense"/>
            <field name="chart_template_id" ref="l10n_es.account_chart_template_assoc"/>
        </record>
        <record id="pgc_assoc_653" model="account.account.template">
            <field name="code">653</field>
            <field name="reconcile" eval="False"/>
            <field name="parent_id" ref="pgc_assoc_65"/>
            <field name="type">view</field>
            <field name="name">Compensación de gastos por prestaciones de colaboración</field>
            <field name="user_type" ref="account.data_account_type_expense"/>
            <field name="chart_template_id" ref="l10n_es.account_chart_template_assoc"/>
        </record>
        <record id="pgc_assoc_653_child" model="account.account.template">
            <field name="code">653</field>
            <field name="reconcile" eval="False"/>
            <field name="parent_id" ref="pgc_assoc_653"/>
            <field name="type">other</field>
            <field name="name">Compensación de gastos por prestaciones de colaboración</field>
            <field name="user_type" ref="account.data_account_type_expense"/>
            <field name="chart_template_id" ref="l10n_es.account_chart_template_assoc"/>
        </record>
        <record id="pgc_assoc_654" model="account.account.template">
            <field name="code">654</field>
            <field name="reconcile" eval="False"/>
            <field name="parent_id" ref="pgc_assoc_65"/>
            <field name="type">view</field>
            <field name="name">Reembolsos de gastos al órgano de gobierno</field>
            <field name="user_type" ref="account.data_account_type_expense"/>
            <field name="chart_template_id" ref="l10n_es.account_chart_template_assoc"/>
        </record>
        <record id="pgc_assoc_654_child" model="account.account.template">
            <field name="code">654</field>
            <field name="reconcile" eval="False"/>
            <field name="parent_id" ref="pgc_assoc_654"/>
            <field name="type">other</field>
            <field name="name">Reembolsos de gastos al órgano de gobierno</field>
            <field name="user_type" ref="account.data_account_type_expense"/>
            <field name="chart_template_id" ref="l10n_es.account_chart_template_assoc"/>
        </record>
        <record id="pgc_assoc_655" model="account.account.template">
            <field name="code">655</field>
            <field name="reconcile" eval="False"/>
            <field name="parent_id" ref="pgc_assoc_65"/>
            <field name="type">view</field>
            <field name="name">Pérdidas de créditos derivados de la actividad incobrables</field>
            <field name="user_type" ref="account.data_account_type_expense"/>
            <field name="chart_template_id" ref="l10n_es.account_chart_template_assoc"/>
        </record>
        <record id="pgc_assoc_655_child" model="account.account.template">
            <field name="code">655</field>
            <field name="reconcile" eval="False"/>
            <field name="parent_id" ref="pgc_assoc_655"/>
            <field name="type">other</field>
            <field name="name">Pérdidas de créditos derivados de la actividad incobrables</field>
            <field name="user_type" ref="account.data_account_type_expense"/>
            <field name="chart_template_id" ref="l10n_es.account_chart_template_assoc"/>
        </record>
        <record id="pgc_assoc_656" model="account.account.template">
            <field name="code">656</field>
            <field name="reconcile" eval="False"/>
            <field name="parent_id" ref="pgc_assoc_65"/>
            <field name="type">view</field>
            <field name="name">Resultados de operaciones en común</field>
            <field name="user_type" ref="account.data_account_type_expense"/>
            <field name="chart_template_id" ref="l10n_es.account_chart_template_assoc"/>
        </record>
        <record id="pgc_assoc_6560" model="account.account.template">
            <field name="code">6560</field>
            <field name="reconcile" eval="False"/>
            <field name="parent_id" ref="pgc_assoc_656"/>
            <field name="type">view</field>
            <field name="name">Beneficio transferido (gestor)</field>
            <field name="user_type" ref="account.data_account_type_expense"/>
            <field name="chart_template_id" ref="l10n_es.account_chart_template_assoc"/>
        </record>
        <record id="pgc_assoc_6560_child" model="account.account.template">
            <field name="code">6560</field>
            <field name="reconcile" eval="False"/>
            <field name="parent_id" ref="pgc_assoc_6560"/>
            <field name="type">other</field>
            <field name="name">Beneficio transferido (gestor)</field>
            <field name="user_type" ref="account.data_account_type_expense"/>
            <field name="chart_template_id" ref="l10n_es.account_chart_template_assoc"/>
        </record>
        <record id="pgc_assoc_6561" model="account.account.template">
            <field name="code">6561</field>
            <field name="reconcile" eval="False"/>    
            <field name="parent_id" ref="pgc_assoc_656"/>
            <field name="type">view</field>
            <field name="name">Pérdida soportada (partícipe o asociado no gestor)</field>
            <field name="user_type" ref="account.data_account_type_expense"/>
            <field name="chart_template_id" ref="l10n_es.account_chart_template_assoc"/>
        </record>
        <record id="pgc_assoc_6561_child" model="account.account.template">
            <field name="code">6561</field>
            <field name="reconcile" eval="False"/>    
            <field name="parent_id" ref="pgc_assoc_6561"/>
            <field name="type">other</field>
            <field name="name">Pérdida soportada(partícipe o asociado no gestor)</field>
            <field name="user_type" ref="account.data_account_type_expense"/>
            <field name="chart_template_id" ref="l10n_es.account_chart_template_assoc"/>
        </record>
        <record id="pgc_assoc_658" model="account.account.template">
            <field name="code">658</field>
            <field name="reconcile" eval="False"/>
            <field name="parent_id" ref="pgc_assoc_65"/>
            <field name="type">view</field>
            <field name="name">Reintegro de subvenciones, donaciones y legados recibidos, afectados a la actividad propia de la entidad</field>
            <field name="user_type" ref="account.data_account_type_expense"/>
            <field name="chart_template_id" ref="l10n_es.account_chart_template_assoc"/>
        </record>
        <record id="pgc_assoc_658_child" model="account.account.template">
            <field name="code">658</field>
            <field name="reconcile" eval="False"/>
            <field name="parent_id" ref="pgc_assoc_658"/>
            <field name="type">other</field>
            <field name="name">Reintegro de subvenciones, donaciones y legados recibidos, afectos a la actividad propia de la entidad </field>
            <field name="user_type" ref="account.data_account_type_expense"/>
            <field name="chart_template_id" ref="l10n_es.account_chart_template_assoc"/>
        </record>
        <record id="pgc_assoc_663_child" model="account.account.template">
            <field name="code">663</field>
            <field name="reconcile" eval="False"/>
            <field name="parent_id" ref="pgc_663"/>
            <field name="type">other</field>
            <field name="name">Pérdidas por valoración de instrumentos financieros por su valor razonable</field>
            <field name="user_type" ref="account.data_account_type_expense"/>
            <field name="chart_template_id" ref="l10n_es.account_chart_template_assoc"/>
        </record>
        <record id="pgc_assoc_671" model="account.account.template">
            <field name="code">671</field>
            <field name="reconcile" eval="False"/>
            <field name="parent_id" ref="pgc_67"/>
            <field name="type">view</field>
            <field name="name">Pérdidas procedentes del inmovilizado material y bienes del Patrimonio Histórico</field>
            <field name="user_type" ref="account.data_account_type_expense"/>
            <field name="chart_template_id" ref="l10n_es.account_chart_template_assoc"/>
        </record>
        <record id="pgc_assoc_6710" model="account.account.template">
            <field name="code">6710</field>
            <field name="reconcile" eval="False"/>
            <field name="parent_id" ref="pgc_assoc_671"/>
            <field name="type">view</field>
            <field name="name">Pérdidas procedentes del inmovilizado material</field>
            <field name="user_type" ref="account.data_account_type_expense"/>
            <field name="chart_template_id" ref="l10n_es.account_chart_template_assoc"/>
        </record>
        <record id="pgc_assoc_6710_child" model="account.account.template">
            <field name="code">6710</field>
            <field name="reconcile" eval="False"/>
            <field name="parent_id" ref="pgc_assoc_671"/>
            <field name="type">other</field>
            <field name="name">Pérdidas procedentes del inmovilizado material</field>
            <field name="user_type" ref="account.data_account_type_expense"/>
            <field name="chart_template_id" ref="l10n_es.account_chart_template_assoc"/>
        </record>
        <record id="pgc_assoc_6711" model="account.account.template">
            <field name="code">6711</field>
            <field name="reconcile" eval="False"/>
            <field name="parent_id" ref="pgc_assoc_671"/>
            <field name="type">view</field>
            <field name="name">Pérdidas procedentes de bienes del Patrimonio Histórico</field>
            <field name="user_type" ref="account.data_account_type_expense"/>
            <field name="chart_template_id" ref="l10n_es.account_chart_template_assoc"/>
        </record>
        <record id="pgc_assoc_6711_child" model="account.account.template">
            <field name="code">6711</field>
            <field name="reconcile" eval="False"/>
            <field name="parent_id" ref="pgc_assoc_6711"/>
            <field name="type">other</field>
            <field name="name">Pérdidas procedentes de bienes del Patrimonio Histórico</field>
            <field name="user_type" ref="account.data_account_type_expense"/>
            <field name="chart_template_id" ref="l10n_es.account_chart_template_assoc"/>
        </record>
        <record id="pgc_assoc_691" model="account.account.template">
            <field name="code">691</field>
            <field name="reconcile" eval="False"/>
            <field name="parent_id" ref="pgc_69"/>
            <field name="type">view</field>
            <field name="name">Pérdidas por deterioro del inmovilizado material y bienes del Patrimonio Histórico</field>
            <field name="user_type" ref="account.data_account_type_expense"/>
            <field name="chart_template_id" ref="l10n_es.account_chart_template_assoc"/>
        </record>
        <record id="pgc_assoc_6910" model="account.account.template">
            <field name="code">6910</field>
            <field name="reconcile" eval="False"/>
            <field name="parent_id" ref="pgc_assoc_691"/>
            <field name="type">view</field>
            <field name="name">Pérdidas por deterioro del inmovilizado material</field>
            <field name="user_type" ref="account.data_account_type_expense"/>
            <field name="chart_template_id" ref="l10n_es.account_chart_template_assoc"/>
        </record>
        <record id="pgc_assoc_6910_child" model="account.account.template">
            <field name="code">6910</field>
            <field name="reconcile" eval="False"/>
            <field name="parent_id" ref="pgc_assoc_691"/>
            <field name="type">other</field>
            <field name="name">Pérdidas por deterioro del inmovilizado material</field>
            <field name="user_type" ref="account.data_account_type_expense"/>
            <field name="chart_template_id" ref="l10n_es.account_chart_template_assoc"/>
        </record>
        <record id="pgc_assoc_6911" model="account.account.template">
            <field name="code">6911</field>
            <field name="reconcile" eval="False"/>
            <field name="parent_id" ref="pgc_assoc_691"/>
            <field name="type">view</field>
            <field name="name">Pérdidas por deterioro de bienes del Patrimonio Histórico</field>
            <field name="user_type" ref="account.data_account_type_expense"/>
            <field name="chart_template_id" ref="l10n_es.account_chart_template_assoc"/>
        </record>
        <record id="pgc_assoc_6911_child" model="account.account.template">
            <field name="code">6911</field>
            <field name="reconcile" eval="False"/>
            <field name="parent_id" ref="pgc_assoc_6911"/>
            <field name="type">other</field>
            <field name="name">Pérdidas por deterioro de bienes del Patrimonio Histórico</field>
            <field name="user_type" ref="account.data_account_type_expense"/>
            <field name="chart_template_id" ref="l10n_es.account_chart_template_assoc"/>
        </record>
        <record id="pgc_assoc_694" model="account.account.template">
            <field name="code">694</field>
            <field name="reconcile" eval="False"/>
            <field name="parent_id" ref="pgc_69"/>
            <field name="type">view</field>
            <field name="name">Pérdidas por deterioro de créditos por operaciones de la actividad</field>
            <field name="user_type" ref="account.data_account_type_expense"/>
            <field name="chart_template_id" ref="l10n_es.account_chart_template_assoc"/>
        </record>
        <record id="pgc_assoc_694_child" model="account.account.template">
            <field name="code">694</field>
            <field name="reconcile" eval="False"/>
            <field name="parent_id" ref="pgc_assoc_694"/>
            <field name="type">other</field>
            <field name="name">Pérdidas por deterioro de créditos por operaciones de la actividad</field>
            <field name="user_type" ref="account.data_account_type_expense"/>
            <field name="chart_template_id" ref="l10n_es.account_chart_template_assoc"/>
        </record>
        <record id="pgc_assoc_72" model="account.account.template">
            <field name="code">72</field>
            <field name="reconcile" eval="False"/>
            <field name="parent_id" ref="pgc_7"/>
            <field name="type">view</field>
            <field name="name">Ingresos propios de la entidad</field>
            <field name="user_type" ref="account.data_account_type_income"/>
            <field name="chart_template_id" ref="l10n_es.account_chart_template_assoc"/>
        </record>
        <record id="pgc_assoc_720" model="account.account.template">
            <field name="code">720</field>
            <field name="reconcile" eval="False"/>
            <field name="parent_id" ref="pgc_assoc_72"/>
            <field name="type">view</field>
            <field name="name">Cuotas de asociados y afiliados</field>
            <field name="user_type" ref="account.data_account_type_income"/>
            <field name="chart_template_id" ref="l10n_es.account_chart_template_assoc"/>
        </record>
        <record id="pgc_assoc_720_child" model="account.account.template">
            <field name="code">720</field>
            <field name="reconcile" eval="False"/>
            <field name="parent_id" ref="pgc_assoc_720"/>
            <field name="type">other</field>
            <field name="name">Cuotas de asociados y afiliados</field>
            <field name="user_type" ref="account.data_account_type_income"/>
            <field name="chart_template_id" ref="l10n_es.account_chart_template_assoc"/>
        </record>
        <record id="pgc_assoc_721" model="account.account.template">
            <field name="code">721</field>
            <field name="reconcile" eval="False"/>
            <field name="parent_id" ref="pgc_assoc_72"/>
            <field name="type">view</field>
            <field name="name">Cuotas de usuarios</field>
            <field name="user_type" ref="account.data_account_type_income"/> 
            <field name="chart_template_id" ref="l10n_es.account_chart_template_assoc"/>
        </record>
        <record id="pgc_assoc_721_child" model="account.account.template">
            <field name="code">721</field>
            <field name="reconcile" eval="False"/>
            <field name="parent_id" ref="pgc_assoc_721"/>
            <field name="type">other</field>
            <field name="name">Cuotas de usuarios</field>
            <field name="user_type" ref="account.data_account_type_income"/>
            <field name="chart_template_id" ref="l10n_es.account_chart_template_assoc"/>
        </record>
        <record id="pgc_assoc_722" model="account.account.template">
            <field name="code">722</field>
            <field name="reconcile" eval="False"/>
            <field name="parent_id" ref="pgc_assoc_72"/>
            <field name="type">view</field>
            <field name="name">Promociones de captación de recursos</field>
            <field name="user_type" ref="account.data_account_type_income"/>
            <field name="chart_template_id" ref="l10n_es.account_chart_template_assoc"/>
        </record>
        <record id="pgc_assoc_722_child" model="account.account.template">
            <field name="code">722</field>
            <field name="reconcile" eval="False"/>
            <field name="parent_id" ref="pgc_assoc_722"/>
            <field name="type">other</field>
            <field name="name">Promociones de captación de recursos</field>
            <field name="user_type" ref="account.data_account_type_income"/>
            <field name="chart_template_id" ref="l10n_es.account_chart_template_assoc"/>
        </record>
        <record id="pgc_assoc_723" model="account.account.template">
            <field name="code">723</field>
            <field name="reconcile" eval="False"/>
            <field name="parent_id" ref="pgc_assoc_72"/>
            <field name="type">view</field>
            <field name="name">Ingresos de patrocinadores y colaboraciones</field>
            <field name="user_type" ref="account.data_account_type_income"/>
            <field name="chart_template_id" ref="l10n_es.account_chart_template_assoc"/>
        </record>
        <record id="pgc_assoc_7230" model="account.account.template">
            <field name="code">7230</field>
            <field name="reconcile" eval="False"/>
            <field name="parent_id" ref="pgc_assoc_723"/>
            <field name="type">view</field>
            <field name="name">Patrocinio</field>
            <field name="user_type" ref="account.data_account_type_income"/>
            <field name="chart_template_id" ref="l10n_es.account_chart_template_assoc"/>
        </record>
        <record id="pgc_assoc_7230_child" model="account.account.template">
            <field name="code">7230</field>
            <field name="reconcile" eval="False"/>    
            <field name="parent_id" ref="pgc_assoc_7230"/>
            <field name="type">other</field>
            <field name="name">Patrocinio</field>
            <field name="user_type" ref="account.data_account_type_income"/>
            <field name="chart_template_id" ref="l10n_es.account_chart_template_assoc"/>
        </record>
        <record id="pgc_assoc_7231" model="account.account.template">
            <field name="code">7231</field>
            <field name="reconcile" eval="False"/>
            <field name="parent_id" ref="pgc_assoc_723"/>
            <field name="type">view</field>
            <field name="name">Patrocinio publicitario</field>
            <field name="user_type" ref="account.data_account_type_income"/> 
            <field name="chart_template_id" ref="l10n_es.account_chart_template_assoc"/>
        </record>
        <record id="pgc_assoc_7231_child" model="account.account.template">
            <field name="code">7231</field>
            <field name="reconcile" eval="False"/>     
            <field name="parent_id" ref="pgc_assoc_7231"/>
            <field name="type">other</field>
            <field name="name">Patrocinio publicitario</field>
            <field name="user_type" ref="account.data_account_type_income"/>
            <field name="chart_template_id" ref="l10n_es.account_chart_template_assoc"/>
        </record>
        <record id="pgc_assoc_7233" model="account.account.template">
            <field name="code">7233</field>
            <field name="reconcile" eval="False"/>    
            <field name="parent_id" ref="pgc_assoc_723"/>
            <field name="type">view</field>
            <field name="name">Colaboraciones empresariales</field>
            <field name="user_type" ref="account.data_account_type_income"/>  
            <field name="chart_template_id" ref="l10n_es.account_chart_template_assoc"/>
        </record>
        <record id="pgc_assoc_7233_child" model="account.account.template">
            <field name="code">7233</field>
            <field name="reconcile" eval="False"/>     
            <field name="parent_id" ref="pgc_assoc_7233"/>
            <field name="type">other</field>
            <field name="name">Colaboraciones empresariales</field>
            <field name="user_type" ref="account.data_account_type_income"/>  
            <field name="chart_template_id" ref="l10n_es.account_chart_template_assoc"/>
        </record>
        <record id="pgc_assoc_728" model="account.account.template">
            <field name="code">728</field>
            <field name="reconcile" eval="False"/>
            <field name="parent_id" ref="pgc_assoc_72"/>
            <field name="type">view</field>
            <field name="name">Ingresos por reintegro de ayudas y asignaciones</field>
            <field name="user_type" ref="account.data_account_type_income"/>
            <field name="chart_template_id" ref="l10n_es.account_chart_template_assoc"/>
        </record>
        <record id="pgc_assoc_728_child" model="account.account.template">
            <field name="code">728</field>
            <field name="reconcile" eval="False"/>
            <field name="parent_id" ref="pgc_assoc_728"/>
            <field name="type">other</field>
            <field name="name">Ingresos por reintegro de ayudas y asignaciones</field>
            <field name="user_type" ref="account.data_account_type_income"/>
            <field name="chart_template_id" ref="l10n_es.account_chart_template_assoc"/>
        </record>
        <record id="pgc_assoc_763_child" model="account.account.template">
            <field name="code">763</field>
            <field name="reconcile" eval="False"/>
            <field name="parent_id" ref="pgc_763"/>
            <field name="type">other</field>
            <field name="name">Beneficios por valoración de instrumentos financieros por su valor razonable</field>
            <field name="user_type" ref="account.data_account_type_income"/>
            <field name="chart_template_id" ref="l10n_es.account_chart_template_assoc"/>
        </record>
        <record id="pgc_assoc_791" model="account.account.template">
            <field name="code">791</field>
            <field name="reconcile" eval="False"/>
            <field name="parent_id" ref="pgc_79"/>
            <field name="type">view</field>
            <field name="name">Reversión del deterioro del inmovilizado material y de bienes del Patrimonio Histórico</field>
            <field name="user_type" ref="account.data_account_type_income"/>
            <field name="chart_template_id" ref="l10n_es.account_chart_template_assoc"/>
        </record>
        <record id="pgc_assoc_791_child" model="account.account.template">
            <field name="code">791</field>
            <field name="reconcile" eval="False"/>
            <field name="parent_id" ref="pgc_assoc_791"/>
            <field name="type">other</field>
            <field name="name">Reversión del deterioro del inmovilizado material y de bienes del Patrimonio Histórico</field>
            <field name="user_type" ref="account.data_account_type_income"/>
            <field name="chart_template_id" ref="l10n_es.account_chart_template_assoc"/>
        </record>
        <record id="pgc_assoc_794" model="account.account.template">
            <field name="code">794</field>
            <field name="reconcile" eval="False"/>
            <field name="parent_id" ref="pgc_79"/>
            <field name="type">view</field>
            <field name="name">Reversión del deterioro de créditos por operaciones de la actividad</field>
            <field name="user_type" ref="account.data_account_type_income"/>
            <field name="chart_template_id" ref="l10n_es.account_chart_template_assoc"/>
        </record>
        <record id="pgc_assoc_794_child" model="account.account.template">
            <field name="code">794</field>
            <field name="reconcile" eval="False"/>
            <field name="parent_id" ref="pgc_assoc_794"/>
            <field name="type">other</field>
            <field name="name">Reversión del deterioro de créditos por operaciones de la actividad</field>
            <field name="user_type" ref="account.data_account_type_income"/>
            <field name="chart_template_id" ref="l10n_es.account_chart_template_assoc"/>
        </record>
        <record id="pgc_assoc_7962" model="account.account.template">
            <field name="code">7962</field>
            <field name="reconcile" eval="False"/>
            <field name="parent_id" ref="pgc_796"/>
            <field name="type">view</field>
            <field name="name">Reversión del deterioro de participaciones en instrumentos de patrimonio neto a largo plazo, otras partes vinculadas</field>
            <field name="user_type" ref="account.data_account_type_income"/>
            <field name="chart_template_id" ref="l10n_es.account_chart_template_assoc"/>
        </record>
        <record id="pgc_assoc_7962_child" model="account.account.template">
            <field name="code">7962</field>
            <field name="reconcile" eval="False"/>
            <field name="parent_id" ref="pgc_assoc_7962"/>
            <field name="type">other</field>
            <field name="name">Reversión del deterioro de participaciones en instrumentos de patrimonio neto a largo plazo, otras partes vinculadas</field>
            <field name="user_type" ref="account.data_account_type_income"/>
            <field name="chart_template_id" ref="l10n_es.account_chart_template_assoc"/>
        </record>
        <record id="pgc_assoc_7963" model="account.account.template">
            <field name="code">7963</field>
            <field name="reconcile" eval="False"/>
            <field name="parent_id" ref="pgc_796"/>
            <field name="type">view</field>
            <field name="name">Reversión del deterioro de participaciones en instrumentos de patrimonio neto a largo plazo, otras empresas</field>
            <field name="user_type" ref="account.data_account_type_income"/>
            <field name="chart_template_id" ref="l10n_es.account_chart_template_assoc"/>
        </record>
        <record id="pgc_assoc_7963_child" model="account.account.template">
            <field name="code">7963</field>
            <field name="reconcile" eval="False"/>
            <field name="parent_id" ref="pgc_assoc_7963"/>
            <field name="type">other</field>
            <field name="name">Reversión del deterioro de participaciones en instrumentos de patrimonio neto a largo plazo, otras empresas</field>
            <field name="user_type" ref="account.data_account_type_income"/>
            <field name="chart_template_id" ref="l10n_es.account_chart_template_assoc"/>
        </record>

    </data>
</openerp>
