<?xml version="1.0" encoding="utf-8"?>
<odoo>
   <data>
      <record id="mis_report_es_eiyg_normal" model="mis.report">
         <field name="name">Estado de ingresos y gastos reconocidos (PGCE 2008)</field>
         <field name="style_id" ref="l10n_es_mis_report.mis_report_style_l10n_es_base"/>
      </record>
      <record id="mis_report_kpi_es_eiyg_normal_59100" model="mis.report.kpi">
         <field name="report_id" ref="mis_report_es_eiyg_normal"/>
         <field name="type">num</field>
         <field name="compare_method">pct</field>
         <field name="sequence">10</field>
         <field name="name">es59100</field>
         <field name="description">A) RESULTADO DE LA CUENTA DE PÉRDIDAS Y GANANCIAS</field>
         <field name="style_id" ref="l10n_es_mis_report.mis_report_style_l10n_es_l1"/>
      </record>
      <record id="mis_report_kpi_es_eiyg_normal_59200" model="mis.report.kpi">
         <field name="report_id" ref="mis_report_es_eiyg_normal"/>
         <field name="type">num</field>
         <field name="compare_method">pct</field>
         <field name="sequence">20</field>
         <field name="name">es59200</field>
         <field name="description">B) Total ingresos y gastos imputados directamente en el patrimonio neto (I + II + III + IV + V + VI + VII)</field>
         <field name="expression">+es50010+es50020+es50030+es50040+es50050+es50060+es50070 +es50010 +es50020 +es50030 +es50040 +es50050 +es50060 +es50070</field>
         <field name="auto_expand_accounts">True</field>
         <field name="auto_expand_accounts_style_id" ref="l10n_es_mis_report.mis_report_style_l10n_es_l1i"/>
         <field name="style_id" ref="l10n_es_mis_report.mis_report_style_l10n_es_l1"/>
      </record>
      <record id="mis_report_kpi_es_eiyg_normal_50010" model="mis.report.kpi">
         <field name="report_id" ref="mis_report_es_eiyg_normal"/>
         <field name="type">num</field>
         <field name="compare_method">pct</field>
         <field name="sequence">30</field>
         <field name="name">es50010</field>
         <field name="description">I. Por valoración de instrumentos financieros</field>
         <field name="style_id" ref="l10n_es_mis_report.mis_report_style_l10n_es_l4"/>
         <field name="expression"> +es50011 +es50012</field>
      </record>
      <record id="mis_report_kpi_es_eiyg_normal_50011" model="mis.report.kpi">
         <field name="report_id" ref="mis_report_es_eiyg_normal"/>
         <field name="type">num</field>
         <field name="compare_method">pct</field>
         <field name="sequence">40</field>
         <field name="name">es50011</field>
         <field name="description">1. Activos financieros disponibles para la venta</field>
         <field name="expression">-bale[800%,89%,900%,991%,992%]</field>
         <field name="auto_expand_accounts">True</field>
         <field name="auto_expand_accounts_style_id" ref="l10n_es_mis_report.mis_report_style_l10n_es_l5i"/>
         <field name="style_id" ref="l10n_es_mis_report.mis_report_style_l10n_es_l5"/>
      </record>
      <record id="mis_report_kpi_es_eiyg_normal_50012" model="mis.report.kpi">
         <field name="report_id" ref="mis_report_es_eiyg_normal"/>
         <field name="type">num</field>
         <field name="compare_method">pct</field>
         <field name="sequence">50</field>
         <field name="name">es50012</field>
         <field name="description">2. Otros ingresos/gastos</field>
         <field name="style_id" ref="l10n_es_mis_report.mis_report_style_l10n_es_l5"/>
      </record>
      <record id="mis_report_kpi_es_eiyg_normal_50020" model="mis.report.kpi">
         <field name="report_id" ref="mis_report_es_eiyg_normal"/>
         <field name="type">num</field>
         <field name="compare_method">pct</field>
         <field name="sequence">60</field>
         <field name="name">es50020</field>
         <field name="description">II. Por coberturas de flujos de efectivo</field>
         <field name="expression">-bale[810%,910%]</field>
         <field name="auto_expand_accounts">True</field>
         <field name="auto_expand_accounts_style_id" ref="l10n_es_mis_report.mis_report_style_l10n_es_l4i"/>
         <field name="style_id" ref="l10n_es_mis_report.mis_report_style_l10n_es_l4"/>
      </record>
      <record id="mis_report_kpi_es_eiyg_normal_50030" model="mis.report.kpi">
         <field name="report_id" ref="mis_report_es_eiyg_normal"/>
         <field name="type">num</field>
         <field name="compare_method">pct</field>
         <field name="sequence">70</field>
         <field name="name">es50030</field>
         <field name="description">III. Subvenciones, donaciones y legados recibidos</field>
         <field name="expression">-bale[94%]</field>
         <field name="auto_expand_accounts">True</field>
         <field name="auto_expand_accounts_style_id" ref="l10n_es_mis_report.mis_report_style_l10n_es_l4i"/>
         <field name="style_id" ref="l10n_es_mis_report.mis_report_style_l10n_es_l4"/>
      </record>
      <record id="mis_report_kpi_es_eiyg_normal_50040" model="mis.report.kpi">
         <field name="report_id" ref="mis_report_es_eiyg_normal"/>
         <field name="type">num</field>
         <field name="compare_method">pct</field>
         <field name="sequence">80</field>
         <field name="name">es50040</field>
         <field name="description">IV. Por ganancias y pérdidas actuariales y otros ajustes</field>
         <field name="expression">-bale[85%,95%]</field>
         <field name="auto_expand_accounts">True</field>
         <field name="auto_expand_accounts_style_id" ref="l10n_es_mis_report.mis_report_style_l10n_es_l4i"/>
         <field name="style_id" ref="l10n_es_mis_report.mis_report_style_l10n_es_l4"/>
      </record>
      <record id="mis_report_kpi_es_eiyg_normal_50050" model="mis.report.kpi">
         <field name="report_id" ref="mis_report_es_eiyg_normal"/>
         <field name="type">num</field>
         <field name="compare_method">pct</field>
         <field name="sequence">90</field>
         <field name="name">es50050</field>
         <field name="description">V. Por activos no corrientes y pasivos vinculados, mantenidos para la venta</field>
         <field name="expression">-bale[860%,960%]</field>
         <field name="auto_expand_accounts">True</field>
         <field name="auto_expand_accounts_style_id" ref="l10n_es_mis_report.mis_report_style_l10n_es_l4i"/>
         <field name="style_id" ref="l10n_es_mis_report.mis_report_style_l10n_es_l4"/>
      </record>
      <record id="mis_report_kpi_es_eiyg_normal_50060" model="mis.report.kpi">
         <field name="report_id" ref="mis_report_es_eiyg_normal"/>
         <field name="type">num</field>
         <field name="compare_method">pct</field>
         <field name="sequence">100</field>
         <field name="name">es50060</field>
         <field name="description">VI. Diferencias de conversión</field>
         <field name="expression">-bale[811%,820%,911%,920%]</field>
         <field name="auto_expand_accounts">True</field>
         <field name="auto_expand_accounts_style_id" ref="l10n_es_mis_report.mis_report_style_l10n_es_l4i"/>
         <field name="style_id" ref="l10n_es_mis_report.mis_report_style_l10n_es_l4"/>
      </record>
      <record id="mis_report_kpi_es_eiyg_normal_50070" model="mis.report.kpi">
         <field name="report_id" ref="mis_report_es_eiyg_normal"/>
         <field name="type">num</field>
         <field name="compare_method">pct</field>
         <field name="sequence">110</field>
         <field name="name">es50070</field>
         <field name="description">VII. Efecto impositivo</field>
         <field name="expression">-bale[8300%,8301%,833%,834%,835%,838%]</field>
         <field name="auto_expand_accounts">True</field>
         <field name="auto_expand_accounts_style_id" ref="l10n_es_mis_report.mis_report_style_l10n_es_l4i"/>
         <field name="style_id" ref="l10n_es_mis_report.mis_report_style_l10n_es_l4"/>
      </record>
      <record id="mis_report_kpi_es_eiyg_normal_59300" model="mis.report.kpi">
         <field name="report_id" ref="mis_report_es_eiyg_normal"/>
         <field name="type">num</field>
         <field name="compare_method">pct</field>
         <field name="sequence">120</field>
         <field name="name">es59300</field>
         <field name="description">C) Total transferencias a la cuenta de pérdidas y ganancias (VIII + IX + X + XI + XII + XIII)</field>
         <field name="expression">+es50080+es50090+es50100+es50110+es50120+es50130 +es50080 +es50090 +es50100 +es50110 +es50120 +es50130</field>
         <field name="auto_expand_accounts">True</field>
         <field name="auto_expand_accounts_style_id" ref="l10n_es_mis_report.mis_report_style_l10n_es_l1i"/>
         <field name="style_id" ref="l10n_es_mis_report.mis_report_style_l10n_es_l1"/>
      </record>
      <record id="mis_report_kpi_es_eiyg_normal_50080" model="mis.report.kpi">
         <field name="report_id" ref="mis_report_es_eiyg_normal"/>
         <field name="type">num</field>
         <field name="compare_method">pct</field>
         <field name="sequence">130</field>
         <field name="name">es50080</field>
         <field name="description">VIII. Por valoración de instrumentos financieros</field>
         <field name="style_id" ref="l10n_es_mis_report.mis_report_style_l10n_es_l4"/>
         <field name="expression"> +es50081 +es50082</field>
      </record>
      <record id="mis_report_kpi_es_eiyg_normal_50081" model="mis.report.kpi">
         <field name="report_id" ref="mis_report_es_eiyg_normal"/>
         <field name="type">num</field>
         <field name="compare_method">pct</field>
         <field name="sequence">140</field>
         <field name="name">es50081</field>
         <field name="description">1. Activos financieros disponibles para la venta</field>
         <field name="expression">-bale[802%,902%,993%,994%]</field>
         <field name="auto_expand_accounts">True</field>
         <field name="auto_expand_accounts_style_id" ref="l10n_es_mis_report.mis_report_style_l10n_es_l5i"/>
         <field name="style_id" ref="l10n_es_mis_report.mis_report_style_l10n_es_l5"/>
      </record>
      <record id="mis_report_kpi_es_eiyg_normal_50082" model="mis.report.kpi">
         <field name="report_id" ref="mis_report_es_eiyg_normal"/>
         <field name="type">num</field>
         <field name="compare_method">pct</field>
         <field name="sequence">150</field>
         <field name="name">es50082</field>
         <field name="description">2. Otros ingresos/gastos</field>
         <field name="style_id" ref="l10n_es_mis_report.mis_report_style_l10n_es_l5"/>
      </record>
      <record id="mis_report_kpi_es_eiyg_normal_50090" model="mis.report.kpi">
         <field name="report_id" ref="mis_report_es_eiyg_normal"/>
         <field name="type">num</field>
         <field name="compare_method">pct</field>
         <field name="sequence">160</field>
         <field name="name">es50090</field>
         <field name="description">IX. Por coberturas de flujos de efectivo</field>
         <field name="expression">-bale[812%,912%]</field>
         <field name="auto_expand_accounts">True</field>
         <field name="auto_expand_accounts_style_id" ref="l10n_es_mis_report.mis_report_style_l10n_es_l4i"/>
         <field name="style_id" ref="l10n_es_mis_report.mis_report_style_l10n_es_l4"/>
      </record>
      <record id="mis_report_kpi_es_eiyg_normal_50100" model="mis.report.kpi">
         <field name="report_id" ref="mis_report_es_eiyg_normal"/>
         <field name="type">num</field>
         <field name="compare_method">pct</field>
         <field name="sequence">170</field>
         <field name="name">es50100</field>
         <field name="description">X. Subvenciones, donaciones y legados recibidos</field>
         <field name="expression">-bale[84%]</field>
         <field name="auto_expand_accounts">True</field>
         <field name="auto_expand_accounts_style_id" ref="l10n_es_mis_report.mis_report_style_l10n_es_l4i"/>
         <field name="style_id" ref="l10n_es_mis_report.mis_report_style_l10n_es_l4"/>
      </record>
      <record id="mis_report_kpi_es_eiyg_normal_50110" model="mis.report.kpi">
         <field name="report_id" ref="mis_report_es_eiyg_normal"/>
         <field name="type">num</field>
         <field name="compare_method">pct</field>
         <field name="sequence">180</field>
         <field name="name">es50110</field>
         <field name="description">XI. Por activos no corrientes y pasivos vinculados, mantenidos para la venta</field>
         <field name="expression">-bale[862%,962%]</field>
         <field name="auto_expand_accounts">True</field>
         <field name="auto_expand_accounts_style_id" ref="l10n_es_mis_report.mis_report_style_l10n_es_l4i"/>
         <field name="style_id" ref="l10n_es_mis_report.mis_report_style_l10n_es_l4"/>
      </record>
      <record id="mis_report_kpi_es_eiyg_normal_50120" model="mis.report.kpi">
         <field name="report_id" ref="mis_report_es_eiyg_normal"/>
         <field name="type">num</field>
         <field name="compare_method">pct</field>
         <field name="sequence">190</field>
         <field name="name">es50120</field>
         <field name="description">XII. Diferencias de conversión</field>
         <field name="expression">-bale[813%,821%,913%,921%]</field>
         <field name="auto_expand_accounts">True</field>
         <field name="auto_expand_accounts_style_id" ref="l10n_es_mis_report.mis_report_style_l10n_es_l4i"/>
         <field name="style_id" ref="l10n_es_mis_report.mis_report_style_l10n_es_l4"/>
      </record>
      <record id="mis_report_kpi_es_eiyg_normal_50130" model="mis.report.kpi">
         <field name="report_id" ref="mis_report_es_eiyg_normal"/>
         <field name="type">num</field>
         <field name="compare_method">pct</field>
         <field name="sequence">200</field>
         <field name="name">es50130</field>
         <field name="description">XIII. Efecto impositivo</field>
         <field name="expression">-bale[8301%,836%,837%]</field>
         <field name="auto_expand_accounts">True</field>
         <field name="auto_expand_accounts_style_id" ref="l10n_es_mis_report.mis_report_style_l10n_es_l4i"/>
         <field name="style_id" ref="l10n_es_mis_report.mis_report_style_l10n_es_l4"/>
      </record>
      <record id="mis_report_kpi_es_eiyg_normal_" model="mis.report.kpi">
         <field name="report_id" ref="mis_report_es_eiyg_normal"/>
         <field name="type">num</field>
         <field name="compare_method">pct</field>
         <field name="sequence">210</field>
         <field name="name">es59400</field>
         <field name="description">TOTAL DE INGRESOS Y GASTOS RECONOCIDOS (A + B + C)</field>
         <field name="expression">+es59100+es59200+es59300</field>
         <field name="auto_expand_accounts">True</field>
         <field name="auto_expand_accounts_style_id" ref="l10n_es_mis_report.mis_report_style_l10n_es_l1i"/>
         <field name="style_id" ref="l10n_es_mis_report.mis_report_style_l10n_es_l1"/>
      </record>
   </data>
</odoo>
