<?xml version="1.0" encoding="utf-8"?>
<odoo>
   <data>
      <record id="mis_report_es_pyg_normal" model="mis.report">
         <field name="name">Pérdidas y ganancias completo (PGCE 2008)</field>
         <field name="style_id" ref="l10n_es_mis_report.mis_report_style_l10n_es_base"/>
      </record>
      <record id="mis_report_kpi_es_pyg_normal_a" model="mis.report.kpi">
         <field name="report_id" ref="mis_report_es_pyg_normal"/>
         <field name="type">num</field>
         <field name="compare_method">pct</field>
         <field name="sequence">10</field>
         <field name="name">esA</field>
         <field name="description">A) OPERACIONES CONTINUADAS</field>
         <field name="style_id" ref="l10n_es_mis_report.mis_report_style_l10n_es_l1"/>
         <field name="expression"> +es40100 +es40200 +es40300 +es40400 +es40500 +es40600 +es40700 +es40800 +es40900 +es41000 +es41100 +es41200 +es41300 +es41400 +es41500 +es41600 +es41700 +es41800 +es41900</field>
      </record>
      <record id="mis_report_kpi_es_pyg_normal_40100" model="mis.report.kpi">
         <field name="report_id" ref="mis_report_es_pyg_normal"/>
         <field name="type">num</field>
         <field name="compare_method">pct</field>
         <field name="sequence">20</field>
         <field name="name">es40100</field>
         <field name="description">1. Importe neto de la cifra de negocios</field>
         <field name="style_id" ref="l10n_es_mis_report.mis_report_style_l10n_es_l3"/>
         <field name="expression"> +es40110 +es40120</field>
      </record>
      <record id="mis_report_kpi_es_pyg_normal_40110" model="mis.report.kpi">
         <field name="report_id" ref="mis_report_es_pyg_normal"/>
         <field name="type">num</field>
         <field name="compare_method">pct</field>
         <field name="sequence">30</field>
         <field name="name">es40110</field>
         <field name="description">a) Ventas</field>
         <field name="expression">-balp[700%,701%,702%,703%,704%,706%,708%,709%]</field>
         <field name="auto_expand_accounts">True</field>
         <field name="auto_expand_accounts_style_id" ref="l10n_es_mis_report.mis_report_style_l10n_es_l4i"/>
         <field name="style_id" ref="l10n_es_mis_report.mis_report_style_l10n_es_l4"/>
      </record>
      <record id="mis_report_kpi_es_pyg_normal_40120" model="mis.report.kpi">
         <field name="report_id" ref="mis_report_es_pyg_normal"/>
         <field name="type">num</field>
         <field name="compare_method">pct</field>
         <field name="sequence">40</field>
         <field name="name">es40120</field>
         <field name="description">b) Prestaciones de servicios</field>
         <field name="expression">-balp[705%]</field>
         <field name="auto_expand_accounts">True</field>
         <field name="auto_expand_accounts_style_id" ref="l10n_es_mis_report.mis_report_style_l10n_es_l4i"/>
         <field name="style_id" ref="l10n_es_mis_report.mis_report_style_l10n_es_l4"/>
      </record>
      <record id="mis_report_kpi_es_pyg_normal_40200" model="mis.report.kpi">
         <field name="report_id" ref="mis_report_es_pyg_normal"/>
         <field name="type">num</field>
         <field name="compare_method">pct</field>
         <field name="sequence">50</field>
         <field name="name">es40200</field>
         <field name="description">2. Variación de existencias de productos terminados y en curso de fabricación</field>
         <field name="expression">-balp[6930%,71%,7930%]</field>
         <field name="auto_expand_accounts">True</field>
         <field name="auto_expand_accounts_style_id" ref="l10n_es_mis_report.mis_report_style_l10n_es_l3i"/>
         <field name="style_id" ref="l10n_es_mis_report.mis_report_style_l10n_es_l3"/>
      </record>
      <record id="mis_report_kpi_es_pyg_normal_40300" model="mis.report.kpi">
         <field name="report_id" ref="mis_report_es_pyg_normal"/>
         <field name="type">num</field>
         <field name="compare_method">pct</field>
         <field name="sequence">60</field>
         <field name="name">es40300</field>
         <field name="description">3. Trabajos realizados por la empresa para su activo</field>
         <field name="expression">-balp[73%]</field>
         <field name="auto_expand_accounts">True</field>
         <field name="auto_expand_accounts_style_id" ref="l10n_es_mis_report.mis_report_style_l10n_es_l3i"/>
         <field name="style_id" ref="l10n_es_mis_report.mis_report_style_l10n_es_l3"/>
      </record>
      <record id="mis_report_kpi_es_pyg_normal_40400" model="mis.report.kpi">
         <field name="report_id" ref="mis_report_es_pyg_normal"/>
         <field name="type">num</field>
         <field name="compare_method">pct</field>
         <field name="sequence">70</field>
         <field name="name">es40400</field>
         <field name="description">4. Aprovisionamientos</field>
         <field name="style_id" ref="l10n_es_mis_report.mis_report_style_l10n_es_l3"/>
         <field name="expression"> +es40410 +es40420 +es40430 +es40440</field>
      </record>
      <record id="mis_report_kpi_es_pyg_normal_40410" model="mis.report.kpi">
         <field name="report_id" ref="mis_report_es_pyg_normal"/>
         <field name="type">num</field>
         <field name="compare_method">pct</field>
         <field name="sequence">80</field>
         <field name="name">es40410</field>
         <field name="description">a) Consumo de mercaderías</field>
         <field name="expression">-balp[600%,6060%,6080%,6090%,610%]</field>
         <field name="auto_expand_accounts">True</field>
         <field name="auto_expand_accounts_style_id" ref="l10n_es_mis_report.mis_report_style_l10n_es_l4i"/>
         <field name="style_id" ref="l10n_es_mis_report.mis_report_style_l10n_es_l4"/>
      </record>
      <record id="mis_report_kpi_es_pyg_normal_40420" model="mis.report.kpi">
         <field name="report_id" ref="mis_report_es_pyg_normal"/>
         <field name="type">num</field>
         <field name="compare_method">pct</field>
         <field name="sequence">90</field>
         <field name="name">es40420</field>
         <field name="description">b) Consumo de materias primas y otras materias consumibles</field>
         <field name="expression">-balp[601%,602%,6061%,6062%,6081%,6082%,6091%,6092%,611%,612%]</field>
         <field name="auto_expand_accounts">True</field>
         <field name="auto_expand_accounts_style_id" ref="l10n_es_mis_report.mis_report_style_l10n_es_l4i"/>
         <field name="style_id" ref="l10n_es_mis_report.mis_report_style_l10n_es_l4"/>
      </record>
      <record id="mis_report_kpi_es_pyg_normal_40430" model="mis.report.kpi">
         <field name="report_id" ref="mis_report_es_pyg_normal"/>
         <field name="type">num</field>
         <field name="compare_method">pct</field>
         <field name="sequence">100</field>
         <field name="name">es40430</field>
         <field name="description">c) Trabajos realizados por otras empresas</field>
         <field name="expression">-balp[607%]</field>
         <field name="auto_expand_accounts">True</field>
         <field name="auto_expand_accounts_style_id" ref="l10n_es_mis_report.mis_report_style_l10n_es_l4i"/>
         <field name="style_id" ref="l10n_es_mis_report.mis_report_style_l10n_es_l4"/>
      </record>
      <record id="mis_report_kpi_es_pyg_normal_40440" model="mis.report.kpi">
         <field name="report_id" ref="mis_report_es_pyg_normal"/>
         <field name="type">num</field>
         <field name="compare_method">pct</field>
         <field name="sequence">110</field>
         <field name="name">es40440</field>
         <field name="description">d) Deterioro de mercaderías, materias primas y otros aprovisionamientos</field>
         <field name="expression">-balp[6931%,6932%,6933%,7931%,7932%,7933%]</field>
         <field name="auto_expand_accounts">True</field>
         <field name="auto_expand_accounts_style_id" ref="l10n_es_mis_report.mis_report_style_l10n_es_l4i"/>
         <field name="style_id" ref="l10n_es_mis_report.mis_report_style_l10n_es_l4"/>
      </record>
      <record id="mis_report_kpi_es_pyg_normal_40500" model="mis.report.kpi">
         <field name="report_id" ref="mis_report_es_pyg_normal"/>
         <field name="type">num</field>
         <field name="compare_method">pct</field>
         <field name="sequence">120</field>
         <field name="name">es40500</field>
         <field name="description">5. Otros ingresos de explotación</field>
         <field name="style_id" ref="l10n_es_mis_report.mis_report_style_l10n_es_l3"/>
         <field name="expression"> +es40510 +es40520</field>
      </record>
      <record id="mis_report_kpi_es_pyg_normal_40510" model="mis.report.kpi">
         <field name="report_id" ref="mis_report_es_pyg_normal"/>
         <field name="type">num</field>
         <field name="compare_method">pct</field>
         <field name="sequence">130</field>
         <field name="name">es40510</field>
         <field name="description">a) Ingresos accesorios y otros de gestión corriente</field>
         <field name="expression">-balp[75%]</field>
         <field name="auto_expand_accounts">True</field>
         <field name="auto_expand_accounts_style_id" ref="l10n_es_mis_report.mis_report_style_l10n_es_l4i"/>
         <field name="style_id" ref="l10n_es_mis_report.mis_report_style_l10n_es_l4"/>
      </record>
      <record id="mis_report_kpi_es_pyg_normal_40520" model="mis.report.kpi">
         <field name="report_id" ref="mis_report_es_pyg_normal"/>
         <field name="type">num</field>
         <field name="compare_method">pct</field>
         <field name="sequence">140</field>
         <field name="name">es40520</field>
         <field name="description">b) Subvenciones de explotación incorporadas al resultado del ejercicio</field>
         <field name="expression">-balp[740%,747%]</field>
         <field name="auto_expand_accounts">True</field>
         <field name="auto_expand_accounts_style_id" ref="l10n_es_mis_report.mis_report_style_l10n_es_l4i"/>
         <field name="style_id" ref="l10n_es_mis_report.mis_report_style_l10n_es_l4"/>
      </record>
      <record id="mis_report_kpi_es_pyg_normal_40600" model="mis.report.kpi">
         <field name="report_id" ref="mis_report_es_pyg_normal"/>
         <field name="type">num</field>
         <field name="compare_method">pct</field>
         <field name="sequence">150</field>
         <field name="name">es40600</field>
         <field name="description">6. Gastos de personal</field>
         <field name="style_id" ref="l10n_es_mis_report.mis_report_style_l10n_es_l3"/>
         <field name="expression"> +es40610 +es40620 +es40630</field>
      </record>
      <record id="mis_report_kpi_es_pyg_normal_40610" model="mis.report.kpi">
         <field name="report_id" ref="mis_report_es_pyg_normal"/>
         <field name="type">num</field>
         <field name="compare_method">pct</field>
         <field name="sequence">160</field>
         <field name="name">es40610</field>
         <field name="description">a) Sueldos, salarios y asimilados</field>
         <field name="expression">-balp[640%,641%,6450%]</field>
         <field name="auto_expand_accounts">True</field>
         <field name="auto_expand_accounts_style_id" ref="l10n_es_mis_report.mis_report_style_l10n_es_l4i"/>
         <field name="style_id" ref="l10n_es_mis_report.mis_report_style_l10n_es_l4"/>
      </record>
      <record id="mis_report_kpi_es_pyg_normal_40620" model="mis.report.kpi">
         <field name="report_id" ref="mis_report_es_pyg_normal"/>
         <field name="type">num</field>
         <field name="compare_method">pct</field>
         <field name="sequence">170</field>
         <field name="name">es40620</field>
         <field name="description">b) Cargas sociales</field>
         <field name="expression">-balp[642%,643%,649%]</field>
         <field name="auto_expand_accounts">True</field>
         <field name="auto_expand_accounts_style_id" ref="l10n_es_mis_report.mis_report_style_l10n_es_l4i"/>
         <field name="style_id" ref="l10n_es_mis_report.mis_report_style_l10n_es_l4"/>
      </record>
      <record id="mis_report_kpi_es_pyg_normal_40630" model="mis.report.kpi">
         <field name="report_id" ref="mis_report_es_pyg_normal"/>
         <field name="type">num</field>
         <field name="compare_method">pct</field>
         <field name="sequence">180</field>
         <field name="name">es40630</field>
         <field name="description">c) Provisiones</field>
         <field name="expression">-balp[644%,6457%,7950%,7957%]</field>
         <field name="auto_expand_accounts">True</field>
         <field name="auto_expand_accounts_style_id" ref="l10n_es_mis_report.mis_report_style_l10n_es_l4i"/>
         <field name="style_id" ref="l10n_es_mis_report.mis_report_style_l10n_es_l4"/>
      </record>
      <record id="mis_report_kpi_es_pyg_normal_40700" model="mis.report.kpi">
         <field name="report_id" ref="mis_report_es_pyg_normal"/>
         <field name="type">num</field>
         <field name="compare_method">pct</field>
         <field name="sequence">190</field>
         <field name="name">es40700</field>
         <field name="description">7. Otros gastos de explotación</field>
         <field name="style_id" ref="l10n_es_mis_report.mis_report_style_l10n_es_l3"/>
         <field name="expression"> +es40710 +es40720 +es40730 +es40740</field>
      </record>
      <record id="mis_report_kpi_es_pyg_normal_40710" model="mis.report.kpi">
         <field name="report_id" ref="mis_report_es_pyg_normal"/>
         <field name="type">num</field>
         <field name="compare_method">pct</field>
         <field name="sequence">200</field>
         <field name="name">es40710</field>
         <field name="description">a) Servicios exteriores</field>
         <field name="expression">-balp[62%]</field>
         <field name="auto_expand_accounts">True</field>
         <field name="auto_expand_accounts_style_id" ref="l10n_es_mis_report.mis_report_style_l10n_es_l4i"/>
         <field name="style_id" ref="l10n_es_mis_report.mis_report_style_l10n_es_l4"/>
      </record>
      <record id="mis_report_kpi_es_pyg_normal_40720" model="mis.report.kpi">
         <field name="report_id" ref="mis_report_es_pyg_normal"/>
         <field name="type">num</field>
         <field name="compare_method">pct</field>
         <field name="sequence">210</field>
         <field name="name">es40720</field>
         <field name="description">b) Tributos</field>
         <field name="expression">-balp[631%,634%,636%,639%]</field>
         <field name="auto_expand_accounts">True</field>
         <field name="auto_expand_accounts_style_id" ref="l10n_es_mis_report.mis_report_style_l10n_es_l4i"/>
         <field name="style_id" ref="l10n_es_mis_report.mis_report_style_l10n_es_l4"/>
      </record>
      <record id="mis_report_kpi_es_pyg_normal_40730" model="mis.report.kpi">
         <field name="report_id" ref="mis_report_es_pyg_normal"/>
         <field name="type">num</field>
         <field name="compare_method">pct</field>
         <field name="sequence">220</field>
         <field name="name">es40730</field>
         <field name="description">c) Pérdidas, deterioro y variación de provisiones por operaciones comerciales</field>
         <field name="expression">-balp[650%,694%,695%,794%,7954%]</field>
         <field name="auto_expand_accounts">True</field>
         <field name="auto_expand_accounts_style_id" ref="l10n_es_mis_report.mis_report_style_l10n_es_l4i"/>
         <field name="style_id" ref="l10n_es_mis_report.mis_report_style_l10n_es_l4"/>
      </record>
      <record id="mis_report_kpi_es_pyg_normal_40740" model="mis.report.kpi">
         <field name="report_id" ref="mis_report_es_pyg_normal"/>
         <field name="type">num</field>
         <field name="compare_method">pct</field>
         <field name="sequence">230</field>
         <field name="name">es40740</field>
         <field name="description">d) Otros gastos de gestión corriente </field>
         <field name="expression">-balp[651%,659%]</field>
         <field name="auto_expand_accounts">True</field>
         <field name="auto_expand_accounts_style_id" ref="l10n_es_mis_report.mis_report_style_l10n_es_l4i"/>
         <field name="style_id" ref="l10n_es_mis_report.mis_report_style_l10n_es_l4"/>
      </record>
      <record id="mis_report_kpi_es_pyg_normal_40800" model="mis.report.kpi">
         <field name="report_id" ref="mis_report_es_pyg_normal"/>
         <field name="type">num</field>
         <field name="compare_method">pct</field>
         <field name="sequence">240</field>
         <field name="name">es40800</field>
         <field name="description">8. Amortización del inmovilizado</field>
         <field name="expression">-balp[68%]</field>
         <field name="auto_expand_accounts">True</field>
         <field name="auto_expand_accounts_style_id" ref="l10n_es_mis_report.mis_report_style_l10n_es_l3i"/>
         <field name="style_id" ref="l10n_es_mis_report.mis_report_style_l10n_es_l3"/>
      </record>
      <record id="mis_report_kpi_es_pyg_normal_40900" model="mis.report.kpi">
         <field name="report_id" ref="mis_report_es_pyg_normal"/>
         <field name="type">num</field>
         <field name="compare_method">pct</field>
         <field name="sequence">250</field>
         <field name="name">es40900</field>
         <field name="description">9. Imputación de subvenciones de inmovilizado no financiero y otras</field>
         <field name="expression">-balp[746%]</field>
         <field name="auto_expand_accounts">True</field>
         <field name="auto_expand_accounts_style_id" ref="l10n_es_mis_report.mis_report_style_l10n_es_l3i"/>
         <field name="style_id" ref="l10n_es_mis_report.mis_report_style_l10n_es_l3"/>
      </record>
      <record id="mis_report_kpi_es_pyg_normal_41000" model="mis.report.kpi">
         <field name="report_id" ref="mis_report_es_pyg_normal"/>
         <field name="type">num</field>
         <field name="compare_method">pct</field>
         <field name="sequence">260</field>
         <field name="name">es41000</field>
         <field name="description">10. Excesos de provisiones </field>
         <field name="expression">-balp[7951%,7952%,7955%,7956%]</field>
         <field name="auto_expand_accounts">True</field>
         <field name="auto_expand_accounts_style_id" ref="l10n_es_mis_report.mis_report_style_l10n_es_l3i"/>
         <field name="style_id" ref="l10n_es_mis_report.mis_report_style_l10n_es_l3"/>
      </record>
      <record id="mis_report_kpi_es_pyg_normal_41100" model="mis.report.kpi">
         <field name="report_id" ref="mis_report_es_pyg_normal"/>
         <field name="type">num</field>
         <field name="compare_method">pct</field>
         <field name="sequence">270</field>
         <field name="name">es41100</field>
         <field name="description">11. Deterioro y resultado por enajenaciones del inmovilizado</field>
         <field name="style_id" ref="l10n_es_mis_report.mis_report_style_l10n_es_l3"/>
         <field name="expression"> +es41110 +es41120</field>
      </record>
      <record id="mis_report_kpi_es_pyg_normal_41110" model="mis.report.kpi">
         <field name="report_id" ref="mis_report_es_pyg_normal"/>
         <field name="type">num</field>
         <field name="compare_method">pct</field>
         <field name="sequence">280</field>
         <field name="name">es41110</field>
         <field name="description">a) Deterioro y pérdidas</field>
         <field name="expression">-balp[690%,691%,692%,790%,791%,792%]</field>
         <field name="auto_expand_accounts">True</field>
         <field name="auto_expand_accounts_style_id" ref="l10n_es_mis_report.mis_report_style_l10n_es_l4i"/>
         <field name="style_id" ref="l10n_es_mis_report.mis_report_style_l10n_es_l4"/>
      </record>
      <record id="mis_report_kpi_es_pyg_normal_41120" model="mis.report.kpi">
         <field name="report_id" ref="mis_report_es_pyg_normal"/>
         <field name="type">num</field>
         <field name="compare_method">pct</field>
         <field name="sequence">290</field>
         <field name="name">es41120</field>
         <field name="description">b) Resultados por enajenaciones y otras</field>
         <field name="expression">-balp[670%,671%,672%,770%,771%,772%]</field>
         <field name="auto_expand_accounts">True</field>
         <field name="auto_expand_accounts_style_id" ref="l10n_es_mis_report.mis_report_style_l10n_es_l4i"/>
         <field name="style_id" ref="l10n_es_mis_report.mis_report_style_l10n_es_l4"/>
      </record>
      <record id="mis_report_kpi_es_pyg_normal_41200" model="mis.report.kpi">
         <field name="report_id" ref="mis_report_es_pyg_normal"/>
         <field name="type">num</field>
         <field name="compare_method">pct</field>
         <field name="sequence">300</field>
         <field name="name">es41200</field>
         <field name="description">12. Diferencia negativa de combinaciones de negocio</field>
         <field name="expression">-balp[774%]</field>
         <field name="auto_expand_accounts">True</field>
         <field name="auto_expand_accounts_style_id" ref="l10n_es_mis_report.mis_report_style_l10n_es_l3i"/>
         <field name="style_id" ref="l10n_es_mis_report.mis_report_style_l10n_es_l3"/>
      </record>
      <record id="mis_report_kpi_es_pyg_normal_41300" model="mis.report.kpi">
         <field name="report_id" ref="mis_report_es_pyg_normal"/>
         <field name="type">num</field>
         <field name="compare_method">pct</field>
         <field name="sequence">310</field>
         <field name="name">es41300</field>
         <field name="description">13. Otros resultados</field>
         <field name="expression">-balp[678%,778%]</field>
         <field name="auto_expand_accounts">True</field>
         <field name="auto_expand_accounts_style_id" ref="l10n_es_mis_report.mis_report_style_l10n_es_l3i"/>
         <field name="style_id" ref="l10n_es_mis_report.mis_report_style_l10n_es_l3"/>
      </record>
      <record id="mis_report_kpi_es_pyg_normal_49100" model="mis.report.kpi">
         <field name="report_id" ref="mis_report_es_pyg_normal"/>
         <field name="type">num</field>
         <field name="compare_method">pct</field>
         <field name="sequence">320</field>
         <field name="name">es49100</field>
         <field name="description">A.1)  RESULTADO DE EXPLOTACIÓN (1 + 2 + 3 + 4 + 5 + 6 + 7 + 8 + 9 + 10 + 11 + 12 + 13)</field>
         <field name="expression">+es40100+es40200+es40300+es40400+es40500+es40600+es40700+es40800+es40900+es41000+es41100+es41200+es41300</field>
         <field name="auto_expand_accounts">True</field>
         <field name="auto_expand_accounts_style_id" ref="l10n_es_mis_report.mis_report_style_l10n_es_l1i"/>
         <field name="style_id" ref="l10n_es_mis_report.mis_report_style_l10n_es_l1"/>
      </record>
      <record id="mis_report_kpi_es_pyg_normal_41400" model="mis.report.kpi">
         <field name="report_id" ref="mis_report_es_pyg_normal"/>
         <field name="type">num</field>
         <field name="compare_method">pct</field>
         <field name="sequence">330</field>
         <field name="name">es41400</field>
         <field name="description">14. Ingresos financieros</field>
         <field name="style_id" ref="l10n_es_mis_report.mis_report_style_l10n_es_l3"/>
         <field name="expression"> +es41410 +es41420 +es41430</field>
      </record>
      <record id="mis_report_kpi_es_pyg_normal_41410" model="mis.report.kpi">
         <field name="report_id" ref="mis_report_es_pyg_normal"/>
         <field name="type">num</field>
         <field name="compare_method">pct</field>
         <field name="sequence">340</field>
         <field name="name">es41410</field>
         <field name="description">a) De participaciones en instrumentos de patrimonio</field>
         <field name="style_id" ref="l10n_es_mis_report.mis_report_style_l10n_es_l4"/>
         <field name="expression"> +es41411 +es41412</field>
      </record>
      <record id="mis_report_kpi_es_pyg_normal_41411" model="mis.report.kpi">
         <field name="report_id" ref="mis_report_es_pyg_normal"/>
         <field name="type">num</field>
         <field name="compare_method">pct</field>
         <field name="sequence">350</field>
         <field name="name">es41411</field>
         <field name="description">a 1) En empresas del grupo y asociadas</field>
         <field name="expression">-balp[7600%,7601%]</field>
         <field name="auto_expand_accounts">True</field>
         <field name="auto_expand_accounts_style_id" ref="l10n_es_mis_report.mis_report_style_l10n_es_l5i"/>
         <field name="style_id" ref="l10n_es_mis_report.mis_report_style_l10n_es_l5"/>
      </record>
      <record id="mis_report_kpi_es_pyg_normal_41412" model="mis.report.kpi">
         <field name="report_id" ref="mis_report_es_pyg_normal"/>
         <field name="type">num</field>
         <field name="compare_method">pct</field>
         <field name="sequence">360</field>
         <field name="name">es41412</field>
         <field name="description">a 2) En terceros</field>
         <field name="expression">-balp[7602%,7603%]</field>
         <field name="auto_expand_accounts">True</field>
         <field name="auto_expand_accounts_style_id" ref="l10n_es_mis_report.mis_report_style_l10n_es_l5i"/>
         <field name="style_id" ref="l10n_es_mis_report.mis_report_style_l10n_es_l5"/>
      </record>
      <record id="mis_report_kpi_es_pyg_normal_41420" model="mis.report.kpi">
         <field name="report_id" ref="mis_report_es_pyg_normal"/>
         <field name="type">num</field>
         <field name="compare_method">pct</field>
         <field name="sequence">370</field>
         <field name="name">es41420</field>
         <field name="description">b) De valores negociables y otros instrumentos financieros</field>
         <field name="style_id" ref="l10n_es_mis_report.mis_report_style_l10n_es_l4"/>
         <field name="expression"> +es41421 +es41422</field>
      </record>
      <record id="mis_report_kpi_es_pyg_normal_41421" model="mis.report.kpi">
         <field name="report_id" ref="mis_report_es_pyg_normal"/>
         <field name="type">num</field>
         <field name="compare_method">pct</field>
         <field name="sequence">380</field>
         <field name="name">es41421</field>
         <field name="description">b 1) De empresas del grupo y asociadas</field>
         <field name="expression">-balp[7610%,7611%,76200%,76201%,76210%,76211%]</field>
         <field name="auto_expand_accounts">True</field>
         <field name="auto_expand_accounts_style_id" ref="l10n_es_mis_report.mis_report_style_l10n_es_l5i"/>
         <field name="style_id" ref="l10n_es_mis_report.mis_report_style_l10n_es_l5"/>
      </record>
      <record id="mis_report_kpi_es_pyg_normal_41422" model="mis.report.kpi">
         <field name="report_id" ref="mis_report_es_pyg_normal"/>
         <field name="type">num</field>
         <field name="compare_method">pct</field>
         <field name="sequence">390</field>
         <field name="name">es41422</field>
         <field name="description">b 2) De terceros</field>
         <field name="expression">-balp[7612%,7613%,76202%,76203%,76212%,76213%,767%,769%]</field>
         <field name="auto_expand_accounts">True</field>
         <field name="auto_expand_accounts_style_id" ref="l10n_es_mis_report.mis_report_style_l10n_es_l5i"/>
         <field name="style_id" ref="l10n_es_mis_report.mis_report_style_l10n_es_l5"/>
      </record>
      <record id="mis_report_kpi_es_pyg_normal_41430" model="mis.report.kpi">
         <field name="report_id" ref="mis_report_es_pyg_normal"/>
         <field name="type">num</field>
         <field name="compare_method">pct</field>
         <field name="sequence">400</field>
         <field name="name">es41430</field>
         <field name="description">c) Imputación de subvenciones, donaciones y legados de carácter inanciero</field>
         <field name="expression">-balp[746%]</field>
         <field name="auto_expand_accounts">True</field>
         <field name="auto_expand_accounts_style_id" ref="l10n_es_mis_report.mis_report_style_l10n_es_l4i"/>
         <field name="style_id" ref="l10n_es_mis_report.mis_report_style_l10n_es_l4"/>
      </record>
      <record id="mis_report_kpi_es_pyg_normal_41500" model="mis.report.kpi">
         <field name="report_id" ref="mis_report_es_pyg_normal"/>
         <field name="type">num</field>
         <field name="compare_method">pct</field>
         <field name="sequence">410</field>
         <field name="name">es41500</field>
         <field name="description">15. Gastos financieros</field>
         <field name="style_id" ref="l10n_es_mis_report.mis_report_style_l10n_es_l3"/>
         <field name="expression"> +es41510 +es41520 +es41530</field>
      </record>
      <record id="mis_report_kpi_es_pyg_normal_41510" model="mis.report.kpi">
         <field name="report_id" ref="mis_report_es_pyg_normal"/>
         <field name="type">num</field>
         <field name="compare_method">pct</field>
         <field name="sequence">420</field>
         <field name="name">es41510</field>
         <field name="description">a) Por deudas con empresas del grupo y asociadas</field>
         <field name="expression">-balp[6610%,6611%,6615%,6616%,6620%,6621%,6640%,6641%,6650%,6651%,6654%,6655%]</field>
         <field name="auto_expand_accounts">True</field>
         <field name="auto_expand_accounts_style_id" ref="l10n_es_mis_report.mis_report_style_l10n_es_l4i"/>
         <field name="style_id" ref="l10n_es_mis_report.mis_report_style_l10n_es_l4"/>
      </record>
      <record id="mis_report_kpi_es_pyg_normal_41520" model="mis.report.kpi">
         <field name="report_id" ref="mis_report_es_pyg_normal"/>
         <field name="type">num</field>
         <field name="compare_method">pct</field>
         <field name="sequence">430</field>
         <field name="name">es41520</field>
         <field name="description">b) Por deudas con terceros</field>
         <field name="expression">-balp[6612%,6613%,6617%,6618%,6622%,6623%,6624%,6642%,6643%,6652%,6653%,6656%,6657%,669%]</field>
         <field name="auto_expand_accounts">True</field>
         <field name="auto_expand_accounts_style_id" ref="l10n_es_mis_report.mis_report_style_l10n_es_l4i"/>
         <field name="style_id" ref="l10n_es_mis_report.mis_report_style_l10n_es_l4"/>
      </record>
      <record id="mis_report_kpi_es_pyg_normal_41530" model="mis.report.kpi">
         <field name="report_id" ref="mis_report_es_pyg_normal"/>
         <field name="type">num</field>
         <field name="compare_method">pct</field>
         <field name="sequence">440</field>
         <field name="name">es41530</field>
         <field name="description">c) Por actualización de provisiones</field>
         <field name="expression">-balp[660%]</field>
         <field name="auto_expand_accounts">True</field>
         <field name="auto_expand_accounts_style_id" ref="l10n_es_mis_report.mis_report_style_l10n_es_l4i"/>
         <field name="style_id" ref="l10n_es_mis_report.mis_report_style_l10n_es_l4"/>
      </record>
      <record id="mis_report_kpi_es_pyg_normal_41600" model="mis.report.kpi">
         <field name="report_id" ref="mis_report_es_pyg_normal"/>
         <field name="type">num</field>
         <field name="compare_method">pct</field>
         <field name="sequence">450</field>
         <field name="name">es41600</field>
         <field name="description">16. Variación de valor razonable en instrumentos financieros</field>
         <field name="style_id" ref="l10n_es_mis_report.mis_report_style_l10n_es_l3"/>
         <field name="expression"> +es41610 +es41620</field>
      </record>
      <record id="mis_report_kpi_es_pyg_normal_41610" model="mis.report.kpi">
         <field name="report_id" ref="mis_report_es_pyg_normal"/>
         <field name="type">num</field>
         <field name="compare_method">pct</field>
         <field name="sequence">460</field>
         <field name="name">es41610</field>
         <field name="description">a) Cartera de negociación y otros </field>
         <field name="expression">-balp[6630%,6631%,6633%,7630%,7631%,7633%]</field>
         <field name="auto_expand_accounts">True</field>
         <field name="auto_expand_accounts_style_id" ref="l10n_es_mis_report.mis_report_style_l10n_es_l4i"/>
         <field name="style_id" ref="l10n_es_mis_report.mis_report_style_l10n_es_l4"/>
      </record>
      <record id="mis_report_kpi_es_pyg_normal_41620" model="mis.report.kpi">
         <field name="report_id" ref="mis_report_es_pyg_normal"/>
         <field name="type">num</field>
         <field name="compare_method">pct</field>
         <field name="sequence">470</field>
         <field name="name">es41620</field>
         <field name="description">b) Imputación al resultado del ejercicio por activos financieros disponibles para la venta</field>
         <field name="expression">-balp[6632%,7632%]</field>
         <field name="auto_expand_accounts">True</field>
         <field name="auto_expand_accounts_style_id" ref="l10n_es_mis_report.mis_report_style_l10n_es_l4i"/>
         <field name="style_id" ref="l10n_es_mis_report.mis_report_style_l10n_es_l4"/>
      </record>
      <record id="mis_report_kpi_es_pyg_normal_41700" model="mis.report.kpi">
         <field name="report_id" ref="mis_report_es_pyg_normal"/>
         <field name="type">num</field>
         <field name="compare_method">pct</field>
         <field name="sequence">480</field>
         <field name="name">es41700</field>
         <field name="description">17. Diferencias de cambio</field>
         <field name="expression">-balp[668%,768%]</field>
         <field name="auto_expand_accounts">True</field>
         <field name="auto_expand_accounts_style_id" ref="l10n_es_mis_report.mis_report_style_l10n_es_l3i"/>
         <field name="style_id" ref="l10n_es_mis_report.mis_report_style_l10n_es_l3"/>
      </record>
      <record id="mis_report_kpi_es_pyg_normal_41800" model="mis.report.kpi">
         <field name="report_id" ref="mis_report_es_pyg_normal"/>
         <field name="type">num</field>
         <field name="compare_method">pct</field>
         <field name="sequence">490</field>
         <field name="name">es41800</field>
         <field name="description">18. Deterioro y resultado por enajenaciones de instrumentos financieros</field>
         <field name="style_id" ref="l10n_es_mis_report.mis_report_style_l10n_es_l3"/>
         <field name="expression"> +es41810 +es41820</field>
      </record>
      <record id="mis_report_kpi_es_pyg_normal_41810" model="mis.report.kpi">
         <field name="report_id" ref="mis_report_es_pyg_normal"/>
         <field name="type">num</field>
         <field name="compare_method">pct</field>
         <field name="sequence">500</field>
         <field name="name">es41810</field>
         <field name="description">a) Deterioros y pérdidas</field>
         <field name="expression">-balp[696%,697%,698%,699%,796%,797%,798%,799%]</field>
         <field name="auto_expand_accounts">True</field>
         <field name="auto_expand_accounts_style_id" ref="l10n_es_mis_report.mis_report_style_l10n_es_l4i"/>
         <field name="style_id" ref="l10n_es_mis_report.mis_report_style_l10n_es_l4"/>
      </record>
      <record id="mis_report_kpi_es_pyg_normal_41820" model="mis.report.kpi">
         <field name="report_id" ref="mis_report_es_pyg_normal"/>
         <field name="type">num</field>
         <field name="compare_method">pct</field>
         <field name="sequence">510</field>
         <field name="name">es41820</field>
         <field name="description">b) Resultados por enajenaciones y otras</field>
         <field name="expression">-balp[666%,667%,673%,675%,766%,773%,775%]</field>
         <field name="auto_expand_accounts">True</field>
         <field name="auto_expand_accounts_style_id" ref="l10n_es_mis_report.mis_report_style_l10n_es_l4i"/>
         <field name="style_id" ref="l10n_es_mis_report.mis_report_style_l10n_es_l4"/>
      </record>
      <record id="mis_report_kpi_es_pyg_normal_49200" model="mis.report.kpi">
         <field name="report_id" ref="mis_report_es_pyg_normal"/>
         <field name="type">num</field>
         <field name="compare_method">pct</field>
         <field name="sequence">520</field>
         <field name="name">es49200</field>
         <field name="description">A.2) RESULTADO FINANCIERO (14 + 15 + 16 + 17 + 18)</field>
         <field name="expression">+es41400+es41500+es41600+es41700+es41800</field>
         <field name="auto_expand_accounts">True</field>
         <field name="auto_expand_accounts_style_id" ref="l10n_es_mis_report.mis_report_style_l10n_es_l1i"/>
         <field name="style_id" ref="l10n_es_mis_report.mis_report_style_l10n_es_l1"/>
      </record>
      <record id="mis_report_kpi_es_pyg_normal_49300" model="mis.report.kpi">
         <field name="report_id" ref="mis_report_es_pyg_normal"/>
         <field name="type">num</field>
         <field name="compare_method">pct</field>
         <field name="sequence">530</field>
         <field name="name">es49300</field>
         <field name="description">A.3) RESULTADO ANTES DE IMPUESTOS (A.1 + A.2)</field>
         <field name="expression">+es49100+es49200</field>
         <field name="auto_expand_accounts">True</field>
         <field name="auto_expand_accounts_style_id" ref="l10n_es_mis_report.mis_report_style_l10n_es_l1i"/>
         <field name="style_id" ref="l10n_es_mis_report.mis_report_style_l10n_es_l1"/>
      </record>
      <record id="mis_report_kpi_es_pyg_normal_41900" model="mis.report.kpi">
         <field name="report_id" ref="mis_report_es_pyg_normal"/>
         <field name="type">num</field>
         <field name="compare_method">pct</field>
         <field name="sequence">540</field>
         <field name="name">es41900</field>
         <field name="description">19. Impuestos sobre beneficios</field>
         <field name="expression">-balp[6300%,6301%,633%,638%]</field>
         <field name="auto_expand_accounts">True</field>
         <field name="auto_expand_accounts_style_id" ref="l10n_es_mis_report.mis_report_style_l10n_es_l3i"/>
         <field name="style_id" ref="l10n_es_mis_report.mis_report_style_l10n_es_l3"/>
      </record>
      <record id="mis_report_kpi_es_pyg_normal_49400" model="mis.report.kpi">
         <field name="report_id" ref="mis_report_es_pyg_normal"/>
         <field name="type">num</field>
         <field name="compare_method">pct</field>
         <field name="sequence">550</field>
         <field name="name">es49400</field>
         <field name="description">A.4) RESULTADO DEL EJERCICIO PROCEDENTE DE OPERACIONES CONTINUADAS (A.3 + 19)</field>
         <field name="expression">+es49300+es41900</field>
         <field name="auto_expand_accounts">True</field>
         <field name="auto_expand_accounts_style_id" ref="l10n_es_mis_report.mis_report_style_l10n_es_l1i"/>
         <field name="style_id" ref="l10n_es_mis_report.mis_report_style_l10n_es_l1"/>
      </record>
      <record id="mis_report_kpi_es_pyg_normal_b" model="mis.report.kpi">
         <field name="report_id" ref="mis_report_es_pyg_normal"/>
         <field name="type">num</field>
         <field name="compare_method">pct</field>
         <field name="sequence">560</field>
         <field name="name">esB</field>
         <field name="description">B) OPERACIONES INTERRUMPIDAS</field>
         <field name="style_id" ref="l10n_es_mis_report.mis_report_style_l10n_es_l1"/>
         <field name="expression"> +es42000</field>
      </record>
      <record id="mis_report_kpi_es_pyg_normal_42000" model="mis.report.kpi">
         <field name="report_id" ref="mis_report_es_pyg_normal"/>
         <field name="type">num</field>
         <field name="compare_method">pct</field>
         <field name="sequence">570</field>
         <field name="name">es42000</field>
         <field name="description">20. Resultado del ejercicio procedente de operaciones interrumpidas neto de impuestos</field>
         <field name="style_id" ref="l10n_es_mis_report.mis_report_style_l10n_es_l3"/>
      </record>
      <record id="mis_report_kpi_es_pyg_normal_49500" model="mis.report.kpi">
         <field name="report_id" ref="mis_report_es_pyg_normal"/>
         <field name="type">num</field>
         <field name="compare_method">pct</field>
         <field name="sequence">580</field>
         <field name="name">es49500</field>
         <field name="description">A.5) RESULTADO DEL EJERCICIO (A.4 + 20)</field>
         <field name="expression">+es49400+es42000</field>
         <field name="auto_expand_accounts">True</field>
         <field name="auto_expand_accounts_style_id" ref="l10n_es_mis_report.mis_report_style_l10n_es_l1i"/>
         <field name="style_id" ref="l10n_es_mis_report.mis_report_style_l10n_es_l1"/>
      </record>
   </data>
</odoo>
