<?xml version="1.0" encoding="utf-8"?>
<odoo>
   <data>
      <record id="mis_report_es_pyg_pymes" model="mis.report">
         <field name="name">Pérdidas y ganancias PYMEs (PGCE 2008)</field>
         <field name="style_id" ref="l10n_es_mis_report.mis_report_style_l10n_es_base"/>
      </record>
      <record id="mis_report_kpi_es_pyg_pymes_40100" model="mis.report.kpi">
         <field name="report_id" ref="mis_report_es_pyg_pymes"/>
         <field name="type">num</field>
         <field name="compare_method">pct</field>
         <field name="sequence">10</field>
         <field name="name">es40100</field>
         <field name="description">1. Importe neto de la cifra de negocios</field>
         <field name="expression">-balp[700%,701%,702%,703%,704%,705%,706%,708%,709%]</field>
         <field name="auto_expand_accounts">True</field>
         <field name="auto_expand_accounts_style_id" ref="l10n_es_mis_report.mis_report_style_l10n_es_l3i"/>
         <field name="style_id" ref="l10n_es_mis_report.mis_report_style_l10n_es_l3"/>
      </record>
      <record id="mis_report_kpi_es_pyg_pymes_40200" model="mis.report.kpi">
         <field name="report_id" ref="mis_report_es_pyg_pymes"/>
         <field name="type">num</field>
         <field name="compare_method">pct</field>
         <field name="sequence">20</field>
         <field name="name">es40200</field>
         <field name="description">2. Variación de existencias de productos terminados y en curso de fabricación</field>
         <field name="expression">-balp[6930%,71%,7930%]</field>
         <field name="auto_expand_accounts">True</field>
         <field name="auto_expand_accounts_style_id" ref="l10n_es_mis_report.mis_report_style_l10n_es_l3i"/>
         <field name="style_id" ref="l10n_es_mis_report.mis_report_style_l10n_es_l3"/>
      </record>
      <record id="mis_report_kpi_es_pyg_pymes_40300" model="mis.report.kpi">
         <field name="report_id" ref="mis_report_es_pyg_pymes"/>
         <field name="type">num</field>
         <field name="compare_method">pct</field>
         <field name="sequence">30</field>
         <field name="name">es40300</field>
         <field name="description">3. Trabajos realizados por la empresa para su activo</field>
         <field name="expression">-balp[73%]</field>
         <field name="auto_expand_accounts">True</field>
         <field name="auto_expand_accounts_style_id" ref="l10n_es_mis_report.mis_report_style_l10n_es_l3i"/>
         <field name="style_id" ref="l10n_es_mis_report.mis_report_style_l10n_es_l3"/>
      </record>
      <record id="mis_report_kpi_es_pyg_pymes_40400" model="mis.report.kpi">
         <field name="report_id" ref="mis_report_es_pyg_pymes"/>
         <field name="type">num</field>
         <field name="compare_method">pct</field>
         <field name="sequence">40</field>
         <field name="name">es40400</field>
         <field name="description">4. Aprovisionamientos</field>
         <field name="expression">-balp[600%,601%,602%,606%,607%,608%,609%,61%,6931%,6932%,6933%,7931%,7932%,7933%]</field>
         <field name="auto_expand_accounts">True</field>
         <field name="auto_expand_accounts_style_id" ref="l10n_es_mis_report.mis_report_style_l10n_es_l3i"/>
         <field name="style_id" ref="l10n_es_mis_report.mis_report_style_l10n_es_l3"/>
      </record>
      <record id="mis_report_kpi_es_pyg_pymes_40500" model="mis.report.kpi">
         <field name="report_id" ref="mis_report_es_pyg_pymes"/>
         <field name="type">num</field>
         <field name="compare_method">pct</field>
         <field name="sequence">50</field>
         <field name="name">es40500</field>
         <field name="description">5. Otros ingresos de explotación</field>
         <field name="expression">-balp[740%,747%,75%]</field>
         <field name="auto_expand_accounts">True</field>
         <field name="auto_expand_accounts_style_id" ref="l10n_es_mis_report.mis_report_style_l10n_es_l3i"/>
         <field name="style_id" ref="l10n_es_mis_report.mis_report_style_l10n_es_l3"/>
      </record>
      <record id="mis_report_kpi_es_pyg_pymes_40600" model="mis.report.kpi">
         <field name="report_id" ref="mis_report_es_pyg_pymes"/>
         <field name="type">num</field>
         <field name="compare_method">pct</field>
         <field name="sequence">60</field>
         <field name="name">es40600</field>
         <field name="description">6. Gastos de personal</field>
         <field name="expression">-balp[64%]</field>
         <field name="auto_expand_accounts">True</field>
         <field name="auto_expand_accounts_style_id" ref="l10n_es_mis_report.mis_report_style_l10n_es_l3i"/>
         <field name="style_id" ref="l10n_es_mis_report.mis_report_style_l10n_es_l3"/>
      </record>
      <record id="mis_report_kpi_es_pyg_pymes_40700" model="mis.report.kpi">
         <field name="report_id" ref="mis_report_es_pyg_pymes"/>
         <field name="type">num</field>
         <field name="compare_method">pct</field>
         <field name="sequence">70</field>
         <field name="name">es40700</field>
         <field name="description">7. Otros gastos de explotación </field>
         <field name="expression">-balp[62%,631%,634%,636%,639%,65%,694%,695%,794%,7954%]</field>
         <field name="auto_expand_accounts">True</field>
         <field name="auto_expand_accounts_style_id" ref="l10n_es_mis_report.mis_report_style_l10n_es_l3i"/>
         <field name="style_id" ref="l10n_es_mis_report.mis_report_style_l10n_es_l3"/>
      </record>
      <record id="mis_report_kpi_es_pyg_pymes_40800" model="mis.report.kpi">
         <field name="report_id" ref="mis_report_es_pyg_pymes"/>
         <field name="type">num</field>
         <field name="compare_method">pct</field>
         <field name="sequence">80</field>
         <field name="name">es40800</field>
         <field name="description">8. Amortización del inmovilizado</field>
         <field name="expression">-balp[68%]</field>
         <field name="auto_expand_accounts">True</field>
         <field name="auto_expand_accounts_style_id" ref="l10n_es_mis_report.mis_report_style_l10n_es_l3i"/>
         <field name="style_id" ref="l10n_es_mis_report.mis_report_style_l10n_es_l3"/>
      </record>
      <record id="mis_report_kpi_es_pyg_pymes_40900" model="mis.report.kpi">
         <field name="report_id" ref="mis_report_es_pyg_pymes"/>
         <field name="type">num</field>
         <field name="compare_method">pct</field>
         <field name="sequence">90</field>
         <field name="name">es40900</field>
         <field name="description">9. Imputación de subvenciones de inmovilizado no financiero y otras</field>
         <field name="expression">-balp[746%]</field>
         <field name="auto_expand_accounts">True</field>
         <field name="auto_expand_accounts_style_id" ref="l10n_es_mis_report.mis_report_style_l10n_es_l3i"/>
         <field name="style_id" ref="l10n_es_mis_report.mis_report_style_l10n_es_l3"/>
      </record>
      <record id="mis_report_kpi_es_pyg_pymes_41000" model="mis.report.kpi">
         <field name="report_id" ref="mis_report_es_pyg_pymes"/>
         <field name="type">num</field>
         <field name="compare_method">pct</field>
         <field name="sequence">100</field>
         <field name="name">es41000</field>
         <field name="description">10. Excesos de provisiones</field>
         <field name="expression">-balp[7951%,7952%,7955%]</field>
         <field name="auto_expand_accounts">True</field>
         <field name="auto_expand_accounts_style_id" ref="l10n_es_mis_report.mis_report_style_l10n_es_l3i"/>
         <field name="style_id" ref="l10n_es_mis_report.mis_report_style_l10n_es_l3"/>
      </record>
      <record id="mis_report_kpi_es_pyg_pymes_41100" model="mis.report.kpi">
         <field name="report_id" ref="mis_report_es_pyg_pymes"/>
         <field name="type">num</field>
         <field name="compare_method">pct</field>
         <field name="sequence">110</field>
         <field name="name">es41100</field>
         <field name="description">11. Deterioro y resultado por enajenaciones del inmovilizado</field>
         <field name="expression">-balp[670%,671%,672%,690%,691%,692%,770%,771%,772%,790%,791%,792%]</field>
         <field name="auto_expand_accounts">True</field>
         <field name="auto_expand_accounts_style_id" ref="l10n_es_mis_report.mis_report_style_l10n_es_l3i"/>
         <field name="style_id" ref="l10n_es_mis_report.mis_report_style_l10n_es_l3"/>
      </record>
      <record id="mis_report_kpi_es_pyg_pymes_41300" model="mis.report.kpi">
         <field name="report_id" ref="mis_report_es_pyg_pymes"/>
         <field name="type">num</field>
         <field name="compare_method">pct</field>
         <field name="sequence">120</field>
         <field name="name">es41300</field>
         <field name="description">12. Otros resultados</field>
         <field name="expression">-balp[678%,778%]</field>
         <field name="auto_expand_accounts">True</field>
         <field name="auto_expand_accounts_style_id" ref="l10n_es_mis_report.mis_report_style_l10n_es_l3i"/>
         <field name="style_id" ref="l10n_es_mis_report.mis_report_style_l10n_es_l3"/>
      </record>
      <record id="mis_report_kpi_es_pyg_pymes_49100" model="mis.report.kpi">
         <field name="report_id" ref="mis_report_es_pyg_pymes"/>
         <field name="type">num</field>
         <field name="compare_method">pct</field>
         <field name="sequence">130</field>
         <field name="name">es49100</field>
         <field name="description">A) RESULTADO DE EXPLOTACIÓN (1 + 2 + 3 + 4 + 5 + 6 + 7 + 8 + 9 + 10 + 11 + 12)</field>
         <field name="expression">+es40100+es40200+es40300+es40400+es40500+es40600+es40700+es40800+es40900+es41000+es41100+es41300</field>
         <field name="auto_expand_accounts">True</field>
         <field name="auto_expand_accounts_style_id" ref="l10n_es_mis_report.mis_report_style_l10n_es_l1i"/>
         <field name="style_id" ref="l10n_es_mis_report.mis_report_style_l10n_es_l1"/>
      </record>
      <record id="mis_report_kpi_es_pyg_pymes_41400" model="mis.report.kpi">
         <field name="report_id" ref="mis_report_es_pyg_pymes"/>
         <field name="type">num</field>
         <field name="compare_method">pct</field>
         <field name="sequence">140</field>
         <field name="name">es41400</field>
         <field name="description">13. Ingresos financieros</field>
         <field name="style_id" ref="l10n_es_mis_report.mis_report_style_l10n_es_l3"/>
         <field name="expression"> +es41430 +es41490</field>
      </record>
      <record id="mis_report_kpi_es_pyg_pymes_41430" model="mis.report.kpi">
         <field name="report_id" ref="mis_report_es_pyg_pymes"/>
         <field name="type">num</field>
         <field name="compare_method">pct</field>
         <field name="sequence">150</field>
         <field name="name">es41430</field>
         <field name="description">a) Imputación de subvenciones, donaciones y legados de carácter financiero</field>
         <field name="expression">-balp[746%]</field>
         <field name="auto_expand_accounts">True</field>
         <field name="auto_expand_accounts_style_id" ref="l10n_es_mis_report.mis_report_style_l10n_es_l5i"/>
         <field name="style_id" ref="l10n_es_mis_report.mis_report_style_l10n_es_l5"/>
      </record>
      <record id="mis_report_kpi_es_pyg_pymes_41490" model="mis.report.kpi">
         <field name="report_id" ref="mis_report_es_pyg_pymes"/>
         <field name="type">num</field>
         <field name="compare_method">pct</field>
         <field name="sequence">160</field>
         <field name="name">es41490</field>
         <field name="description">b) Otros ingresos financieros</field>
         <field name="expression">-balp[760%,761%,762%,769%]</field>
         <field name="auto_expand_accounts">True</field>
         <field name="auto_expand_accounts_style_id" ref="l10n_es_mis_report.mis_report_style_l10n_es_l5i"/>
         <field name="style_id" ref="l10n_es_mis_report.mis_report_style_l10n_es_l5"/>
      </record>
      <record id="mis_report_kpi_es_pyg_pymes_41500" model="mis.report.kpi">
         <field name="report_id" ref="mis_report_es_pyg_pymes"/>
         <field name="type">num</field>
         <field name="compare_method">pct</field>
         <field name="sequence">170</field>
         <field name="name">es41500</field>
         <field name="description">14. Gastos financieros</field>
         <field name="expression">-balp[660%,661%,662%,664%,665%,669%]</field>
         <field name="auto_expand_accounts">True</field>
         <field name="auto_expand_accounts_style_id" ref="l10n_es_mis_report.mis_report_style_l10n_es_l3i"/>
         <field name="style_id" ref="l10n_es_mis_report.mis_report_style_l10n_es_l3"/>
      </record>
      <record id="mis_report_kpi_es_pyg_pymes_41600" model="mis.report.kpi">
         <field name="report_id" ref="mis_report_es_pyg_pymes"/>
         <field name="type">num</field>
         <field name="compare_method">pct</field>
         <field name="sequence">180</field>
         <field name="name">es41600</field>
         <field name="description">15. Variación de valor razonable en instrumentos financieros</field>
         <field name="expression">-balp[663%,763%]</field>
         <field name="auto_expand_accounts">True</field>
         <field name="auto_expand_accounts_style_id" ref="l10n_es_mis_report.mis_report_style_l10n_es_l3i"/>
         <field name="style_id" ref="l10n_es_mis_report.mis_report_style_l10n_es_l3"/>
      </record>
      <record id="mis_report_kpi_es_pyg_pymes_41700" model="mis.report.kpi">
         <field name="report_id" ref="mis_report_es_pyg_pymes"/>
         <field name="type">num</field>
         <field name="compare_method">pct</field>
         <field name="sequence">190</field>
         <field name="name">es41700</field>
         <field name="description">16. Diferencias de cambio</field>
         <field name="expression">-balp[668%,768%]</field>
         <field name="auto_expand_accounts">True</field>
         <field name="auto_expand_accounts_style_id" ref="l10n_es_mis_report.mis_report_style_l10n_es_l3i"/>
         <field name="style_id" ref="l10n_es_mis_report.mis_report_style_l10n_es_l3"/>
      </record>
      <record id="mis_report_kpi_es_pyg_pymes_41800" model="mis.report.kpi">
         <field name="report_id" ref="mis_report_es_pyg_pymes"/>
         <field name="type">num</field>
         <field name="compare_method">pct</field>
         <field name="sequence">200</field>
         <field name="name">es41800</field>
         <field name="description">17. Deterioro y resultado por enajenaciones de instrumentos financieros</field>
         <field name="expression">-balp[666%,667%,673%,675%,696%,697%,698%,699%,766%,773%,775%,796%,797%,798%,799%]</field>
         <field name="auto_expand_accounts">True</field>
         <field name="auto_expand_accounts_style_id" ref="l10n_es_mis_report.mis_report_style_l10n_es_l3i"/>
         <field name="style_id" ref="l10n_es_mis_report.mis_report_style_l10n_es_l3"/>
      </record>
      <record id="mis_report_kpi_es_pyg_pymes_49200" model="mis.report.kpi">
         <field name="report_id" ref="mis_report_es_pyg_pymes"/>
         <field name="type">num</field>
         <field name="compare_method">pct</field>
         <field name="sequence">210</field>
         <field name="name">es49200</field>
         <field name="description">B) RESULTADO FINANCIERO (13 + 14 + 15 + 16 + 17)</field>
         <field name="expression">+es41400+es41500+es41600+es41700+es41800</field>
         <field name="auto_expand_accounts">True</field>
         <field name="auto_expand_accounts_style_id" ref="l10n_es_mis_report.mis_report_style_l10n_es_l1i"/>
         <field name="style_id" ref="l10n_es_mis_report.mis_report_style_l10n_es_l1"/>
      </record>
      <record id="mis_report_kpi_es_pyg_pymes_49300" model="mis.report.kpi">
         <field name="report_id" ref="mis_report_es_pyg_pymes"/>
         <field name="type">num</field>
         <field name="compare_method">pct</field>
         <field name="sequence">220</field>
         <field name="name">es49300</field>
         <field name="description">C) RESULTADO ANTES DE IMPUESTOS (A + B)</field>
         <field name="expression">+es49100+es49200</field>
         <field name="auto_expand_accounts">True</field>
         <field name="auto_expand_accounts_style_id" ref="l10n_es_mis_report.mis_report_style_l10n_es_l1i"/>
         <field name="style_id" ref="l10n_es_mis_report.mis_report_style_l10n_es_l1"/>
      </record>
      <record id="mis_report_kpi_es_pyg_pymes_41900" model="mis.report.kpi">
         <field name="report_id" ref="mis_report_es_pyg_pymes"/>
         <field name="type">num</field>
         <field name="compare_method">pct</field>
         <field name="sequence">230</field>
         <field name="name">es41900</field>
         <field name="description">18. Impuestos sobre beneficios</field>
         <field name="expression">-balp[6300%,6301%,633%,638%]</field>
         <field name="auto_expand_accounts">True</field>
         <field name="auto_expand_accounts_style_id" ref="l10n_es_mis_report.mis_report_style_l10n_es_l3i"/>
         <field name="style_id" ref="l10n_es_mis_report.mis_report_style_l10n_es_l3"/>
      </record>
      <record id="mis_report_kpi_es_pyg_pymes_49500" model="mis.report.kpi">
         <field name="report_id" ref="mis_report_es_pyg_pymes"/>
         <field name="type">num</field>
         <field name="compare_method">pct</field>
         <field name="sequence">240</field>
         <field name="name">es49500</field>
         <field name="description">D) RESULTADO DEL EJERCICIO (C + 18)</field>
         <field name="expression">+es49300+es41900</field>
         <field name="auto_expand_accounts">True</field>
         <field name="auto_expand_accounts_style_id" ref="l10n_es_mis_report.mis_report_style_l10n_es_l1i"/>
         <field name="style_id" ref="l10n_es_mis_report.mis_report_style_l10n_es_l1"/>
      </record>
   </data>
</odoo>
