<?xml version="1.0" encoding="utf-8"?>
<odoo>
   <data>
      <record id="mis_report_es_balance_pymes" model="mis.report">
         <field name="name">Balance PYMEs (PGCE 2008)</field>
         <field name="style_id" ref="l10n_es_mis_report.mis_report_style_l10n_es_base"/>
      </record>
      <record id="mis_report_kpi_es_balance_pymes_11000" model="mis.report.kpi">
         <field name="report_id" ref="mis_report_es_balance_pymes"/>
         <field name="type">num</field>
         <field name="compare_method">pct</field>
         <field name="sequence">10</field>
         <field name="name">es11000</field>
         <field name="description">A) ACTIVO NO CORRIENTE</field>
         <field name="style_id" ref="l10n_es_mis_report.mis_report_style_l10n_es_l1"/>
         <field name="expression"> +es11100 +es11200 +es11300 +es11400 +es11500 +es11600 +es11700</field>
      </record>
      <record id="mis_report_kpi_es_balance_pymes_11100" model="mis.report.kpi">
         <field name="report_id" ref="mis_report_es_balance_pymes"/>
         <field name="type">num</field>
         <field name="compare_method">pct</field>
         <field name="sequence">20</field>
         <field name="name">es11100</field>
         <field name="description">I. Inmovilizado intangible</field>
         <field name="expression">+bale[20%,280%,290%]</field>
         <field name="auto_expand_accounts">True</field>
         <field name="auto_expand_accounts_style_id" ref="l10n_es_mis_report.mis_report_style_l10n_es_l3i"/>
         <field name="style_id" ref="l10n_es_mis_report.mis_report_style_l10n_es_l3"/>
      </record>
      <record id="mis_report_kpi_es_balance_pymes_11200" model="mis.report.kpi">
         <field name="report_id" ref="mis_report_es_balance_pymes"/>
         <field name="type">num</field>
         <field name="compare_method">pct</field>
         <field name="sequence">30</field>
         <field name="name">es11200</field>
         <field name="description">II. Inmovilizado material</field>
         <field name="expression">+bale[21%,281%,291%,23%]</field>
         <field name="auto_expand_accounts">True</field>
         <field name="auto_expand_accounts_style_id" ref="l10n_es_mis_report.mis_report_style_l10n_es_l3i"/>
         <field name="style_id" ref="l10n_es_mis_report.mis_report_style_l10n_es_l3"/>
      </record>
      <record id="mis_report_kpi_es_balance_pymes_11300" model="mis.report.kpi">
         <field name="report_id" ref="mis_report_es_balance_pymes"/>
         <field name="type">num</field>
         <field name="compare_method">pct</field>
         <field name="sequence">40</field>
         <field name="name">es11300</field>
         <field name="description">III. Inversiones inmobiliarias</field>
         <field name="expression">+bale[22%,282%,292%]</field>
         <field name="auto_expand_accounts">True</field>
         <field name="auto_expand_accounts_style_id" ref="l10n_es_mis_report.mis_report_style_l10n_es_l3i"/>
         <field name="style_id" ref="l10n_es_mis_report.mis_report_style_l10n_es_l3"/>
      </record>
      <record id="mis_report_kpi_es_balance_pymes_11400" model="mis.report.kpi">
         <field name="report_id" ref="mis_report_es_balance_pymes"/>
         <field name="type">num</field>
         <field name="compare_method">pct</field>
         <field name="sequence">50</field>
         <field name="name">es11400</field>
         <field name="description">IV. Inversiones en empresas del grupo y asociadas a largo plazo</field>
         <field name="expression">+bale[2403%,2404%,2413%,2414%,2423%,2424%,2493%,2494%,2933%,2934%,2943%,2944%,2953%,2954%]</field>
         <field name="auto_expand_accounts">True</field>
         <field name="auto_expand_accounts_style_id" ref="l10n_es_mis_report.mis_report_style_l10n_es_l3i"/>
         <field name="style_id" ref="l10n_es_mis_report.mis_report_style_l10n_es_l3"/>
      </record>
      <record id="mis_report_kpi_es_balance_pymes_11500" model="mis.report.kpi">
         <field name="report_id" ref="mis_report_es_balance_pymes"/>
         <field name="type">num</field>
         <field name="compare_method">pct</field>
         <field name="sequence">60</field>
         <field name="name">es11500</field>
         <field name="description">V. Inversiones financieras a largo plazo</field>
         <field name="expression">+bale[2405%,2415%,2425%,2495%,250%,251%,252%,253%,254%,255%,258%,259%,26%,2935%,2945%,2955%,296%,297%,298%]</field>
         <field name="auto_expand_accounts">True</field>
         <field name="auto_expand_accounts_style_id" ref="l10n_es_mis_report.mis_report_style_l10n_es_l3i"/>
         <field name="style_id" ref="l10n_es_mis_report.mis_report_style_l10n_es_l3"/>
      </record>
      <record id="mis_report_kpi_es_balance_pymes_11600" model="mis.report.kpi">
         <field name="report_id" ref="mis_report_es_balance_pymes"/>
         <field name="type">num</field>
         <field name="compare_method">pct</field>
         <field name="sequence">70</field>
         <field name="name">es11600</field>
         <field name="description">VI. Activos por impuesto diferido</field>
         <field name="expression">+bale[474%]</field>
         <field name="auto_expand_accounts">True</field>
         <field name="auto_expand_accounts_style_id" ref="l10n_es_mis_report.mis_report_style_l10n_es_l3i"/>
         <field name="style_id" ref="l10n_es_mis_report.mis_report_style_l10n_es_l3"/>
      </record>
      <record id="mis_report_kpi_es_balance_pymes_11700" model="mis.report.kpi">
         <field name="report_id" ref="mis_report_es_balance_pymes"/>
         <field name="type">num</field>
         <field name="compare_method">pct</field>
         <field name="sequence">80</field>
         <field name="name">es11700</field>
         <field name="description">VII. Deudores comerciales no corrientes</field>
         <field name="expression">+bale[11700%]</field>
         <field name="auto_expand_accounts">True</field>
         <field name="auto_expand_accounts_style_id" ref="l10n_es_mis_report.mis_report_style_l10n_es_l3i"/>
         <field name="style_id" ref="l10n_es_mis_report.mis_report_style_l10n_es_l3"/>
      </record>
      <record id="mis_report_kpi_es_balance_pymes_12000" model="mis.report.kpi">
         <field name="report_id" ref="mis_report_es_balance_pymes"/>
         <field name="type">num</field>
         <field name="compare_method">pct</field>
         <field name="sequence">90</field>
         <field name="name">es12000</field>
         <field name="description">B) ACTIVO CORRIENTE</field>
         <field name="style_id" ref="l10n_es_mis_report.mis_report_style_l10n_es_l1"/>
         <field name="expression"> +es12200 +es12300 +es12400 +es12500 +es12600 +es12700</field>
      </record>
      <record id="mis_report_kpi_es_balance_pymes_12200" model="mis.report.kpi">
         <field name="report_id" ref="mis_report_es_balance_pymes"/>
         <field name="type">num</field>
         <field name="compare_method">pct</field>
         <field name="sequence">100</field>
         <field name="name">es12200</field>
         <field name="description">I. Existencias</field>
         <field name="expression">+bale[30%,31%,32%,33%,34%,35%,36%,39%,407%]</field>
         <field name="auto_expand_accounts">True</field>
         <field name="auto_expand_accounts_style_id" ref="l10n_es_mis_report.mis_report_style_l10n_es_l3i"/>
         <field name="style_id" ref="l10n_es_mis_report.mis_report_style_l10n_es_l3"/>
      </record>
      <record id="mis_report_kpi_es_balance_pymes_12300" model="mis.report.kpi">
         <field name="report_id" ref="mis_report_es_balance_pymes"/>
         <field name="type">num</field>
         <field name="compare_method">pct</field>
         <field name="sequence">110</field>
         <field name="name">es12300</field>
         <field name="description">II. Deudores comerciales y otras cuentas a cobrar</field>
         <field name="style_id" ref="l10n_es_mis_report.mis_report_style_l10n_es_l3"/>
         <field name="expression"> +es12380 +es12370 +es12390</field>
      </record>
      <record id="mis_report_kpi_es_balance_pymes_12380" model="mis.report.kpi">
         <field name="report_id" ref="mis_report_es_balance_pymes"/>
         <field name="type">num</field>
         <field name="compare_method">pct</field>
         <field name="sequence">120</field>
         <field name="name">es12380</field>
         <field name="description">1. Clientes por ventas y prestaciones de servicios</field>
         <field name="expression">+bale[430%,431%,432%,433%,434%,435%,436%,437%,490%,493%] +es12381 +es12382</field>
         <field name="auto_expand_accounts">True</field>
         <field name="auto_expand_accounts_style_id" ref="l10n_es_mis_report.mis_report_style_l10n_es_l4i"/>
         <field name="style_id" ref="l10n_es_mis_report.mis_report_style_l10n_es_l4"/>
      </record>
      <record id="mis_report_kpi_es_balance_pymes_12381" model="mis.report.kpi">
         <field name="report_id" ref="mis_report_es_balance_pymes"/>
         <field name="type">num</field>
         <field name="compare_method">pct</field>
         <field name="sequence">130</field>
         <field name="name">es12381</field>
         <field name="description">a) Clientes por ventas y prestaciones de servicios a largo plazo</field>
         <field name="style_id" ref="l10n_es_mis_report.mis_report_style_l10n_es_l5"/>
      </record>
      <record id="mis_report_kpi_es_balance_pymes_12382" model="mis.report.kpi">
         <field name="report_id" ref="mis_report_es_balance_pymes"/>
         <field name="type">num</field>
         <field name="compare_method">pct</field>
         <field name="sequence">140</field>
         <field name="name">es12382</field>
         <field name="description">b) Clientes por ventas y prestaciones de servicios a corto plazo</field>
         <field name="style_id" ref="l10n_es_mis_report.mis_report_style_l10n_es_l5"/>
      </record>
      <record id="mis_report_kpi_es_balance_pymes_12370" model="mis.report.kpi">
         <field name="report_id" ref="mis_report_es_balance_pymes"/>
         <field name="type">num</field>
         <field name="compare_method">pct</field>
         <field name="sequence">150</field>
         <field name="name">es12370</field>
         <field name="description">2. Accionistas (socios) por desembolsos exigidos</field>
         <field name="expression">+bale[5580%]</field>
         <field name="auto_expand_accounts">True</field>
         <field name="auto_expand_accounts_style_id" ref="l10n_es_mis_report.mis_report_style_l10n_es_l4i"/>
         <field name="style_id" ref="l10n_es_mis_report.mis_report_style_l10n_es_l4"/>
      </record>
      <record id="mis_report_kpi_es_balance_pymes_12390" model="mis.report.kpi">
         <field name="report_id" ref="mis_report_es_balance_pymes"/>
         <field name="type">num</field>
         <field name="compare_method">pct</field>
         <field name="sequence">160</field>
         <field name="name">es12390</field>
         <field name="description">3. Otros deudores</field>
         <field name="expression">+bale[44%,460%,470%,471%,472%,473%,544%]</field>
         <field name="auto_expand_accounts">True</field>
         <field name="auto_expand_accounts_style_id" ref="l10n_es_mis_report.mis_report_style_l10n_es_l4i"/>
         <field name="style_id" ref="l10n_es_mis_report.mis_report_style_l10n_es_l4"/>
      </record>
      <record id="mis_report_kpi_es_balance_pymes_12400" model="mis.report.kpi">
         <field name="report_id" ref="mis_report_es_balance_pymes"/>
         <field name="type">num</field>
         <field name="compare_method">pct</field>
         <field name="sequence">170</field>
         <field name="name">es12400</field>
         <field name="description">III. Inversiones en empresas del grupo y asociadas a corto plazo</field>
         <field name="expression">+bale[5303%,5304%,5313%,5314%,5323%,5324%,5333%,5334%,5343%,5344%,5353%,5354%,5393%,5394%,5933%,5934%,5943%,5944%,5953%,5954%] + pbale[5523%] + pbale[5524%]</field>
         <field name="auto_expand_accounts">True</field>
         <field name="auto_expand_accounts_style_id" ref="l10n_es_mis_report.mis_report_style_l10n_es_l3i"/>
         <field name="style_id" ref="l10n_es_mis_report.mis_report_style_l10n_es_l3"/>
      </record>
      <record id="mis_report_kpi_es_balance_pymes_12500" model="mis.report.kpi">
         <field name="report_id" ref="mis_report_es_balance_pymes"/>
         <field name="type">num</field>
         <field name="compare_method">pct</field>
         <field name="sequence">180</field>
         <field name="name">es12500</field>
         <field name="description">IV. Inversiones financieras a corto plazo</field>
         <field name="expression">+bale[5305%,5315%,5325%,5335%,5345%,5355%,5395%,540%,541%,542%,543%,545%,546%,547%,548%,549%,5590%,565%,566%,5935%,5945%,5955%,596%,597%,598%] + pbale[550%] + pbale[551%] + pbale[554%] + pbale[5525%]</field>
         <field name="auto_expand_accounts">True</field>
         <field name="auto_expand_accounts_style_id" ref="l10n_es_mis_report.mis_report_style_l10n_es_l3i"/>
         <field name="style_id" ref="l10n_es_mis_report.mis_report_style_l10n_es_l3"/>
      </record>
      <record id="mis_report_kpi_es_balance_pymes_12600" model="mis.report.kpi">
         <field name="report_id" ref="mis_report_es_balance_pymes"/>
         <field name="type">num</field>
         <field name="compare_method">pct</field>
         <field name="sequence">190</field>
         <field name="name">es12600</field>
         <field name="description">V. Periodificaciones a corto plazo</field>
         <field name="expression">+bale[480%,567%]</field>
         <field name="auto_expand_accounts">True</field>
         <field name="auto_expand_accounts_style_id" ref="l10n_es_mis_report.mis_report_style_l10n_es_l3i"/>
         <field name="style_id" ref="l10n_es_mis_report.mis_report_style_l10n_es_l3"/>
      </record>
      <record id="mis_report_kpi_es_balance_pymes_12700" model="mis.report.kpi">
         <field name="report_id" ref="mis_report_es_balance_pymes"/>
         <field name="type">num</field>
         <field name="compare_method">pct</field>
         <field name="sequence">200</field>
         <field name="name">es12700</field>
         <field name="description">VI. Efectivo y otros activos líquidos equivalentes</field>
         <field name="expression">+bale[57%]</field>
         <field name="auto_expand_accounts">True</field>
         <field name="auto_expand_accounts_style_id" ref="l10n_es_mis_report.mis_report_style_l10n_es_l3i"/>
         <field name="style_id" ref="l10n_es_mis_report.mis_report_style_l10n_es_l3"/>
      </record>
      <record id="mis_report_kpi_es_balance_pymes_10000" model="mis.report.kpi">
         <field name="report_id" ref="mis_report_es_balance_pymes"/>
         <field name="type">num</field>
         <field name="compare_method">pct</field>
         <field name="sequence">210</field>
         <field name="name">es10000</field>
         <field name="description">TOTAL ACTIVO (A + B)</field>
         <field name="expression">+es11000+es12000</field>
         <field name="auto_expand_accounts">True</field>
         <field name="auto_expand_accounts_style_id" ref="l10n_es_mis_report.mis_report_style_l10n_es_l1i"/>
         <field name="style_id" ref="l10n_es_mis_report.mis_report_style_l10n_es_l1"/>
      </record>
      <record id="mis_report_kpi_es_balance_pymes_20000" model="mis.report.kpi">
         <field name="report_id" ref="mis_report_es_balance_pymes"/>
         <field name="type">num</field>
         <field name="compare_method">pct</field>
         <field name="sequence">220</field>
         <field name="name">es20000</field>
         <field name="description">A) PATRIMONIO NETO</field>
         <field name="style_id" ref="l10n_es_mis_report.mis_report_style_l10n_es_l1"/>
         <field name="expression"> +es21000 +es22000 +es23000</field>
      </record>
      <record id="mis_report_kpi_es_balance_pymes_21000" model="mis.report.kpi">
         <field name="report_id" ref="mis_report_es_balance_pymes"/>
         <field name="type">num</field>
         <field name="compare_method">pct</field>
         <field name="sequence">230</field>
         <field name="name">es21000</field>
         <field name="description">A-1) Fondos propios</field>
         <field name="style_id" ref="l10n_es_mis_report.mis_report_style_l10n_es_l2"/>
         <field name="expression"> +es21100 +es21200 +es21300 +es21400 +es21500 +es21600 +es21700 +es21800</field>
      </record>
      <record id="mis_report_kpi_es_balance_pymes_21100" model="mis.report.kpi">
         <field name="report_id" ref="mis_report_es_balance_pymes"/>
         <field name="type">num</field>
         <field name="compare_method">pct</field>
         <field name="sequence">240</field>
         <field name="name">es21100</field>
         <field name="description">I. Capital</field>
         <field name="style_id" ref="l10n_es_mis_report.mis_report_style_l10n_es_l3"/>
         <field name="expression"> +es21110 +es21120</field>
      </record>
      <record id="mis_report_kpi_es_balance_pymes_21110" model="mis.report.kpi">
         <field name="report_id" ref="mis_report_es_balance_pymes"/>
         <field name="type">num</field>
         <field name="compare_method">pct</field>
         <field name="sequence">250</field>
         <field name="name">es21110</field>
         <field name="description">1. Capital escriturado</field>
         <field name="expression">-bale[100%,101%,102%]</field>
         <field name="auto_expand_accounts">True</field>
         <field name="auto_expand_accounts_style_id" ref="l10n_es_mis_report.mis_report_style_l10n_es_l4i"/>
         <field name="style_id" ref="l10n_es_mis_report.mis_report_style_l10n_es_l4"/>
      </record>
      <record id="mis_report_kpi_es_balance_pymes_21120" model="mis.report.kpi">
         <field name="report_id" ref="mis_report_es_balance_pymes"/>
         <field name="type">num</field>
         <field name="compare_method">pct</field>
         <field name="sequence">260</field>
         <field name="name">es21120</field>
         <field name="description">2. (Capital no exigido)</field>
         <field name="expression">-bale[1030%,1040%]</field>
         <field name="auto_expand_accounts">True</field>
         <field name="auto_expand_accounts_style_id" ref="l10n_es_mis_report.mis_report_style_l10n_es_l4i"/>
         <field name="style_id" ref="l10n_es_mis_report.mis_report_style_l10n_es_l4"/>
      </record>
      <record id="mis_report_kpi_es_balance_pymes_21200" model="mis.report.kpi">
         <field name="report_id" ref="mis_report_es_balance_pymes"/>
         <field name="type">num</field>
         <field name="compare_method">pct</field>
         <field name="sequence">270</field>
         <field name="name">es21200</field>
         <field name="description">II. Prima de emisión</field>
         <field name="expression">-bale[110%]</field>
         <field name="auto_expand_accounts">True</field>
         <field name="auto_expand_accounts_style_id" ref="l10n_es_mis_report.mis_report_style_l10n_es_l3i"/>
         <field name="style_id" ref="l10n_es_mis_report.mis_report_style_l10n_es_l3"/>
      </record>
      <record id="mis_report_kpi_es_balance_pymes_21300" model="mis.report.kpi">
         <field name="report_id" ref="mis_report_es_balance_pymes"/>
         <field name="type">num</field>
         <field name="compare_method">pct</field>
         <field name="sequence">280</field>
         <field name="name">es21300</field>
         <field name="description">III. Reservas</field>
         <field name="expression">-bale[112%,113%,114%,119%]</field>
         <field name="auto_expand_accounts">True</field>
         <field name="auto_expand_accounts_style_id" ref="l10n_es_mis_report.mis_report_style_l10n_es_l3i"/>
         <field name="style_id" ref="l10n_es_mis_report.mis_report_style_l10n_es_l3"/>
      </record>
      <record id="mis_report_kpi_es_balance_pymes_21400" model="mis.report.kpi">
         <field name="report_id" ref="mis_report_es_balance_pymes"/>
         <field name="type">num</field>
         <field name="compare_method">pct</field>
         <field name="sequence">290</field>
         <field name="name">es21400</field>
         <field name="description">IV. (Acciones y participaciones en patrimonio propias)</field>
         <field name="expression">-bale[108%,109%]</field>
         <field name="auto_expand_accounts">True</field>
         <field name="auto_expand_accounts_style_id" ref="l10n_es_mis_report.mis_report_style_l10n_es_l3i"/>
         <field name="style_id" ref="l10n_es_mis_report.mis_report_style_l10n_es_l3"/>
      </record>
      <record id="mis_report_kpi_es_balance_pymes_21500" model="mis.report.kpi">
         <field name="report_id" ref="mis_report_es_balance_pymes"/>
         <field name="type">num</field>
         <field name="compare_method">pct</field>
         <field name="sequence">300</field>
         <field name="name">es21500</field>
         <field name="description">V. Resultados de ejercicios anteriores</field>
         <field name="expression">-bale[120%,121%]</field>
         <field name="auto_expand_accounts">True</field>
         <field name="auto_expand_accounts_style_id" ref="l10n_es_mis_report.mis_report_style_l10n_es_l3i"/>
         <field name="style_id" ref="l10n_es_mis_report.mis_report_style_l10n_es_l3"/>
      </record>
      <record id="mis_report_kpi_es_balance_pymes_21600" model="mis.report.kpi">
         <field name="report_id" ref="mis_report_es_balance_pymes"/>
         <field name="type">num</field>
         <field name="compare_method">pct</field>
         <field name="sequence">310</field>
         <field name="name">es21600</field>
         <field name="description">VI. Otras aportaciones de socios</field>
         <field name="expression">-bale[118%]</field>
         <field name="auto_expand_accounts">True</field>
         <field name="auto_expand_accounts_style_id" ref="l10n_es_mis_report.mis_report_style_l10n_es_l3i"/>
         <field name="style_id" ref="l10n_es_mis_report.mis_report_style_l10n_es_l3"/>
      </record>
      <record id="mis_report_kpi_es_balance_pymes_21700" model="mis.report.kpi">
         <field name="report_id" ref="mis_report_es_balance_pymes"/>
         <field name="type">num</field>
         <field name="compare_method">pct</field>
         <field name="sequence">320</field>
         <field name="name">es21700</field>
         <field name="description">VII. Resultado del ejercicio</field>
         <field name="expression">-bale[129%,6%,7%]-balu[6%,7%]</field>
         <field name="auto_expand_accounts">False</field>
         <field name="style_id" ref="l10n_es_mis_report.mis_report_style_l10n_es_l3"/>
      </record>
      <record id="mis_report_kpi_es_balance_pymes_21800" model="mis.report.kpi">
         <field name="report_id" ref="mis_report_es_balance_pymes"/>
         <field name="type">num</field>
         <field name="compare_method">pct</field>
         <field name="sequence">330</field>
         <field name="name">es21800</field>
         <field name="description">VIII. (Dividendo a cuenta)</field>
         <field name="expression">-bale[557%]</field>
         <field name="auto_expand_accounts">True</field>
         <field name="auto_expand_accounts_style_id" ref="l10n_es_mis_report.mis_report_style_l10n_es_l3i"/>
         <field name="style_id" ref="l10n_es_mis_report.mis_report_style_l10n_es_l3"/>
      </record>
      <record id="mis_report_kpi_es_balance_pymes_22000" model="mis.report.kpi">
         <field name="report_id" ref="mis_report_es_balance_pymes"/>
         <field name="type">num</field>
         <field name="compare_method">pct</field>
         <field name="sequence">340</field>
         <field name="name">es22000</field>
         <field name="description">A-2) Ajustes en patrimonio neto</field>
         <field name="expression">-bale[137%]</field>
         <field name="auto_expand_accounts">True</field>
         <field name="auto_expand_accounts_style_id" ref="l10n_es_mis_report.mis_report_style_l10n_es_l2i"/>
         <field name="style_id" ref="l10n_es_mis_report.mis_report_style_l10n_es_l2"/>
      </record>
      <record id="mis_report_kpi_es_balance_pymes_23000" model="mis.report.kpi">
         <field name="report_id" ref="mis_report_es_balance_pymes"/>
         <field name="type">num</field>
         <field name="compare_method">pct</field>
         <field name="sequence">350</field>
         <field name="name">es23000</field>
         <field name="description">A-3) Subvenciones, donaciones y legados recibidos</field>
         <field name="expression">-bale[130%,131%,132%]</field>
         <field name="auto_expand_accounts">True</field>
         <field name="auto_expand_accounts_style_id" ref="l10n_es_mis_report.mis_report_style_l10n_es_l2i"/>
         <field name="style_id" ref="l10n_es_mis_report.mis_report_style_l10n_es_l2"/>
      </record>
      <record id="mis_report_kpi_es_balance_pymes_31000" model="mis.report.kpi">
         <field name="report_id" ref="mis_report_es_balance_pymes"/>
         <field name="type">num</field>
         <field name="compare_method">pct</field>
         <field name="sequence">360</field>
         <field name="name">es31000</field>
         <field name="description">B) PASIVO NO CORRIENTE</field>
         <field name="style_id" ref="l10n_es_mis_report.mis_report_style_l10n_es_l1"/>
         <field name="expression"> +es31100 +es31200 +es31300 +es31400 +es31500 +es31600 +es31700</field>
      </record>
      <record id="mis_report_kpi_es_balance_pymes_31100" model="mis.report.kpi">
         <field name="report_id" ref="mis_report_es_balance_pymes"/>
         <field name="type">num</field>
         <field name="compare_method">pct</field>
         <field name="sequence">370</field>
         <field name="name">es31100</field>
         <field name="description">I. Provisiones a largo plazo</field>
         <field name="expression">-bale[14%]</field>
         <field name="auto_expand_accounts">True</field>
         <field name="auto_expand_accounts_style_id" ref="l10n_es_mis_report.mis_report_style_l10n_es_l3i"/>
         <field name="style_id" ref="l10n_es_mis_report.mis_report_style_l10n_es_l3"/>
      </record>
      <record id="mis_report_kpi_es_balance_pymes_31200" model="mis.report.kpi">
         <field name="report_id" ref="mis_report_es_balance_pymes"/>
         <field name="type">num</field>
         <field name="compare_method">pct</field>
         <field name="sequence">380</field>
         <field name="name">es31200</field>
         <field name="description">II. Deudas a largo plazo</field>
         <field name="style_id" ref="l10n_es_mis_report.mis_report_style_l10n_es_l3"/>
         <field name="expression"> +es31220 +es31230 +es31290</field>
      </record>
      <record id="mis_report_kpi_es_balance_pymes_31220" model="mis.report.kpi">
         <field name="report_id" ref="mis_report_es_balance_pymes"/>
         <field name="type">num</field>
         <field name="compare_method">pct</field>
         <field name="sequence">390</field>
         <field name="name">es31220</field>
         <field name="description">1. Deudas con entidades de crédito</field>
         <field name="expression">-bale[1605%,170%]</field>
         <field name="auto_expand_accounts">True</field>
         <field name="auto_expand_accounts_style_id" ref="l10n_es_mis_report.mis_report_style_l10n_es_l4i"/>
         <field name="style_id" ref="l10n_es_mis_report.mis_report_style_l10n_es_l4"/>
      </record>
      <record id="mis_report_kpi_es_balance_pymes_31230" model="mis.report.kpi">
         <field name="report_id" ref="mis_report_es_balance_pymes"/>
         <field name="type">num</field>
         <field name="compare_method">pct</field>
         <field name="sequence">400</field>
         <field name="name">es31230</field>
         <field name="description">2. Acreedores por arrendamiento financiero</field>
         <field name="expression">-bale[1625%,174%]</field>
         <field name="auto_expand_accounts">True</field>
         <field name="auto_expand_accounts_style_id" ref="l10n_es_mis_report.mis_report_style_l10n_es_l4i"/>
         <field name="style_id" ref="l10n_es_mis_report.mis_report_style_l10n_es_l4"/>
      </record>
      <record id="mis_report_kpi_es_balance_pymes_31290" model="mis.report.kpi">
         <field name="report_id" ref="mis_report_es_balance_pymes"/>
         <field name="type">num</field>
         <field name="compare_method">pct</field>
         <field name="sequence">410</field>
         <field name="name">es31290</field>
         <field name="description">3. Otras deudas a largo plazo</field>
         <field name="expression">-bale[1615%,1635%,171%,172%,173%,175%,176%,177%,179%,180%,185%]</field>
         <field name="auto_expand_accounts">True</field>
         <field name="auto_expand_accounts_style_id" ref="l10n_es_mis_report.mis_report_style_l10n_es_l4i"/>
         <field name="style_id" ref="l10n_es_mis_report.mis_report_style_l10n_es_l4"/>
      </record>
      <record id="mis_report_kpi_es_balance_pymes_31300" model="mis.report.kpi">
         <field name="report_id" ref="mis_report_es_balance_pymes"/>
         <field name="type">num</field>
         <field name="compare_method">pct</field>
         <field name="sequence">420</field>
         <field name="name">es31300</field>
         <field name="description">III. Deudas con empresas del grupo y asociadas a largo plazo</field>
         <field name="expression">-bale[1603%,1604%,1613%,1614%,1623%,1624%,1633%,1634%]</field>
         <field name="auto_expand_accounts">True</field>
         <field name="auto_expand_accounts_style_id" ref="l10n_es_mis_report.mis_report_style_l10n_es_l3i"/>
         <field name="style_id" ref="l10n_es_mis_report.mis_report_style_l10n_es_l3"/>
      </record>
      <record id="mis_report_kpi_es_balance_pymes_31400" model="mis.report.kpi">
         <field name="report_id" ref="mis_report_es_balance_pymes"/>
         <field name="type">num</field>
         <field name="compare_method">pct</field>
         <field name="sequence">430</field>
         <field name="name">es31400</field>
         <field name="description">IV. Pasivos por impuesto diferido</field>
         <field name="expression">-bale[479%]</field>
         <field name="auto_expand_accounts">True</field>
         <field name="auto_expand_accounts_style_id" ref="l10n_es_mis_report.mis_report_style_l10n_es_l3i"/>
         <field name="style_id" ref="l10n_es_mis_report.mis_report_style_l10n_es_l3"/>
      </record>
      <record id="mis_report_kpi_es_balance_pymes_31500" model="mis.report.kpi">
         <field name="report_id" ref="mis_report_es_balance_pymes"/>
         <field name="type">num</field>
         <field name="compare_method">pct</field>
         <field name="sequence">440</field>
         <field name="name">es31500</field>
         <field name="description">V. Periodificaciones a largo plazo</field>
         <field name="expression">-bale[181%]</field>
         <field name="auto_expand_accounts">True</field>
         <field name="auto_expand_accounts_style_id" ref="l10n_es_mis_report.mis_report_style_l10n_es_l3i"/>
         <field name="style_id" ref="l10n_es_mis_report.mis_report_style_l10n_es_l3"/>
      </record>
      <record id="mis_report_kpi_es_balance_pymes_31600" model="mis.report.kpi">
         <field name="report_id" ref="mis_report_es_balance_pymes"/>
         <field name="type">num</field>
         <field name="compare_method">pct</field>
         <field name="sequence">450</field>
         <field name="name">es31600</field>
         <field name="description">VI. Acreedores comerciales no corrientes</field>
         <field name="expression">-bale[31600%]</field>
         <field name="auto_expand_accounts">True</field>
         <field name="auto_expand_accounts_style_id" ref="l10n_es_mis_report.mis_report_style_l10n_es_l3i"/>
         <field name="style_id" ref="l10n_es_mis_report.mis_report_style_l10n_es_l3"/>
      </record>
      <record id="mis_report_kpi_es_balance_pymes_31700" model="mis.report.kpi">
         <field name="report_id" ref="mis_report_es_balance_pymes"/>
         <field name="type">num</field>
         <field name="compare_method">pct</field>
         <field name="sequence">460</field>
         <field name="name">es31700</field>
         <field name="description">VII. Deuda con características especiales a largo plazo</field>
         <field name="expression">-bale[15%,5585%]</field>
         <field name="auto_expand_accounts">True</field>
         <field name="auto_expand_accounts_style_id" ref="l10n_es_mis_report.mis_report_style_l10n_es_l3i"/>
         <field name="style_id" ref="l10n_es_mis_report.mis_report_style_l10n_es_l3"/>
      </record>
      <record id="mis_report_kpi_es_balance_pymes_32000" model="mis.report.kpi">
         <field name="report_id" ref="mis_report_es_balance_pymes"/>
         <field name="type">num</field>
         <field name="compare_method">pct</field>
         <field name="sequence">470</field>
         <field name="name">es32000</field>
         <field name="description">C) PASIVO CORRIENTE</field>
         <field name="style_id" ref="l10n_es_mis_report.mis_report_style_l10n_es_l1"/>
         <field name="expression"> +es32200 +es32300 +es32400 +es32500 +es32600 +es32700</field>
      </record>
      <record id="mis_report_kpi_es_balance_pymes_32200" model="mis.report.kpi">
         <field name="report_id" ref="mis_report_es_balance_pymes"/>
         <field name="type">num</field>
         <field name="compare_method">pct</field>
         <field name="sequence">480</field>
         <field name="name">es32200</field>
         <field name="description">I. Provisiones a corto plazo</field>
         <field name="expression">-bale[499%,529%]</field>
         <field name="auto_expand_accounts">True</field>
         <field name="auto_expand_accounts_style_id" ref="l10n_es_mis_report.mis_report_style_l10n_es_l3i"/>
         <field name="style_id" ref="l10n_es_mis_report.mis_report_style_l10n_es_l3"/>
      </record>
      <record id="mis_report_kpi_es_balance_pymes_32300" model="mis.report.kpi">
         <field name="report_id" ref="mis_report_es_balance_pymes"/>
         <field name="type">num</field>
         <field name="compare_method">pct</field>
         <field name="sequence">490</field>
         <field name="name">es32300</field>
         <field name="description">II. Deudas a corto plazo</field>
         <field name="style_id" ref="l10n_es_mis_report.mis_report_style_l10n_es_l3"/>
         <field name="expression"> +es32320 +es32330 +es32390</field>
      </record>
      <record id="mis_report_kpi_es_balance_pymes_32320" model="mis.report.kpi">
         <field name="report_id" ref="mis_report_es_balance_pymes"/>
         <field name="type">num</field>
         <field name="compare_method">pct</field>
         <field name="sequence">500</field>
         <field name="name">es32320</field>
         <field name="description">1. Deudas con entidades de crédito</field>
         <field name="expression">-bale[5105%,520%,527%]</field>
         <field name="auto_expand_accounts">True</field>
         <field name="auto_expand_accounts_style_id" ref="l10n_es_mis_report.mis_report_style_l10n_es_l4i"/>
         <field name="style_id" ref="l10n_es_mis_report.mis_report_style_l10n_es_l4"/>
      </record>
      <record id="mis_report_kpi_es_balance_pymes_32330" model="mis.report.kpi">
         <field name="report_id" ref="mis_report_es_balance_pymes"/>
         <field name="type">num</field>
         <field name="compare_method">pct</field>
         <field name="sequence">510</field>
         <field name="name">es32330</field>
         <field name="description">2. Acreedores por arrendamiento financiero</field>
         <field name="expression">-bale[5125%,524%]</field>
         <field name="auto_expand_accounts">True</field>
         <field name="auto_expand_accounts_style_id" ref="l10n_es_mis_report.mis_report_style_l10n_es_l4i"/>
         <field name="style_id" ref="l10n_es_mis_report.mis_report_style_l10n_es_l4"/>
      </record>
      <record id="mis_report_kpi_es_balance_pymes_32390" model="mis.report.kpi">
         <field name="report_id" ref="mis_report_es_balance_pymes"/>
         <field name="type">num</field>
         <field name="compare_method">pct</field>
         <field name="sequence">520</field>
         <field name="name">es32390</field>
         <field name="description">3. Otras deudas a corto plazo</field>
         <field name="expression">-bale[1034%,1044%,190%,192%,194%,500%,505%,506%,509%,5115%,5135%,5145%,521%,522%,523%,525%,526%,528%,555%,5565%,5566%,5595%,560%,561%] - nbale[550%%] - nbale[551%] - nbale[554%] - nbale[5525%]</field>
         <field name="auto_expand_accounts">True</field>
         <field name="auto_expand_accounts_style_id" ref="l10n_es_mis_report.mis_report_style_l10n_es_l4i"/>
         <field name="style_id" ref="l10n_es_mis_report.mis_report_style_l10n_es_l4"/>
      </record>
      <record id="mis_report_kpi_es_balance_pymes_32400" model="mis.report.kpi">
         <field name="report_id" ref="mis_report_es_balance_pymes"/>
         <field name="type">num</field>
         <field name="compare_method">pct</field>
         <field name="sequence">530</field>
         <field name="name">es32400</field>
         <field name="description">III. Deudas con empresas del grupo y asociadas a corto plazo</field>
         <field name="expression">-bale[5103%,5104%,5113%,5114%,5123%,5124%,5133%,5134%,5143%,5144%,5563%,5564%] - nbale[5523%] - nbale[5524%]</field>
         <field name="auto_expand_accounts">True</field>
         <field name="auto_expand_accounts_style_id" ref="l10n_es_mis_report.mis_report_style_l10n_es_l3i"/>
         <field name="style_id" ref="l10n_es_mis_report.mis_report_style_l10n_es_l3"/>
      </record>
      <record id="mis_report_kpi_es_balance_pymes_32500" model="mis.report.kpi">
         <field name="report_id" ref="mis_report_es_balance_pymes"/>
         <field name="type">num</field>
         <field name="compare_method">pct</field>
         <field name="sequence">540</field>
         <field name="name">es32500</field>
         <field name="description">IV. Acreedores comerciales y otras cuentas a pagar</field>
         <field name="style_id" ref="l10n_es_mis_report.mis_report_style_l10n_es_l3"/>
         <field name="expression"> +es32580 +es32590</field>
      </record>
      <record id="mis_report_kpi_es_balance_pymes_32580" model="mis.report.kpi">
         <field name="report_id" ref="mis_report_es_balance_pymes"/>
         <field name="type">num</field>
         <field name="compare_method">pct</field>
         <field name="sequence">550</field>
         <field name="name">es32580</field>
         <field name="description">1. Proveedores</field>
         <field name="expression">-bale[400%,401%,403%,404%,405%,406%] +es32581 +es32582</field>
         <field name="auto_expand_accounts">True</field>
         <field name="auto_expand_accounts_style_id" ref="l10n_es_mis_report.mis_report_style_l10n_es_l4i"/>
         <field name="style_id" ref="l10n_es_mis_report.mis_report_style_l10n_es_l4"/>
      </record>
      <record id="mis_report_kpi_es_balance_pymes_32581" model="mis.report.kpi">
         <field name="report_id" ref="mis_report_es_balance_pymes"/>
         <field name="type">num</field>
         <field name="compare_method">pct</field>
         <field name="sequence">560</field>
         <field name="name">es32581</field>
         <field name="description">a) Proveedores a largo plazo</field>
         <field name="style_id" ref="l10n_es_mis_report.mis_report_style_l10n_es_l5"/>
      </record>
      <record id="mis_report_kpi_es_balance_pymes_32582" model="mis.report.kpi">
         <field name="report_id" ref="mis_report_es_balance_pymes"/>
         <field name="type">num</field>
         <field name="compare_method">pct</field>
         <field name="sequence">570</field>
         <field name="name">es32582</field>
         <field name="description">b) Proveedores a corto plazo</field>
         <field name="style_id" ref="l10n_es_mis_report.mis_report_style_l10n_es_l5"/>
      </record>
      <record id="mis_report_kpi_es_balance_pymes_32590" model="mis.report.kpi">
         <field name="report_id" ref="mis_report_es_balance_pymes"/>
         <field name="type">num</field>
         <field name="compare_method">pct</field>
         <field name="sequence">580</field>
         <field name="name">es32590</field>
         <field name="description">2. Otros acreedores</field>
         <field name="expression">-bale[41%,438%,465%,475%,476%,477%]</field>
         <field name="auto_expand_accounts">True</field>
         <field name="auto_expand_accounts_style_id" ref="l10n_es_mis_report.mis_report_style_l10n_es_l4i"/>
         <field name="style_id" ref="l10n_es_mis_report.mis_report_style_l10n_es_l4"/>
      </record>
      <record id="mis_report_kpi_es_balance_pymes_32600" model="mis.report.kpi">
         <field name="report_id" ref="mis_report_es_balance_pymes"/>
         <field name="type">num</field>
         <field name="compare_method">pct</field>
         <field name="sequence">590</field>
         <field name="name">es32600</field>
         <field name="description">V. Periodificaciones a corto plazo</field>
         <field name="expression">-bale[485%,568%]</field>
         <field name="auto_expand_accounts">True</field>
         <field name="auto_expand_accounts_style_id" ref="l10n_es_mis_report.mis_report_style_l10n_es_l3i"/>
         <field name="style_id" ref="l10n_es_mis_report.mis_report_style_l10n_es_l3"/>
      </record>
      <record id="mis_report_kpi_es_balance_pymes_32700" model="mis.report.kpi">
         <field name="report_id" ref="mis_report_es_balance_pymes"/>
         <field name="type">num</field>
         <field name="compare_method">pct</field>
         <field name="sequence">600</field>
         <field name="name">es32700</field>
         <field name="description">VI. Deuda con características especiales a corto plazo</field>
         <field name="expression">-bale[195%,197%,199%,502%,507%]</field>
         <field name="auto_expand_accounts">True</field>
         <field name="auto_expand_accounts_style_id" ref="l10n_es_mis_report.mis_report_style_l10n_es_l3i"/>
         <field name="style_id" ref="l10n_es_mis_report.mis_report_style_l10n_es_l3"/>
      </record>
      <record id="mis_report_kpi_es_balance_pymes_30000" model="mis.report.kpi">
         <field name="report_id" ref="mis_report_es_balance_pymes"/>
         <field name="type">num</field>
         <field name="compare_method">pct</field>
         <field name="sequence">610</field>
         <field name="name">es30000</field>
         <field name="description">TOTAL PATRIMONIO NETO Y PASIVO (A + B + C)</field>
         <field name="expression">+es20000+es31000+es32000</field>
         <field name="auto_expand_accounts">True</field>
         <field name="auto_expand_accounts_style_id" ref="l10n_es_mis_report.mis_report_style_l10n_es_l1i"/>
         <field name="style_id" ref="l10n_es_mis_report.mis_report_style_l10n_es_l1"/>
      </record>
   </data>
</odoo>
