<?xml version="1.0" encoding="UTF-8"?>
<!-- Copyright 2018 Javi Melendez <javimelex@gmail.com>
     License AGPL-3.0 or later (http://www.gnu.org/licenses/agpl). -->
<odoo>
    <record id="aeat_sii_tax_agency_spain" model="aeat.sii.tax.agency">
        <field name="name">Agencia Tributaria española (1.1)</field>
        <field name="wsdl_out">https://www2.agenciatributaria.gob.es/static_files/common/internet/dep/aplicaciones/es/aeat/ssii_1_1/fact/ws/SuministroFactEmitidas.wsdl</field>
        <field name="wsdl_in">https://www2.agenciatributaria.gob.es/static_files/common/internet/dep/aplicaciones/es/aeat/ssii_1_1/fact/ws/SuministroFactRecibidas.wsdl</field>
        <field name="wsdl_pi">https://www2.agenciatributaria.gob.es/static_files/common/internet/dep/aplicaciones/es/aeat/ssii_1_1/fact/ws/SuministroBienesInversion.wsdl</field>
        <field name="wsdl_ic">https://www2.agenciatributaria.gob.es/static_files/common/internet/dep/aplicaciones/es/aeat/ssii_1_1/fact/ws/SuministroOpIntracomunitarias.wsdl</field>
        <field name="wsdl_pr">https://www2.agenciatributaria.gob.es/static_files/common/internet/dep/aplicaciones/es/aeat/ssii_1_1/fact/ws/SuministroCobrosEmitidas.wsdl</field>
        <field name="wsdl_ott">https://www2.agenciatributaria.gob.es/static_files/common/internet/dep/aplicaciones/es/aeat/ssii_1_1/fact/ws/SuministroOpTrascendTribu.wsdl</field>
        <field name="wsdl_ps">https://www2.agenciatributaria.gob.es/static_files/common/internet/dep/aplicaciones/es/aeat/ssii_1_1/fact/ws/SuministroPagosRecibidas.wsdl</field>
    </record>

    <record id="aeat_sii_tax_agency_spain_1_0" model="aeat.sii.tax.agency">
         <field name="name">Agencia Tributaria española (antiguo WDSL 1.0)</field>
        <field name="wsdl_out">https://www2.agenciatributaria.gob.es/static_files/common/internet/dep/aplicaciones/es/aeat/ssii/fact/ws/SuministroFactEmitidas.wsdl</field>
        <field name="wsdl_in">https://www2.agenciatributaria.gob.es/static_files/common/internet/dep/aplicaciones/es/aeat/ssii/fact/ws/SuministroFactRecibidas.wsdl</field>
        <field name="wsdl_pi">https://www2.agenciatributaria.gob.es/static_files/common/internet/dep/aplicaciones/es/aeat/ssii/fact/ws/SuministroBienesInversion.wsdl</field>
        <field name="wsdl_ic">https://www2.agenciatributaria.gob.es/static_files/common/internet/dep/aplicaciones/es/aeat/ssii/fact/ws/SuministroOpIntracomunitarias.wsdl</field>
        <field name="wsdl_pr">https://www2.agenciatributaria.gob.es/static_files/common/internet/dep/aplicaciones/es/aeat/ssii/fact/ws/SuministroCobrosEmitidas.wsdl</field>
        <field name="wsdl_ott">https://www2.agenciatributaria.gob.es/static_files/common/internet/dep/aplicaciones/es/aeat/ssii/fact/ws/SuministroOpTrascendTribu.wsdl</field>
        <field name="wsdl_ps">https://www2.agenciatributaria.gob.es/static_files/common/internet/dep/aplicaciones/es/aeat/ssii/fact/ws/SuministroPagosRecibidas.wsdl</field>
    </record>

    <record id="aeat_sii_tax_agency_gipuzkoa" model="aeat.sii.tax.agency">
        <field name="name">Hacienda Foral de Gipuzkoa (1.1)</field>
        <field name="wsdl_out">https://egoitza.gipuzkoa.eus/ogasuna/sii/ficheros/v1.1/SuministroFactEmitidas.wsdl</field>
        <field name="wsdl_out_test_address">https://sii-prep.egoitza.gipuzkoa.eus/JBS/HACI/SSII-FACT/ws/fe/SiiFactFEV1SOAP</field>
        <field name="wsdl_in">https://egoitza.gipuzkoa.eus/ogasuna/sii/ficheros/v1.1/SuministroFactRecibidas.wsdl</field>
        <field name="wsdl_in_test_address">https://sii-prep.egoitza.gipuzkoa.eus/JBS/HACI/SSII-FACT/ws/fr/SiiFactFRV1SOAP</field>
        <field name="wsdl_pi">https://egoitza.gipuzkoa.eus/ogasuna/sii/ficheros/v1.1/SuministroBienesInversion.wsdl</field>
        <field name="wsdl_pi_test_address">https://sii-prep.egoitza.gipuzkoa.eus/JBS/HACI/SSII-FACT/ws/bi/SiiFactBIV1SOAP</field>
        <field name="wsdl_ic">https://egoitza.gipuzkoa.eus/ogasuna/sii/ficheros/v1.1/SuministroOpIntracomunitarias.wsdl</field>
        <field name="wsdl_ic_test_address">https://sii-prep.egoitza.gipuzkoa.eus/JBS/HACI/SSII-FACT/ws/oi/SiiFactOIV1SOAP</field>
        <field name="wsdl_pr">https://egoitza.gipuzkoa.eus/ogasuna/sii/ficheros/v1.1/SuministroCobrosEmitidas.wsdl</field>
        <field name="wsdl_pr_test_address">https://sii-prep.egoitza.gipuzkoa.eus/JBS/HACI/SSII-FACT/ws/fe/SiiFactCOBV1SOAP</field>
        <field name="wsdl_ott">https://egoitza.gipuzkoa.eus/ogasuna/sii/ficheros/v1.1/SuministroOpTrascendTribu.wsdl</field>
        <field name="wsdl_ott_test_address">https://sii-prep.egoitza.gipuzkoa.eus/JBS/HACI/SSII-FACT/ws/pm/SiiFactCMV1SOAP</field>
        <field name="wsdl_ps">https://egoitza.gipuzkoa.eus/ogasuna/sii/ficheros/v1.1/SuministroPagosRecibidas.wsdl</field>
        <field name="wsdl_ps_test_address">https://sii-prep.egoitza.gipuzkoa.eus/JBS/HACI/SSII-FACT/ws/fr/SiiFactPAGV1SOAP</field>
    </record>

    <record id="aeat_sii_tax_agency_gipuzkoa_1_0" model="aeat.sii.tax.agency">
        <field name="name">Hacienda Foral de Gipuzkoa (antiguo WDSL 1.0)</field>
        <field name="wsdl_out">https://egoitza.gipuzkoa.eus/ogasuna/sii/ficheros/v1.0/SuministroFactEmitidas.wsdl</field>
        <field name="wsdl_out_test_address">https://prep9.gipuzkoa.eus/JBS/HACI/SSII-FACT/ws/fe/SiiFactFEV1SOAP</field>
        <field name="wsdl_in">https://egoitza.gipuzkoa.eus/ogasuna/sii/ficheros/v1.0/SuministroFactRecibidas.wsdl</field>
        <field name="wsdl_in_test_address">https://prep9.gipuzkoa.eus/JBS/HACI/SSII-FACT/ws/fr/SiiFactFRV1SOAP</field>
        <field name="wsdl_pi">https://egoitza.gipuzkoa.eus/ogasuna/sii/ficheros/v1.0/SuministroBienesInversion.wsdl</field>
        <field name="wsdl_pi_test_address">https://prep9.gipuzkoa.eus/JBS/HACI/SSII-FACT/ws/bi/SiiFactBIV1SOAP</field>
        <field name="wsdl_ic">https://egoitza.gipuzkoa.eus/ogasuna/sii/ficheros/v1.0/SuministroOpIntracomunitarias.wsdl</field>
        <field name="wsdl_ic_test_address">https://prep9.gipuzkoa.eus/JBS/HACI/SSII-FACT/ws/oi/SiiFactOIV1SOAP</field>
        <field name="wsdl_pr">https://egoitza.gipuzkoa.eus/ogasuna/sii/ficheros/v1.0/SuministroCobrosEmitidas.wsdl</field>
        <field name="wsdl_pr_test_address">https://prep9.gipuzkoa.eus/JBS/HACI/SSII-FACT/ws/fe/SiiFactCOBV1SOAP</field>
        <field name="wsdl_ott">https://egoitza.gipuzkoa.eus/ogasuna/sii/ficheros/v1.0/SuministroOpTrascendTribu.wsdl</field>
        <field name="wsdl_ott_test_address">https://prep9.gipuzkoa.eus/JBS/HACI/SSII-FACT/ws/pm/SiiFactCMV1SOAP</field>
        <field name="wsdl_ps">https://egoitza.gipuzkoa.eus/ogasuna/sii/ficheros/v1.0/SuministroPagosRecibidas.wsdl</field>
        <field name="wsdl_ps_test_address">https://prep9.gipuzkoa.eus/JBS/HACI/SSII-FACT/ws/fr/SiiFactPAGV1SOAP</field>
    </record>

</odoo>
